human_gene_id,gene_name,n_species,status,spearman_rho,spearman_p,spearman_permutations,spearman_extreme_count,spearman_mc_p_low,spearman_mc_p_high,spearman_asymptotic_p,spearman_q_bh_planned,spearman_q_by_planned,spearman_asymptotic_q_bh_planned,significant_bh_0_05,significant_by_0_05
ENSG00000100439,ABHD4,30,ok,-0.7741648874921184,1e-06,999999,0,0.0,3.6888763390760235e-06,5.19308619227445e-07,0.001518,0.01304823690386289,0.0010265012649090992,True,True
ENSG00000151790,TDO2,35,ok,0.7213310000186016,1e-06,999999,0,0.0,3.6888763390760235e-06,1.0143293131512838e-06,0.001518,0.01304823690386289,0.0010265012649090992,True,True
ENSG00000055813,CCDC85A,30,ok,0.7512238726258927,3e-06,999999,2,2.422096125257076e-07,7.22467601909869e-06,1.7228416643664e-06,0.003036,0.02609647380772578,0.0013076368232540975,True,True
ENSG00000108231,LGI1,32,ok,-0.7477543663681832,5e-06,999999,4,1.0898675043913803e-06,1.0241566955084692e-05,8.718010188803565e-07,0.003795,0.03262059225965722,0.0010265012649090992,True,True
ENSG00000154930,ACSS1,30,ok,0.7283044239053753,7e-06,999999,6,2.201899535967594e-06,1.3059440985450625e-05,5.057951766370877e-06,0.0042504,0.03653506333081609,0.003071188312540396,True,True
ENSG00000126775,ATG14,30,ok,-0.7109479481752744,1.9e-05,999999,18,1.0667985223664863e-05,2.8447640107195094e-05,1.0675888917821535e-05,0.009614000000000001,0.08263883372446497,0.005401999792417696,True,False
ENSG00000074803,SLC12A1,35,ok,-0.6464448352113871,4.1e-05,999999,40,2.857676395355361e-05,5.446830738622716e-05,2.726027153865504e-05,0.017782285714285716,0.1528507751595367,0.011823169198765244,True,False
ENSG00000133059,DSTYK,34,ok,-0.6407826352797309,5.8e-05,999999,57,4.317156345671516e-05,7.38495630555806e-05,4.456553551480512e-05,0.020914666666666668,0.17977570845322202,0.01387268107411263,True,False
ENSG00000106113,CRHR2,31,ok,-0.6727199354317998,6.2e-05,999999,61,4.6660524447528954e-05,7.835645024085945e-05,3.3846110408076596e-05,0.020914666666666668,0.17977570845322202,0.012844598899865068,True,False
ENSG00000085449,WDFY1,33,ok,0.6479297931800418,6.9e-05,999999,68,5.280508835646852e-05,8.620550460883535e-05,4.569394293185978e-05,0.0209484,0.18006566927330786,0.01387268107411263,True,False
ENSG00000151962,RBM46,30,ok,-0.6668892020911731,7.9e-05,999999,78,6.165629790402786e-05,9.734668566782426e-05,5.7119003329854994e-05,0.021803999999999997,0.18742013007366695,0.01576484491903998,True,False
ENSG00000152137,HSPB8,33,ok,-0.6287099762797145,0.00012,999999,119,9.858268894343869e-05,0.00014239971805012536,8.91527111335242e-05,0.029275714285714287,0.25164456886021286,0.0206654417989701,True,False
ENSG00000153162,BMP6,30,ok,-0.6518304257555564,0.000133,999999,132,0.0001104445540846302,0.00015653339459013041,9.52951861612587e-05,0.029275714285714287,0.25164456886021286,0.0206654417989701,True,False
ENSG00000140285,FGF7,36,ok,0.6046736241696686,0.000135,999999,134,0.00011227452877381181,0.0001587027909680712,9.383182407545776e-05,0.029275714285714287,0.25164456886021286,0.0206654417989701,True,False
ENSG00000148484,RSU1,34,ok,-0.6135791076822417,0.000157,999999,156,0.0001324821475726846,0.00018248905523833686,0.00011391104283067454,0.03017025,0.25933370846427495,0.023055595068928528,True,False
ENSG00000106799,TGFBR1,31,ok,-0.6344563760306683,0.000159,999999,158,0.00013432567620931776,0.00018464503331100472,0.00012655147443791626,0.03017025,0.25933370846427495,0.02401314227459461,True,False
ENSG00000152253,SPC25,32,ok,-0.6207718632386592,0.000203,999999,202,0.00017510502286846398,0.00023185671779538442,0.00015017717572576644,0.034514526315789475,0.29667570223519835,0.026474407699920932,True,False
ENSG00000090104,RGS1,32,ok,0.6176551704817019,0.000205,999999,204,0.0001769674421431342,0.00023399395942494847,0.00016568305214048013,0.034514526315789475,0.29667570223519835,0.026474407699920932,True,False
ENSG00000119969,HELLS,30,ok,-0.6362119009126075,0.000216,999999,215,0.00018722253332295155,0.0002457370860124231,0.00015748571475274022,0.034514526315789475,0.29667570223519835,0.026474407699920932,True,False
ENSG00000146197,SCUBE3,30,ok,-0.627309163100292,0.000294,999999,293,0.0002604121543309909,0.0003285377700127022,0.0002071815803810001,0.042089999999999995,0.361792023243471,0.03025905557029768,True,False
ENSG00000116745,RPE65,35,ok,-0.5860305507994683,0.000302,999999,301,0.0002679572892137796,0.00033699185214220546,0.00021644417774824824,0.042089999999999995,0.361792023243471,0.03025905557029768,True,False
ENSG00000104327,CALB1,34,ok,-0.5918538896530643,0.000305,999999,304,0.0002707882780877666,0.00034016057728548975,0.0002270056391476432,0.042089999999999995,0.361792023243471,0.03025905557029768,True,False
ENSG00000104419,NDRG1,31,ok,0.6153691004437272,0.000322,999999,321,0.0002868459339695656,0.000358101373786852,0.00022923526947195213,0.042504,0.3653506333081609,0.03025905557029768,True,False
ENSG00000005884,ITGA3,30,ok,-0.6159323694989549,0.000364,999999,363,0.0003266197626576203,0.00040232417647067305,0.00029063745882912606,0.04507292307692308,0.3874322649916212,0.03393751250020103,True,False
ENSG00000009790,TRAF3IP3,36,ok,-0.5693505930940143,0.00038,999999,379,0.0003418059040317466,0.0004191368937151935,0.000290122647845037,0.04507292307692308,0.3874322649916212,0.03393751250020103,True,False
ENSG00000138303,ASCC1,32,ok,-0.5976895596772125,0.000386,999999,385,0.00034750515524808025,0.00042543723185314234,0.0003035791529229959,0.04507292307692308,0.3874322649916212,0.03413578919534131,True,False
ENSG00000154928,EPHB1,30,ok,0.6160009244960504,0.000401,999999,400,0.0003617633957411694,0.0004411780029967161,0.00029005656225223025,0.04509022222222222,0.38758096284807547,0.03393751250020103,True,False
ENSG00000083782,EPYC,40,ok,-0.5345628754788172,0.000425,999999,424,0.00038460498120500443,0.00046633493969432257,0.0003804574170705107,0.046082142857142856,0.3961071917244091,0.038313746157561716,True,False
ENSG00000106952,TNFSF8,30,ok,-0.6130217066347932,0.000449,999999,448,0.0004074789654158311,0.00049145959001776,0.0003162698189506477,0.046349600000000005,0.39840616679794694,0.034292684654791655,True,False
ENSG00000119689,DLST,31,ok,-0.5995964161486838,0.000458,999999,457,0.0004160645265744798,0.0005008735427540237,0.0003641278589071174,0.046349600000000005,0.39840616679794694,0.03812041998765547,True,False
