species,ncbi_taxid,image_id,selection,sample_sorted_index,category,what_it_shows,confidence,file,width,height,format,bytes,source_url
Tachyglossus aculeatus,9261,7b609fd9-cddf-4ace-8c87-ecce37619f1e,contact_sheet_followup,,live_partial_distant,echidna spines just visible under a fallen branch in leaf litter,high,images/9261/7b609fd9-cddf-4ace-8c87-ecce37619f1e.jpg,650,366,JPEG,90824,https://images.ala.org.au/image/proxyImageThumbnailLarge?imageId=48505aba-7df2-46d2-9b90-3b296b360aed
Tachyglossus aculeatus,9261,a75fa66f-12e8-45fd-ab32-cc045688e21c,contact_sheet_followup,,live_clear,echidna curled up against the base of a metal fence post,high,images/9261/a75fa66f-12e8-45fd-ab32-cc045688e21c.jpg,488,650,JPEG,100825,https://images.ala.org.au/image/proxyImageThumbnailLarge?imageId=126e411a-41cb-4798-9804-74de34c82fdb
Tachyglossus aculeatus,9261,c1500d22-85ea-4617-b82f-00ef774e01f0,contact_sheet_followup,,live_partial_distant,"Buckeye IR camera trap, small spiny blob mid-distance behind overexposed nettles; echidna plausible",medium,images/9261/c1500d22-85ea-4617-b82f-00ef774e01f0.jpg,640,480,JPEG,43606,https://inaturalist-open-data.s3.amazonaws.com/photos/53026137/large.jpg
Tachyglossus aculeatus,9261,ce2a0172-76c5-4426-9092-235aadbd1a28,contact_sheet_followup,,live_clear,echidna walking on pebble mulch under garden plants,high,images/9261/ce2a0172-76c5-4426-9092-235aadbd1a28.jpg,1024,473,JPEG,316969,https://inaturalist-open-data.s3.amazonaws.com/photos/206500376/large.jpg
Tachyglossus aculeatus,9261,ce7c3e37-8146-4ace-808e-a50d3d3611e5,contact_sheet_followup,,unreadable,"heavily overexposed IR camera-trap frame (20Sec 2020/07/23), no animal discernible",low,images/9261/ce7c3e37-8146-4ace-808e-a50d3d3611e5.jpg,640,480,JPEG,83892,https://inaturalist-open-data.s3.amazonaws.com/photos/208912918/large.jpg
Tachyglossus aculeatus,9261,f0bd9e86-ec6e-4416-93b8-3d24ce9d61d5,contact_sheet_followup,,evidence_remains,"echidna lying on its back on asphalt, belly and claws up; roadkill",high,images/9261/f0bd9e86-ec6e-4416-93b8-3d24ce9d61d5.jpg,768,1024,JPEG,696690,https://inaturalist-open-data.s3.amazonaws.com/photos/362500937/large.jpeg
Tachyglossus aculeatus,9261,01315ce0-5504-424e-9421-5cbeeb2a0a27,deterministic_every_4th,0,live_clear,"echidna on a fallen log in scrub, whole animal visible",high,images/9261/01315ce0-5504-424e-9421-5cbeeb2a0a27.jpg,1024,768,JPEG,587830,https://inaturalist-open-data.s3.amazonaws.com/photos/329563909/large.jpg
Tachyglossus aculeatus,9261,166896f6-f14c-4668-bf00-51c36be87dfd,deterministic_every_4th,4,live_clear,"close-up of curled echidna in grass, spines fill frame, head tucked",high,images/9261/166896f6-f14c-4668-bf00-51c36be87dfd.jpg,768,1024,JPEG,437707,https://inaturalist-open-data.s3.amazonaws.com/photos/344340803/large.jpg
Tachyglossus aculeatus,9261,1fbf4ef5-e8fb-4072-beb1-aedec9aa7822,deterministic_every_4th,8,live_partial_distant,"echidna small in frame on sandy heath, shot from a vehicle",high,images/9261/1fbf4ef5-e8fb-4072-beb1-aedec9aa7822.jpg,488,650,JPEG,78409,https://images.ala.org.au/image/proxyImageThumbnailLarge?imageId=47059605-4dd3-40be-8feb-5a57831c248c
Tachyglossus aculeatus,9261,3ac15467-75a9-4f3f-a8a7-d078e8841636,deterministic_every_4th,12,live_clear,"excellent close-up of echidna with beak, eucalypt forest",high,images/9261/3ac15467-75a9-4f3f-a8a7-d078e8841636.jpg,1024,768,JPEG,460315,https://inaturalist-open-data.s3.amazonaws.com/photos/338769869/large.jpg
Tachyglossus aculeatus,9261,7990532a-1f97-4928-9133-1f50f7895eef,deterministic_every_4th,16,live_partial_distant,"echidna foraging on bare paddock, mid-distance",high,images/9261/7990532a-1f97-4928-9133-1f50f7895eef.jpg,1024,643,JPEG,237927,https://inaturalist-open-data.s3.amazonaws.com/photos/61991210/large.jpeg
Tachyglossus aculeatus,9261,852bdc63-0654-4672-aabf-421b154e3bc5,deterministic_every_4th,20,live_clear,"echidna walking through dry grass, slightly soft focus",high,images/9261/852bdc63-0654-4672-aabf-421b154e3bc5.jpg,1024,1024,JPEG,626043,https://inaturalist-open-data.s3.amazonaws.com/photos/162387252/large.jpeg
Tachyglossus aculeatus,9261,92af1f9b-3d64-4592-ac2d-0af7a2c45cc2,deterministic_every_4th,24,live_clear,echidna with sparse spines (Tasmanian-type hairy form) on an earth bank,high,images/9261/92af1f9b-3d64-4592-ac2d-0af7a2c45cc2.jpg,794,1024,JPEG,386790,https://inaturalist-open-data.s3.amazonaws.com/photos/240220262/large.jpg
Tachyglossus aculeatus,9261,a512f689-5ec5-41ae-97d3-4149ac258329,deterministic_every_4th,28,live_clear,echidna with beak visible walking through green grass,high,images/9261/a512f689-5ec5-41ae-97d3-4149ac258329.jpg,1024,1024,JPEG,510229,https://inaturalist-open-data.s3.amazonaws.com/photos/171543827/large.jpg
Tachyglossus aculeatus,9261,b7489ec4-6b8a-4d6f-bacc-bf7a26bdba31,deterministic_every_4th,32,evidence_remains,"echidna lying flat on dry straw, spines disordered with a bare patch of broken quills; appears dead (carcass)",medium-high,images/9261/b7489ec4-6b8a-4d6f-bacc-bf7a26bdba31.jpg,1024,768,JPEG,432609,https://inaturalist-open-data.s3.amazonaws.com/photos/149065585/large.jpeg
Tachyglossus aculeatus,9261,c4f1216b-d981-4f79-ab61-3f099968c041,deterministic_every_4th,36,live_clear,"echidna in grass, back view, beak visible at left",high,images/9261/c4f1216b-d981-4f79-ab61-3f099968c041.jpg,1024,1024,JPEG,1142281,https://inaturalist-open-data.s3.amazonaws.com/photos/353274539/large.jpeg
Tachyglossus aculeatus,9261,ceca8ddd-9ff3-4012-a11b-979c6c9e414b,deterministic_every_4th,40,live_clear,"echidna curled on gravel against a corrugated metal wall, flash photo",high,images/9261/ceca8ddd-9ff3-4012-a11b-979c6c9e414b.jpg,488,650,JPEG,89303,https://images.ala.org.au/image/proxyImageThumbnailLarge?imageId=c0cfd818-35b3-46cf-86a1-d3f8d3848ee0
Tachyglossus aculeatus,9261,e4523a63-8828-499e-a7f3-0d0f8086b1a2,deterministic_every_4th,44,live_partial_distant,echidna small in frame in dry sclerophyll leaf litter beside tree trunk,high,images/9261/e4523a63-8828-499e-a7f3-0d0f8086b1a2.jpg,488,650,JPEG,107194,https://images.ala.org.au/image/proxyImageThumbnailLarge?imageId=0503ed54-4b90-4365-ae12-6ff8796e527d
Dasypus novemcinctus,9361,110099ee-7916-49ec-841a-990b6c17c3d6,contact_sheet_followup,,evidence_remains,"dead armadillo on its back in grass, foggy phone photo",high,images/9361/110099ee-7916-49ec-841a-990b6c17c3d6.jpg,768,1024,JPEG,284059,https://inaturalist-open-data.s3.amazonaws.com/photos/21248864/large.jpg
Dasypus novemcinctus,9361,21fb55e3-8bc8-4baa-88e0-39b151d6de34,contact_sheet_followup,,unreadable,Reconyx IR night frame of roots and leaf litter; no animal discernible,low,images/9361/21fb55e3-8bc8-4baa-88e0-39b151d6de34.jpg,1024,576,JPEG,55552,https://inaturalist-open-data.s3.amazonaws.com/photos/104976048/large.jpeg
Dasypus novemcinctus,9361,51247408-dd4b-43c8-89c1-8b58045f6aaf,contact_sheet_followup,,unreadable,"Reconyx IR night frame, dark rounded furry shape behind wire fence; could be raccoon/opossum; armadillo not confirmable",low,images/9361/51247408-dd4b-43c8-89c1-8b58045f6aaf.jpg,1024,576,JPEG,86346,https://inaturalist-open-data.s3.amazonaws.com/photos/286741761/large.jpeg
Dasypus novemcinctus,9361,63af00a9-d375-4a60-9bcd-c826958589a1,contact_sheet_followup,,live_partial_distant,"Stealth Cam IR night, low animal with banded tail in grass; armadillo plausible",medium,images/9361/63af00a9-d375-4a60-9bcd-c826958589a1.jpg,1024,576,JPEG,80407,https://inaturalist-open-data.s3.amazonaws.com/photos/310420214/large.jpeg
Dasypus novemcinctus,9361,671d2a6f-24b2-48df-955a-65f73763e482,contact_sheet_followup,,live_partial_distant,"Reconyx IR night, banded armadillo carapace at left frame edge",high,images/9361/671d2a6f-24b2-48df-955a-65f73763e482.jpg,1024,576,JPEG,66410,https://inaturalist-open-data.s3.amazonaws.com/photos/359495509/large.jpeg
Dasypus novemcinctus,9361,8476f6ab-c05d-4b6b-a279-c7433d2686cb,contact_sheet_followup,,live_partial_distant,"Reconyx IR night, armadillo at right frame edge, bands clear",high,images/9361/8476f6ab-c05d-4b6b-a279-c7433d2686cb.jpg,1024,576,JPEG,62749,https://inaturalist-open-data.s3.amazonaws.com/photos/101893471/large.jpeg
Dasypus novemcinctus,9361,dbf3c68e-004e-4d24-8269-0d691d657d4a,contact_sheet_followup,,live_clear,"flash photo at night, armadillo on a rock among shrubs (purple cast)",high,images/9361/dbf3c68e-004e-4d24-8269-0d691d657d4a.jpg,1024,576,JPEG,372406,https://inaturalist-open-data.s3.amazonaws.com/photos/342744084/large.jpg
Dasypus novemcinctus,9361,f5054851-f45d-450a-a2fd-8e510f489783,contact_sheet_followup,,live_partial_distant,"Reconyx IR night, armadillo mid-frame among grass under a log",medium-high,images/9361/f5054851-f45d-450a-a2fd-8e510f489783.jpg,1024,576,JPEG,92371,https://inaturalist-open-data.s3.amazonaws.com/photos/54465855/large.jpeg
Dasypus novemcinctus,9361,02e2fc0a-1c95-4602-9149-4d37c89a2b3b,deterministic_every_4th,0,live_clear,"armadillo foraging in sunlit woodland leaf litter, whole animal",high,images/9361/02e2fc0a-1c95-4602-9149-4d37c89a2b3b.jpg,768,1024,JPEG,616706,https://inaturalist-open-data.s3.amazonaws.com/photos/99414040/large.jpeg
Dasypus novemcinctus,9361,1a5e0936-1abb-49b7-adac-c7a0101cf8de,deterministic_every_4th,4,live_clear,"flash photo at night, armadillo from above on grass, banded tail visible",high,images/9361/1a5e0936-1abb-49b7-adac-c7a0101cf8de.jpg,768,1024,JPEG,549298,https://inaturalist-open-data.s3.amazonaws.com/photos/335611007/large.jpg
Dasypus novemcinctus,9361,35bf63a0-6573-417a-9da3-566b26e399f3,deterministic_every_4th,8,live_clear,"sharp photo, armadillo rearing up on hind legs on a lawn",high,images/9361/35bf63a0-6573-417a-9da3-566b26e399f3.jpg,1024,683,JPEG,593752,https://inaturalist-open-data.s3.amazonaws.com/photos/280322916/large.jpg
Dasypus novemcinctus,9361,53e8282f-04a2-4047-a80c-2a195b6d6c7a,deterministic_every_4th,12,unreadable,very dark blurry night photo; after 4x brightening only a vague pale shape in grass; animal not identifiable,low,images/9361/53e8282f-04a2-4047-a80c-2a195b6d6c7a.jpg,768,1024,JPEG,134708,https://inaturalist-open-data.s3.amazonaws.com/photos/177617941/large.jpg
Dasypus novemcinctus,9361,670db5d5-5a26-41df-b173-c07262b8fa88,deterministic_every_4th,16,live_partial_distant,"Reconyx camera trap frame, armadillo carapace fills right half of frame next to rusted metal (verified with crop)",medium-high,images/9361/670db5d5-5a26-41df-b173-c07262b8fa88.jpg,1024,576,JPEG,135801,https://inaturalist-open-data.s3.amazonaws.com/photos/114995561/large.jpeg
Dasypus novemcinctus,9361,74ac1e26-8860-4b53-95c0-b353b6883c18,deterministic_every_4th,20,live_partial_distant,armadillo mid-distance among oak leaf litter and fallen branches,high,images/9361/74ac1e26-8860-4b53-95c0-b353b6883c18.jpg,768,1024,JPEG,529190,https://inaturalist-open-data.s3.amazonaws.com/photos/105346186/large.jpg
Dasypus novemcinctus,9361,8aa5c8bb-7c79-4c5f-aa3d-5f0ae3561fc4,deterministic_every_4th,24,live_clear,armadillo side view with long tail in leaf litter,high,images/9361/8aa5c8bb-7c79-4c5f-aa3d-5f0ae3561fc4.jpg,1024,768,JPEG,748117,https://inaturalist-open-data.s3.amazonaws.com/photos/358144550/large.jpeg
Dasypus novemcinctus,9361,a4bf779e-6f10-446c-b512-0664cc6dae4a,deterministic_every_4th,28,live_clear,"armadillo digging, photographed through binocular/scope eyepiece (circular vignette)",high,images/9361/a4bf779e-6f10-446c-b512-0664cc6dae4a.jpg,768,1024,JPEG,337818,https://inaturalist-open-data.s3.amazonaws.com/photos/10979874/large.jpg
Dasypus novemcinctus,9361,bdd93202-6a9f-426f-9bb3-e56683945a7b,deterministic_every_4th,32,live_clear,"armadillo close-up through grass blades, carapace and ear visible",high,images/9361/bdd93202-6a9f-426f-9bb3-e56683945a7b.jpg,768,1024,JPEG,675136,https://inaturalist-open-data.s3.amazonaws.com/photos/55589825/large.jpeg
Dasypus novemcinctus,9361,c5d63d15-7bb7-4070-96e0-0f0ea255a595,deterministic_every_4th,36,live_partial_distant,very dark PNG; after 4x brightening shows a small armadillo on a lawn at night beside a car park,medium,images/9361/c5d63d15-7bb7-4070-96e0-0f0ea255a595.png,473,1024,PNG,2080034,https://inaturalist-open-data.s3.amazonaws.com/photos/98670531/large.png
Dasypus novemcinctus,9361,d9aed955-f69c-4039-ad32-e5f15703427f,deterministic_every_4th,40,live_clear,excellent close-up of nine-banded armadillo head and bands,high,images/9361/d9aed955-f69c-4039-ad32-e5f15703427f.jpg,768,1024,JPEG,478371,https://inaturalist-open-data.s3.amazonaws.com/photos/175519702/large.jpg
Dasypus novemcinctus,9361,e4f69153-1266-4395-9329-b506b0111fc8,deterministic_every_4th,44,live_partial_distant,armadillo partly hidden in grass under a fallen log,high,images/9361/e4f69153-1266-4395-9329-b506b0111fc8.jpg,768,1024,JPEG,448861,https://inaturalist-open-data.s3.amazonaws.com/photos/115999010/large.jpg
Vulpes vulpes,9627,44e3ff53-8fa2-441f-bb72-f0e233a552f4,contact_sheet_followup,,live_clear,"hazy foggy field, red fox clearly visible; not blank",high,images/9627/44e3ff53-8fa2-441f-bb72-f0e233a552f4.jpg,1024,768,JPEG,433727,https://inaturalist-open-data.s3.amazonaws.com/photos/59190048/large.jpeg
Vulpes vulpes,9627,673285d8-1f42-4f5c-b416-17fcf927a6a0,contact_sheet_followup,,live_clear,"IR camera trap, fox-sized animal with long bushy tail walking through grass, head low",medium,images/9627/673285d8-1f42-4f5c-b416-17fcf927a6a0.jpg,1024,629,JPEG,137888,https://inaturalist-open-data.s3.amazonaws.com/photos/329826546/large.jpeg
Vulpes vulpes,9627,04aed8f1-dfe4-49db-8752-e1113bca2ddb,deterministic_every_4th,0,live_clear,"red fox standing on wet asphalt, daytime, whole animal",high,images/9627/04aed8f1-dfe4-49db-8752-e1113bca2ddb.jpg,1024,768,JPEG,138355,https://inaturalist-open-data.s3.amazonaws.com/photos/159235427/large.jpeg
Vulpes vulpes,9627,0d67334e-9344-4931-8dcb-43a46fa0c993,deterministic_every_4th,4,live_clear,"vixen sitting at den with several kits, behind barbed wire",high,images/9627/0d67334e-9344-4931-8dcb-43a46fa0c993.jpg,1024,768,JPEG,472715,https://inaturalist-open-data.s3.amazonaws.com/photos/253603760/large.jpeg
Vulpes vulpes,9627,1e241cee-25e5-4d28-9640-29b51abe1285,deterministic_every_4th,8,live_clear,red fox walking across a garden lawn beside a trampoline,high,images/9627/1e241cee-25e5-4d28-9640-29b51abe1285.jpg,1024,683,JPEG,311268,https://inaturalist-open-data.s3.amazonaws.com/photos/99975127/large.jpg
Vulpes vulpes,9627,3b98ee81-95fd-4a26-a085-df353c011720,deterministic_every_4th,12,live_clear,"IR camera trap at night, fox in grass with eyeshine, bushy tail visible",medium-high,images/9627/3b98ee81-95fd-4a26-a085-df353c011720.jpg,1024,576,JPEG,71558,https://inaturalist-open-data.s3.amazonaws.com/photos/128404524/large.jpeg
Vulpes vulpes,9627,4899d8bd-083f-44a2-af77-d18061a90be1,deterministic_every_4th,16,live_clear,"IR camera trap at night, fox walking over leaf litter",high,images/9627/4899d8bd-083f-44a2-af77-d18061a90be1.jpg,1024,579,JPEG,117029,https://inaturalist-open-data.s3.amazonaws.com/photos/186120471/large.jpeg
Vulpes vulpes,9627,610bac62-153c-4536-a439-dc791d5aa6a7,deterministic_every_4th,20,evidence_tracks,canid footprints in snow with ruler; no animal,high,images/9627/610bac62-153c-4536-a439-dc791d5aa6a7.jpg,1024,768,JPEG,420809,https://inaturalist-open-data.s3.amazonaws.com/photos/6139634/large.jpeg
Vulpes vulpes,9627,7696238b-b428-475d-8592-0d13d8106851,deterministic_every_4th,24,live_partial_distant,red fox small in frame at woodland edge near a bench,high,images/9627/7696238b-b428-475d-8592-0d13d8106851.jpg,768,1024,JPEG,559165,https://inaturalist-open-data.s3.amazonaws.com/photos/266208758/large.jpg
Vulpes vulpes,9627,85f3fe6d-87ef-4ed0-862c-26b7e5a5ae65,deterministic_every_4th,28,live_partial_distant,distant blurry red fox walking through tall grass,high,images/9627/85f3fe6d-87ef-4ed0-862c-26b7e5a5ae65.jpg,800,433,JPEG,62718,https://observation.org/photos/11495806.jpg
Vulpes vulpes,9627,a6507ac9-3314-4959-a606-55c24513ee81,deterministic_every_4th,32,live_clear,"IR camera trap at night, motion-blurred fox walking past a parked car",medium-high,images/9627/a6507ac9-3314-4959-a606-55c24513ee81.jpg,1024,576,JPEG,177087,https://inaturalist-open-data.s3.amazonaws.com/photos/234794656/large.jpeg
Vulpes vulpes,9627,b6963c73-1e22-4409-8c5f-934e01a1e96c,deterministic_every_4th,36,live_clear,"IR camera trap at night, fox with bushy tail among shrubs",high,images/9627/b6963c73-1e22-4409-8c5f-934e01a1e96c.jpg,1024,576,JPEG,147505,https://inaturalist-open-data.s3.amazonaws.com/photos/172865778/large.jpg
Vulpes vulpes,9627,cd5db2b4-f36f-4ae3-b3d7-d146cb353442,deterministic_every_4th,40,live_partial_distant,two red foxes small in frame on a meadow,high,images/9627/cd5db2b4-f36f-4ae3-b3d7-d146cb353442.jpg,1024,682,JPEG,335280,https://inaturalist-open-data.s3.amazonaws.com/photos/13583389/large.jpg
Vulpes vulpes,9627,d5b1a1a2-7449-4f5a-b975-62c6e52903e4,deterministic_every_4th,44,live_clear,red fox face close-up looking over dry grass,high,images/9627/d5b1a1a2-7449-4f5a-b975-62c6e52903e4.jpg,572,800,JPEG,861399,https://observation.org/photos/29984160.jpg
Odocoileus virginianus,9874,52e25f38-4ce5-4aaa-b7c1-8f0a95b908b8,contact_sheet_followup,,live_partial_distant,"dusk field, deer standing mid-frame; not blank",high,images/9874/52e25f38-4ce5-4aaa-b7c1-8f0a95b908b8.jpg,1024,768,JPEG,170507,https://inaturalist-open-data.s3.amazonaws.com/photos/102430192/large.jpeg
Odocoileus virginianus,9874,56789323-0397-48fd-875e-213a4b33c646,contact_sheet_followup,,evidence_remains,deer skull with upper jaw in leaf litter; no animal,high,images/9874/56789323-0397-48fd-875e-213a4b33c646.jpg,768,1024,JPEG,449131,https://inaturalist-open-data.s3.amazonaws.com/photos/67179851/large.jpg
Odocoileus virginianus,9874,76d73e49-c4f6-4a65-b21a-5fa763cd1198,contact_sheet_followup,,evidence_remains,macro of a single tooth on rotten wood; species not verifiable from image,high,images/9874/76d73e49-c4f6-4a65-b21a-5fa763cd1198.jpg,1024,683,JPEG,181224,https://inaturalist-open-data.s3.amazonaws.com/photos/156721292/large.jpg
Odocoileus virginianus,9874,8ec96248-04a0-4fd6-9fad-c701e3e385e7,contact_sheet_followup,,live_clear,three white-tailed deer grazing on a lawn by a brick building (urban),high,images/9874/8ec96248-04a0-4fd6-9fad-c701e3e385e7.jpg,768,1024,JPEG,427354,https://inaturalist-open-data.s3.amazonaws.com/photos/349796203/large.jpg
Odocoileus virginianus,9874,e7810b1e-11f0-4938-8c82-622aa874041b,contact_sheet_followup,,live_partial_distant,single deer far in woodland beside a paved path,high,images/9874/e7810b1e-11f0-4938-8c82-622aa874041b.jpg,768,1024,JPEG,526471,https://inaturalist-open-data.s3.amazonaws.com/photos/27444137/large.jpg
Odocoileus virginianus,9874,0669e739-3669-4117-94ec-11523b4f96db,deterministic_every_4th,0,live_clear,young white-tailed deer standing by tree trunk,high,images/9874/0669e739-3669-4117-94ec-11523b4f96db.jpg,1024,1024,JPEG,377196,https://inaturalist-open-data.s3.amazonaws.com/photos/240299107/large.jpeg
Odocoileus virginianus,9874,14bd8214-89c4-412b-b514-119720137b0f,deterministic_every_4th,4,live_clear,"IR camera trap, antlered buck head and shoulders entering frame",high,images/9874/14bd8214-89c4-412b-b514-119720137b0f.jpg,1024,768,JPEG,373571,https://inaturalist-open-data.s3.amazonaws.com/photos/360778709/large.jpg
Odocoileus virginianus,9874,3a059257-78d9-419f-ab56-37b9db6cb547,deterministic_every_4th,8,evidence_tracks,deer hoof prints in snow with ruler and boot; no animal,high,images/9874/3a059257-78d9-419f-ab56-37b9db6cb547.jpg,768,1024,JPEG,167156,https://inaturalist-open-data.s3.amazonaws.com/photos/252448093/large.jpg
Odocoileus virginianus,9874,5609fe03-a25b-48f9-a0ff-fee1eeed5007,deterministic_every_4th,12,evidence_tracks,single hoof print in mud with oak leaves; no animal,high,images/9874/5609fe03-a25b-48f9-a0ff-fee1eeed5007.jpg,1024,683,JPEG,592100,https://inaturalist-open-data.s3.amazonaws.com/photos/28012550/large.jpg
Odocoileus virginianus,9874,6e9ee10a-805f-412b-ba5d-f2a26b9bbb27,deterministic_every_4th,16,live_clear,"IR camera trap, deer close to lens, side view with antler base",high,images/9874/6e9ee10a-805f-412b-ba5d-f2a26b9bbb27.jpg,1024,576,JPEG,44136,https://inaturalist-open-data.s3.amazonaws.com/photos/59134402/large.jpeg
Odocoileus virginianus,9874,77bf37be-5fe5-4b00-b811-26607741100c,deterministic_every_4th,20,live_clear,"white-tailed doe standing beside tree, sharp daylight photo",high,images/9874/77bf37be-5fe5-4b00-b811-26607741100c.jpg,1024,819,JPEG,975507,https://inaturalist-open-data.s3.amazonaws.com/photos/328552796/large.jpg
Odocoileus virginianus,9874,888cd4c8-269f-4cc2-bcf5-cae0546a4cd6,deterministic_every_4th,24,live_clear,buck in velvet under pine tree,high,images/9874/888cd4c8-269f-4cc2-bcf5-cae0546a4cd6.jpg,1024,683,JPEG,636161,https://inaturalist-open-data.s3.amazonaws.com/photos/320050166/large.jpeg
Odocoileus virginianus,9874,8f8b9fce-3619-4c4d-ad86-6d59aafb6927,deterministic_every_4th,28,live_partial_distant,"daytime camera trap, deer small in frame on gravel road",high,images/9874/8f8b9fce-3619-4c4d-ad86-6d59aafb6927.jpg,1024,576,JPEG,263190,https://inaturalist-open-data.s3.amazonaws.com/photos/165247202/large.jpeg
Odocoileus virginianus,9874,a6f048a7-35f5-449d-a1cf-24770d2b2989,deterministic_every_4th,32,live_clear,two white-tailed deer by prickly pear and oak scrub,high,images/9874/a6f048a7-35f5-449d-a1cf-24770d2b2989.jpg,1024,940,JPEG,428980,https://inaturalist-open-data.s3.amazonaws.com/photos/327226830/large.jpeg
Odocoileus virginianus,9874,b7887c11-0549-4824-a2bf-5ba8850d7767,deterministic_every_4th,36,live_clear,doe and spotted fawn in tall grass,high,images/9874/b7887c11-0549-4824-a2bf-5ba8850d7767.jpg,1024,576,JPEG,596872,https://inaturalist-open-data.s3.amazonaws.com/photos/205127527/large.jpeg
Odocoileus virginianus,9874,cbc42a26-ff75-480c-9cd9-16d8bd5f2a58,deterministic_every_4th,40,live_partial_distant,"deer leaping across sandy track in pine flatwoods, small in frame",high,images/9874/cbc42a26-ff75-480c-9cd9-16d8bd5f2a58.jpg,1024,683,JPEG,326937,https://inaturalist-open-data.s3.amazonaws.com/photos/5361117/large.jpg
Odocoileus virginianus,9874,e28e0ce8-8d63-4c55-978d-a6cc34f338a9,deterministic_every_4th,44,live_partial_distant,blurry phone photo of three deer at woodland edge,medium-high,images/9874/e28e0ce8-8d63-4c55-978d-a6cc34f338a9.jpg,768,1024,JPEG,109476,https://inaturalist-open-data.s3.amazonaws.com/photos/246579700/large.jpg
Castor canadensis,51338,1b38fd3c-4ed1-4ef8-9fdc-ae7931fd2f17,contact_sheet_followup,,unreadable,"muddy pond, indistinct brown shape among floating vegetation; animal not identifiable",low,images/51338/1b38fd3c-4ed1-4ef8-9fdc-ae7931fd2f17.jpg,1024,768,JPEG,262512,https://inaturalist-open-data.s3.amazonaws.com/photos/196126117/large.jpeg
Castor canadensis,51338,1e24991f-f989-47fd-b54b-4ff2b4772d12,contact_sheet_followup,,live_partial_distant,small animal swimming in marsh channel pushing a stick; beaver vs muskrat not resolvable,medium-low,images/51338/1e24991f-f989-47fd-b54b-4ff2b4772d12.jpg,1024,683,JPEG,427239,https://inaturalist-open-data.s3.amazonaws.com/photos/198215568/large.jpeg
Castor canadensis,51338,549358aa-d8f5-4be0-8dde-a5e3948d8a65,contact_sheet_followup,,live_clear,"dark beaver in icy river holding a stick, snow bank in foreground",high,images/51338/549358aa-d8f5-4be0-8dde-a5e3948d8a65.jpg,768,1024,JPEG,712314,https://inaturalist-open-data.s3.amazonaws.com/photos/183031349/large.jpeg
Castor canadensis,51338,82afc248-0fd0-4080-8f7d-3116009f36fb,contact_sheet_followup,,live_partial_distant,head and back of a swimming animal with wake near lily pads; broad beaver-like head,medium,images/51338/82afc248-0fd0-4080-8f7d-3116009f36fb.jpg,1024,731,JPEG,143447,https://inaturalist-open-data.s3.amazonaws.com/photos/53763482/large.jpg
Castor canadensis,51338,90daaa63-f6f2-4715-acaf-c6d2b9518781,contact_sheet_followup,,live_clear,"two beavers swimming close, orange incisors and small ears visible",high,images/51338/90daaa63-f6f2-4715-acaf-c6d2b9518781.jpg,1024,768,JPEG,190016,https://inaturalist-open-data.s3.amazonaws.com/photos/139550632/large.jpg
Castor canadensis,51338,f5facd1d-94fa-4521-ab24-f4314bdb3e5c,contact_sheet_followup,,live_clear,"Reconyx IR night, beaver at water edge beside pile of cut sticks",high,images/51338/f5facd1d-94fa-4521-ab24-f4314bdb3e5c.jpg,1024,576,JPEG,140123,https://inaturalist-open-data.s3.amazonaws.com/photos/265141380/large.jpeg
Castor canadensis,51338,00102fec-977c-4d00-8b88-f5554509b150,deterministic_every_4th,0,evidence_sign,beaver-felled birch logs with chew marks in undergrowth; no animal,high,images/51338/00102fec-977c-4d00-8b88-f5554509b150.jpg,806,1024,JPEG,654522,https://inaturalist-open-data.s3.amazonaws.com/photos/52609569/large.jpg
Castor canadensis,51338,1c41ca97-3c8c-4f06-83c9-fda0718d1e32,deterministic_every_4th,4,evidence_sign,beaver-gnawed pointed stump beside muddy water; no animal,high,images/51338/1c41ca97-3c8c-4f06-83c9-fda0718d1e32.jpg,836,1024,JPEG,179562,https://inaturalist-open-data.s3.amazonaws.com/photos/72611792/large.jpg
Castor canadensis,51338,4b272145-61f4-4ae2-8ebd-dc5061067ca0,deterministic_every_4th,8,evidence_remains,"decomposed carcass on sand, rodent skull with orange incisors (beaver or possibly nutria)",medium-high,images/51338/4b272145-61f4-4ae2-8ebd-dc5061067ca0.jpg,768,1024,JPEG,725664,https://inaturalist-open-data.s3.amazonaws.com/photos/340023676/large.jpeg
Castor canadensis,51338,540ff38f-fdcc-42e8-b09d-caf20c9e2c08,deterministic_every_4th,12,evidence_sign,beaver lodge in pond among cattails; no animal,high,images/51338/540ff38f-fdcc-42e8-b09d-caf20c9e2c08.jpg,1024,768,JPEG,484320,https://inaturalist-open-data.s3.amazonaws.com/photos/319164085/large.jpeg
Castor canadensis,51338,69789c84-95fc-4837-a5b8-cb3e45d17356,deterministic_every_4th,16,evidence_sign,beaver-chewed log and wood chips on ground; no animal,high,images/51338/69789c84-95fc-4837-a5b8-cb3e45d17356.jpg,1024,768,JPEG,398891,https://inaturalist-open-data.s3.amazonaws.com/photos/67805667/large.jpeg
Castor canadensis,51338,79aeafe5-77a8-43ff-9ebe-b9fc29fb225d,deterministic_every_4th,20,wrong_species_suspected,"small brown rodent swimming (crop checked): small head, wet spiky fur, V-wake, thin rope-like tail in full frame; muskrat suspected rather than beaver",medium,images/51338/79aeafe5-77a8-43ff-9ebe-b9fc29fb225d.jpg,1024,683,JPEG,305572,https://inaturalist-open-data.s3.amazonaws.com/photos/363469528/large.jpeg
Castor canadensis,51338,85151152-6356-4e69-a1a7-975d69c3272b,deterministic_every_4th,24,evidence_sign,beaver dam across a creek; no animal,high,images/51338/85151152-6356-4e69-a1a7-975d69c3272b.jpg,768,1024,JPEG,427503,https://inaturalist-open-data.s3.amazonaws.com/photos/215120949/large.jpeg
Castor canadensis,51338,9f73636f-02a9-4b83-b2f2-cbf9ada12e07,deterministic_every_4th,28,live_partial_distant,"IR camera trap at night, two small animals swimming in pond with eyeshine; beaver plausible but not verifiable",medium,images/51338/9f73636f-02a9-4b83-b2f2-cbf9ada12e07.jpg,1024,768,JPEG,375334,https://inaturalist-open-data.s3.amazonaws.com/photos/59584435/large.jpeg
Castor canadensis,51338,c51fac2e-6eab-43f7-aa7b-41e612cb9241,deterministic_every_4th,32,evidence_sign,"stick dam in foreground, flooded woodland behind; no animal",high,images/51338/c51fac2e-6eab-43f7-aa7b-41e612cb9241.jpg,576,1024,JPEG,583179,https://inaturalist-open-data.s3.amazonaws.com/photos/12287437/large.jpeg
Castor canadensis,51338,d3a07801-760e-474f-9d28-ac244912dcf0,deterministic_every_4th,36,live_partial_distant,"distant dark-brown furry animal on a lawn near shrubs; beaver plausible, could be woodchuck",medium,images/51338/d3a07801-760e-474f-9d28-ac244912dcf0.jpg,1024,576,JPEG,526292,https://inaturalist-open-data.s3.amazonaws.com/photos/72595435/large.jpeg
Castor canadensis,51338,e72bdde8-b757-4367-a55e-75cccb324d12,deterministic_every_4th,40,evidence_sign,beaver-cut stumps and wood chips on river bank; no animal,high,images/51338/e72bdde8-b757-4367-a55e-75cccb324d12.jpg,1024,768,JPEG,854039,https://inaturalist-open-data.s3.amazonaws.com/photos/259294831/large.jpeg
Castor canadensis,51338,f6e97c94-148c-43c6-b955-b676eb6203a1,deterministic_every_4th,44,evidence_sign,"girdled trunks and felled trees with beaver tooth marks, discarded tyre; no animal",high,images/51338/f6e97c94-148c-43c6-b955-b676eb6203a1.jpg,1024,768,JPEG,527564,https://inaturalist-open-data.s3.amazonaws.com/photos/263392590/large.jpg
