ncbi_taxid,pred,n_genes,name,cls,order,family,split,y,yrs,base_train_mean,base_class_mean,base_order_mean
7788,1.2576,443,Torpedo marmorata,Chondrichthyes,Torpediniformes,Torpedinidae,val,1.3010,20.0000,1.2340,1.2785,1.2785
7918,1.2937,451,Lepisosteus oculatus,Actinopteri,Semionotiformes,Lepisosteidae,val,1.2553,18.0000,1.2340,1.1903,1.1903
8010,0.9793,444,Esox lucius,Actinopteri,Esociformes,Esocidae,val,1.4771,30.0000,1.2340,1.1903,0.9031
8014,1.0048,445,Osmerus mordax,Actinopteri,Osmeriformes,Osmeridae,val,0.8451,7.0000,1.2340,1.1903,1.1903
8167,1.3241,436,Perca flavescens,Actinopteri,Perciformes,Percidae,val,1.0792,12.0000,1.2340,1.1903,1.5191
8168,1.3379,433,Perca fluviatilis,Actinopteri,Perciformes,Percidae,val,1.3424,22.0000,1.2340,1.1903,1.5191
8260,1.2067,434,Platichthys flesus,Actinopteri,Pleuronectiformes,Pleuronectidae,val,1.1761,15.0000,1.2340,1.1903,1.1276
8262,1.2070,434,Pleuronectes platessa,Actinopteri,Pleuronectiformes,Pleuronectidae,val,1.6990,50.0000,1.2340,1.1903,1.1276
8265,1.2156,436,Pseudopleuronectes americanus,Actinopteri,Pleuronectiformes,Pleuronectidae,val,1.1461,14.0000,1.2340,1.1903,1.1276
8267,1.2341,440,Hippoglossus hippoglossus,Actinopteri,Pleuronectiformes,Pleuronectidae,val,1.9542,90.0000,1.2340,1.1903,1.1276
8284,1.1054,444,Squalius cephalus,Actinopteri,Cypriniformes,Leuciscidae,val,1.3424,22.0000,1.2340,1.1903,1.0632
8475,1.6790,483,Chelydra serpentina,NA,Testudines,Chelydridae,val,1.6721,47.0000,1.2340,1.6986,1.6930
8517,1.0276,474,Iguana iguana,Lepidosauria,Squamata,Iguanidae,val,1.2967,19.8000,1.2340,1.1819,1.1819
8574,1.2699,414,Boa constrictor,Lepidosauria,Squamata,Boidae,val,1.6064,40.4000,1.2340,1.1819,1.1819
8801,1.3788,477,Struthio camelus,Aves,Struthioniformes,Struthionidae,val,1.6990,50.0000,1.2340,1.1979,1.1979
8915,1.3706,419,Larus fuscus,Aves,Charadriiformes,Laridae,val,1.5428,34.9000,1.2340,1.1979,1.2129
8924,1.3994,470,Vultur gryphus,Aves,Accipitriformes,Cathartidae,val,1.8976,79.0000,1.2340,1.1979,1.3700
9121,1.2119,447,Fulica atra,Aves,Gruiformes,Rallidae,val,1.3139,20.6000,1.2340,1.1979,1.5176
9123,1.2078,463,Gallinula chloropus,Aves,Gruiformes,Rallidae,val,1.2695,18.6000,1.2340,1.1979,1.5176
9125,1.2156,444,Gallirallus australis,Aves,Gruiformes,Rallidae,val,1.1399,13.8000,1.2340,1.1979,1.5176
9182,1.0604,472,Phylloscopus trochilus,Aves,Passeriformes,Phylloscopidae,val,1.0719,11.8000,1.2340,1.1979,1.0493
9463,1.3028,450,Otolemur crassicaudatus,Mammalia,Primates,Galagidae,val,1.3560,22.7000,1.2340,1.2907,1.5228
9465,1.3016,448,Galago senegalensis,Mammalia,Primates,Galagidae,val,1.2330,17.1000,1.2340,1.2907,1.5228
9468,1.3007,527,Loris tardigradus,Mammalia,Primates,Lorisidae,val,1.3345,21.6000,1.2340,1.2907,1.5228
9470,1.3078,529,Nycticebus coucang,Mammalia,Primates,Lorisidae,val,1.4116,25.8000,1.2340,1.2907,1.5228
9472,1.3091,467,Perodicticus potto,Mammalia,Primates,Lorisidae,val,1.5105,32.4000,1.2340,1.2907,1.5228
9482,1.4776,450,Mico argentatus,Mammalia,Primates,Cebidae,val,1.2175,16.5000,1.2340,1.2907,1.5228
9483,1.4904,532,Callithrix jacchus,Mammalia,Primates,Cebidae,val,1.3579,22.8000,1.2340,1.2907,1.5228
9487,1.4724,445,Leontocebus fuscicollis,Mammalia,Primates,Cebidae,val,1.3962,24.9000,1.2340,1.2907,1.5228
9488,1.4785,466,Saguinus mystax,Mammalia,Primates,Cebidae,val,1.3010,20.0000,1.2340,1.2907,1.5228
9489,1.4747,449,Leontocebus nigricollis,Mammalia,Primates,Cebidae,val,1.3054,20.2000,1.2340,1.2907,1.5228
9490,1.4850,530,Saguinus oedipus,Mammalia,Primates,Cebidae,val,1.4183,26.2000,1.2340,1.2907,1.5228
9491,1.4851,506,Saguinus imperator,Mammalia,Primates,Cebidae,val,1.3747,23.7000,1.2340,1.2907,1.5228
9493,1.4796,469,Cebuella pygmaea,Mammalia,Primates,Cebidae,val,1.2695,18.6000,1.2340,1.2907,1.5228
9495,1.4798,444,Callimico goeldii,Mammalia,Primates,Cebidae,val,1.3464,22.2000,1.2340,1.2907,1.5228
9514,1.4921,532,Cebus albifrons,Mammalia,Primates,Cebidae,val,1.6064,40.4000,1.2340,1.2907,1.5228
9515,1.4903,531,Sapajus apella,Mammalia,Primates,Cebidae,val,1.6628,46.0000,1.2340,1.2907,1.5228
9521,1.4616,431,Saimiri sciureus,Mammalia,Primates,Cebidae,val,1.4800,30.2000,1.2340,1.2907,1.5228
9897,1.3745,513,Aepyceros melampus,Mammalia,Artiodactyla,Bovidae,val,1.4082,25.6000,1.2340,1.2907,1.5193
9899,1.3743,524,Ammotragus lervia,Mammalia,Artiodactyla,Bovidae,val,1.3365,21.7000,1.2340,1.2907,1.5193
9901,1.3836,513,Bison bison,Mammalia,Artiodactyla,Bovidae,val,1.5250,33.5000,1.2340,1.2907,1.5193
9902,1.3815,528,Bison bonasus,Mammalia,Artiodactyla,Bovidae,val,1.4216,26.4000,1.2340,1.2907,1.5193
9906,1.3820,528,Bos javanicus,Mammalia,Artiodactyla,Bovidae,val,1.4330,27.1000,1.2340,1.2907,1.5193
9913,1.3823,528,Bos taurus,Mammalia,Artiodactyla,Bovidae,val,1.3010,20.0000,1.2340,1.2907,1.5193
9925,1.3724,527,Capra hircus,Mammalia,Artiodactyla,Bovidae,val,1.3181,20.8000,1.2340,1.2907,1.5193
9927,1.3730,523,Connochaetes taurinus,Mammalia,Artiodactyla,Bovidae,val,1.3856,24.3000,1.2340,1.2907,1.5193
9929,1.3780,526,Damaliscus lunatus,Mammalia,Artiodactyla,Bovidae,val,1.5441,35.0000,1.2340,1.2907,1.5193
9940,1.3724,527,Ovis aries,Mammalia,Artiodactyla,Bovidae,val,1.3579,22.8000,1.2340,1.2907,1.5193
9945,1.3226,220,Tragelaphus oryx,Mammalia,Artiodactyla,Bovidae,val,1.4166,26.1000,1.2340,1.2907,1.5193
9946,1.3751,515,Tragelaphus strepsiceros,Mammalia,Artiodactyla,Bovidae,val,1.3711,23.5000,1.2340,1.2907,1.5193
9947,1.3686,498,Tragelaphus imberbis,Mammalia,Artiodactyla,Bovidae,val,1.2967,19.8000,1.2340,1.2907,1.5193
9958,1.3793,521,Oryx gazella,Mammalia,Artiodactyla,Bovidae,val,1.3766,23.8000,1.2340,1.2907,1.5193
9962,1.3727,525,Kobus ellipsiprymnus,Mammalia,Artiodactyla,Bovidae,val,1.4771,30.0000,1.2340,1.2907,1.5193
9970,1.3845,527,Syncerus caffer,Mammalia,Artiodactyla,Bovidae,val,1.5159,32.8000,1.2340,1.2907,1.5193
10034,0.7878,525,Cricetus cricetus,Mammalia,Rodentia,Cricetidae,val,0.5563,3.6000,1.2340,1.2907,0.9734
10036,0.7898,526,Mesocricetus auratus,Mammalia,Rodentia,Cricetidae,val,0.5911,3.9000,1.2340,1.2907,0.9734
10041,0.7846,523,Peromyscus leucopus,Mammalia,Rodentia,Cricetidae,val,0.8976,7.9000,1.2340,1.2907,0.9734
10042,0.7838,525,Peromyscus maniculatus,Mammalia,Rodentia,Cricetidae,val,0.9191,8.3000,1.2340,1.2907,0.9734
10141,1.2099,521,Cavia porcellus,Mammalia,Rodentia,Caviidae,val,1.0792,12.0000,1.2340,1.2907,0.9734
13180,1.3440,409,Nymphicus hollandicus,Aves,Psittaciformes,Cacatuidae,val,1.5441,35.0000,1.2340,1.1979,1.3426
13397,1.6101,447,Carcharodon carcharias,Chondrichthyes,Lamniformes,Lamnidae,val,1.6990,50.0000,1.2340,1.2785,1.2785
27591,1.3710,521,Nanger granti,Mammalia,Artiodactyla,Bovidae,val,1.3617,23.0000,1.2340,1.2907,1.5193
27596,1.3814,500,Bubalus depressicornis,Mammalia,Artiodactyla,Bovidae,val,1.5575,36.1000,1.2340,1.2907,1.5193
27679,1.4643,530,Saimiri boliviensis,Mammalia,Primates,Cebidae,val,1.4814,30.3000,1.2340,1.2907,1.5228
28681,1.3660,403,Larus canus,Aves,Charadriiformes,Laridae,val,1.5276,33.7000,1.2340,1.1979,1.2129
28791,1.0503,440,Cyprinella lutrensis,Actinopteri,Cypriniformes,Leuciscidae,val,0.3010,2.0000,1.2340,1.1903,1.0632
29091,1.2148,489,Dolichotis patagonum,Mammalia,Rodentia,Caviidae,val,1.1584,14.4000,1.2340,1.2907,0.9734
29092,0.7597,522,Microtus agrestis,Mammalia,Rodentia,Cricetidae,val,0.6812,4.8000,1.2340,1.2907,0.9734
29139,1.1997,505,Vombatus ursinus,Mammalia,Diprotodontia,Vombatidae,val,1.4771,30.0000,1.2340,1.2907,1.2322
29144,1.1308,446,Chanos chanos,Actinopteri,Gonorynchiformes,Chanidae,val,1.1761,15.0000,1.2340,1.1903,1.1903
29151,1.0176,445,Osmerus eperlanus,Actinopteri,Osmeriformes,Osmeridae,val,1.0000,10.0000,1.2340,1.1903,1.1903
30501,1.6230,443,Carcharias taurus,Chondrichthyes,Lamniformes,Carchariidae,val,1.0792,12.0000,1.2340,1.2785,1.2785
30520,1.3823,526,Bos frontalis,Mammalia,Artiodactyla,Bovidae,val,1.4183,26.2000,1.2340,1.2907,1.5193
30521,1.3836,528,Bos grunniens,Mammalia,Artiodactyla,Bovidae,val,1.4200,26.3000,1.2340,1.2907,1.5193
30527,1.3729,527,Ovis ammon,Mammalia,Artiodactyla,Bovidae,val,1.2253,16.8000,1.2340,1.2907,1.5193
30586,1.4844,525,Saguinus midas,Mammalia,Primates,Cebidae,val,1.3222,21.0000,1.2340,1.2907,1.5228
30588,1.4843,514,Leontopithecus rosalia,Mammalia,Primates,Cebidae,val,1.4997,31.6000,1.2340,1.2907,1.5228
30609,1.3065,524,Galago moholi,Mammalia,Primates,Galagidae,val,1.2201,16.6000,1.2340,1.2907,1.5228
30611,1.3042,529,Otolemur garnettii,Mammalia,Primates,Galagidae,val,1.3010,20.0000,1.2340,1.2907,1.5228
30804,1.0691,436,Chelon ramada,Actinopteri,Mugiliformes,Mugilidae,val,1.0000,10.0000,1.2340,1.1903,1.1903
31869,1.4086,529,Daubentonia madagascariensis,Mammalia,Primates,Daubentoniidae,val,1.5092,32.3000,1.2340,1.2907,1.5228
33614,1.3887,439,Coragyps atratus,Aves,Accipitriformes,Cathartidae,val,1.4065,25.5000,1.2340,1.1979,1.3700
33616,1.4046,460,Gymnogyps californianus,Aves,Accipitriformes,Cathartidae,val,1.6532,45.0000,1.2340,1.1979,1.3700
34771,1.2784,425,Lepisosteus osseus,Actinopteri,Semionotiformes,Lepisosteidae,val,1.5563,36.0000,1.2340,1.1903,1.1903
34817,1.2108,434,Hippoglossoides platessoides,Actinopteri,Pleuronectiformes,Pleuronectidae,val,1.4771,30.0000,1.2340,1.1903,1.1276
34865,1.3725,528,Capricornis sumatraensis,Mammalia,Artiodactyla,Bovidae,val,1.2672,18.5000,1.2340,1.2907,1.5193
34869,1.3704,526,Rupicapra rupicapra,Mammalia,Artiodactyla,Bovidae,val,1.2455,17.6000,1.2340,1.2907,1.5193
34873,1.3729,522,Oreamnos americanus,Mammalia,Artiodactyla,Bovidae,val,1.3181,20.8000,1.2340,1.2907,1.5193
35669,1.0608,453,Larus argentatus,Aves,Charadriiformes,Laridae,val,1.6902,49.0000,1.2340,1.1979,1.2129
36299,1.0490,449,Zosterops japonicus,Aves,Passeriformes,Zosteropidae,val,0.7076,5.1000,1.2340,1.1979,1.0493
37039,1.3758,385,Gavia immer,Aves,Gaviiformes,Gaviidae,val,1.3820,24.1000,1.2340,1.1979,1.1979
37040,1.3900,464,Gavia stellata,Aves,Gaviiformes,Gaviidae,val,1.3802,24.0000,1.2340,1.1979,1.1979
37087,1.0931,377,Sula nebouxii,Aves,Suliformes,Sulidae,val,1.2553,18.0000,1.2340,1.1979,1.3390
37174,1.3734,527,Ovis canadensis,Mammalia,Artiodactyla,Bovidae,val,1.3139,20.6000,1.2340,1.2907,1.5193
37176,1.3723,527,Ovibos moschatus,Mammalia,Artiodactyla,Bovidae,val,1.4378,27.4000,1.2340,1.2907,1.5193
37181,1.3728,527,Budorcas taxicolor,Mammalia,Artiodactyla,Bovidae,val,1.3404,21.9000,1.2340,1.2907,1.5193
37186,1.3754,523,Hippotragus equinus,Mammalia,Artiodactyla,Bovidae,val,1.4133,25.9000,1.2340,1.2907,1.5193
37189,1.3778,528,Hippotragus niger,Mammalia,Artiodactyla,Bovidae,val,1.3464,22.2000,1.2340,1.2907,1.5193
37295,1.4928,448,Cebus olivaceus,Mammalia,Primates,Cebidae,val,1.6721,47.0000,1.2340,1.2907,1.5228
37548,1.1889,491,Cavia aperea,Mammalia,Rodentia,Caviidae,val,0.7782,6.0000,1.2340,1.2907,0.9734
37578,1.3766,470,Morus bassanus,Aves,Suliformes,Sulidae,val,1.5729,37.4000,1.2340,1.1979,1.3390
37588,1.4801,456,Saguinus bicolor,Mammalia,Primates,Cebidae,val,1.2788,19.0000,1.2340,1.2907,1.5228
38399,1.1021,342,Neosericornis citreogularis,Aves,Passeriformes,Acanthizidae,val,1.1931,15.6000,1.2340,1.1979,1.0493
38527,1.0998,444,Abramis brama,Actinopteri,Cypriniformes,Leuciscidae,val,1.3617,23.0000,1.2340,1.1903,1.0632
38668,0.7684,524,Onychomys leucogaster,Mammalia,Rodentia,Cricetidae,val,0.7482,5.6000,1.2340,1.2907,0.9734
38674,0.7716,525,Onychomys torridus,Mammalia,Rodentia,Cricetidae,val,0.6628,4.6000,1.2340,1.2907,0.9734
39328,1.2487,471,Boaedon fuliginosus,Lepidosauria,Squamata,Lamprophiidae,val,0.9542,9.0000,1.2340,1.1819,1.1819
39621,1.0708,456,Acrocephalus arundinaceus,Aves,Passeriformes,Sylviidae,val,1.0043,10.1000,1.2340,1.1979,1.0493
40157,1.0542,471,Lonchura striata,Aves,Passeriformes,Estrildidae,val,1.0000,10.0000,1.2340,1.1979,1.0493
40204,1.0322,461,Melozone crissalis,Aves,Passeriformes,Passerellidae,val,1.1072,12.8000,1.2340,1.1979,1.0493
40207,1.0369,470,Spizelloides arborea,Aves,Passeriformes,Passerellidae,val,1.0334,10.8000,1.2340,1.1979,1.0493
40210,1.0333,454,Spizella passerina,Aves,Passeriformes,Passerellidae,val,1.0719,11.8000,1.2340,1.1979,1.0493
40211,1.0350,469,Spizella pallida,Aves,Passeriformes,Passerellidae,val,0.8388,6.9000,1.2340,1.1979,1.0493
40217,1.0338,456,Junco hyemalis,Aves,Passeriformes,Passerellidae,val,1.0531,11.3000,1.2340,1.1979,1.0493
42409,0.7721,524,Neotoma floridana,Mammalia,Rodentia,Cricetidae,val,0.9345,8.6000,1.2340,1.2907,0.9734
42410,0.7866,526,Peromyscus eremicus,Mammalia,Rodentia,Cricetidae,val,0.8692,7.4000,1.2340,1.2907,0.9734
42413,0.7774,524,Peromyscus polionotus,Mammalia,Rodentia,Cricetidae,val,0.7404,5.5000,1.2340,1.2907,0.9734
42415,0.7181,521,Sigmodon hispidus,Mammalia,Rodentia,Cricetidae,val,0.7160,5.2000,1.2340,1.2907,0.9734
42520,0.7829,524,Peromyscus californicus,Mammalia,Rodentia,Cricetidae,val,0.7404,5.5000,1.2340,1.2907,0.9734
42663,1.0448,436,Chrosomus eos,Actinopteri,Cypriniformes,Leuciscidae,val,0.4771,3.0000,1.2340,1.1903,1.0632
43163,1.0576,441,Curruca curruca,Aves,Passeriformes,Sylviidae,val,0.9542,9.0000,1.2340,1.1979,1.0493
43455,1.3884,374,Cathartes aura,Aves,Accipitriformes,Cathartidae,val,1.3181,20.8000,1.2340,1.1979,1.3700
43581,1.0497,473,Zosterops lateralis,Aves,Passeriformes,Zosteropidae,val,1.2718,18.7000,1.2340,1.1979,1.0493
43583,1.4040,476,Sarcoramphus papa,Aves,Accipitriformes,Cathartidae,val,1.6021,40.0000,1.2340,1.1979,1.3700
43778,1.4801,457,Saguinus geoffroyi,Mammalia,Primates,Cebidae,val,1.3118,20.5000,1.2340,1.2907,1.5228
44318,1.0813,462,Eopsaltria australis,Aves,Passeriformes,Petroicidae,val,1.1673,14.7000,1.2340,1.1979,1.0493
44390,1.0335,460,Zonotrichia querula,Aves,Passeriformes,Passerellidae,val,1.0682,11.7000,1.2340,1.1979,1.0493
44393,1.0329,470,Zonotrichia leucophrys,Aves,Passeriformes,Passerellidae,val,1.1239,13.3000,1.2340,1.1979,1.0493
44394,1.0339,471,Zonotrichia albicollis,Aves,Passeriformes,Passerellidae,val,1.1732,14.9000,1.2340,1.1979,1.0493
44397,1.0350,461,Melospiza melodia,Aves,Passeriformes,Passerellidae,val,1.0531,11.3000,1.2340,1.1979,1.0493
44398,1.0327,457,Melospiza georgiana,Aves,Passeriformes,Passerellidae,val,0.8921,7.8000,1.2340,1.1979,1.0493
47230,0.7713,511,Microtus arvalis,Mammalia,Rodentia,Cricetidae,val,0.6812,4.8000,1.2340,1.2907,0.9734
48150,1.0691,473,Phylloscopus collybita,Aves,Passeriformes,Phylloscopidae,val,0.9031,8.0000,1.2340,1.1979,1.0493
48155,1.0667,462,Sylvia atricapilla,Aves,Passeriformes,Sylviidae,val,1.1399,13.8000,1.2340,1.1979,1.0493
48156,1.0627,446,Acrocephalus scirpaceus,Aves,Passeriformes,Sylviidae,val,1.2279,16.9000,1.2340,1.1979,1.0493
48167,1.3639,420,Capra falconeri,Mammalia,Artiodactyla,Bovidae,val,1.2810,19.1000,1.2340,1.2907,1.5193
48171,1.0760,435,Chelon labrosus,Actinopteri,Mugiliformes,Mugilidae,val,1.3979,25.0000,1.2340,1.1903,1.1903
48193,1.0385,432,Mugil cephalus,Actinopteri,Mugiliformes,Mugilidae,val,1.2041,16.0000,1.2340,1.1903,1.1903
48668,1.0793,446,Rutilus rutilus,Actinopteri,Cypriniformes,Leuciscidae,val,1.1461,14.0000,1.2340,1.1903,1.0632
51751,1.2745,438,Python regius,Lepidosauria,Squamata,Pythonidae,val,1.6767,47.5000,1.2340,1.1819,1.1819
51853,1.2895,470,Candoia aspera,Lepidosauria,Squamata,Candoiidae,val,0.9956,9.9000,1.2340,1.1819,1.1819
51858,1.2851,472,Charina bottae,Lepidosauria,Squamata,Charinaidae,val,1.4232,26.5000,1.2340,1.1819,1.1819
51861,1.2762,391,Corallus caninus,Lepidosauria,Squamata,Boidae,val,1.2695,18.6000,1.2340,1.1819,1.1819
52231,1.4659,389,Callithrix geoffroyi,Mammalia,Primates,Cebidae,val,1.2455,17.6000,1.2340,1.2907,1.5228
52232,1.4770,457,Mico humeralifer,Mammalia,Primates,Cebidae,val,1.1761,15.0000,1.2340,1.2907,1.5228
52609,1.0645,470,Acrocephalus schoenobaenus,Aves,Passeriformes,Sylviidae,val,1.0719,11.8000,1.2340,1.1979,1.0493
52904,1.1263,434,Scophthalmus maximus,Actinopteri,Pleuronectiformes,Scophthalmidae,val,1.4150,26.0000,1.2340,1.1903,1.1276
54056,1.3713,440,Stercorarius skua,Aves,Charadriiformes,Stercorariidae,val,1.5551,35.9000,1.2340,1.1979,1.2129
54059,1.3797,458,Stercorarius parasiticus,Aves,Charadriiformes,Stercorariidae,val,1.4928,31.1000,1.2340,1.1979,1.2129
54317,1.2414,434,Percina caprodes,Actinopteri,Perciformes,Percidae,val,0.4771,3.0000,1.2340,1.1903,1.5191
54337,1.2253,435,Etheostoma nigrum,Actinopteri,Perciformes,Percidae,val,0.6021,4.0000,1.2340,1.1903,1.5191
54496,1.2077,463,Rallus aquaticus,Aves,Gruiformes,Rallidae,val,0.9494,8.9000,1.2340,1.1979,1.5176
56068,1.3721,435,Sula dactylatra,Aves,Suliformes,Sulidae,val,1.4065,25.5000,1.2340,1.1979,1.3390
56216,0.8138,498,Neotoma lepida,Mammalia,Rodentia,Cricetidae,val,1.0212,10.5000,1.2340,1.2907,0.9734
56720,0.9381,439,Lipophrys pholis,Actinopteri,Blenniiformes,Blenniidae,val,1.0000,10.0000,1.2340,1.1903,1.1903
57374,1.4756,449,Leontopithecus chrysomelas,Mammalia,Primates,Cebidae,val,1.3284,21.3000,1.2340,1.2907,1.5228
57378,1.4805,513,Callithrix penicillata,Mammalia,Primates,Cebidae,val,1.1875,15.4000,1.2340,1.2907,1.5228
57426,1.2301,426,Momotus momota,Aves,Coraciiformes,Momotidae,val,1.3075,20.3000,1.2340,1.1979,1.0124
57661,1.3687,464,Sula leucogaster,Aves,Suliformes,Sulidae,val,1.4548,28.5000,1.2340,1.1979,1.3390
57662,1.3679,476,Sula sula,Aves,Suliformes,Sulidae,val,1.3617,23.0000,1.2340,1.1979,1.3390
57982,1.6315,443,Cetorhinus maximus,Chondrichthyes,Lamniformes,Cetorhinidae,val,1.5051,32.0000,1.2340,1.2785,1.2785
57983,1.6061,441,Isurus oxyrinchus,Chondrichthyes,Lamniformes,Lamnidae,val,1.3979,25.0000,1.2340,1.2785,1.2785
58319,1.1058,444,Scardinius erythrophthalmus,Actinopteri,Cypriniformes,Leuciscidae,val,1.2788,19.0000,1.2340,1.1903,1.0632
58323,1.1012,441,Leucaspius delineatus,Actinopteri,Cypriniformes,Leuciscidae,val,0.3010,2.0000,1.2340,1.1903,1.0632
58324,1.0437,443,Phoxinus phoxinus,Actinopteri,Cypriniformes,Leuciscidae,val,1.1139,13.0000,1.2340,1.1903,1.0632
58325,1.0972,446,Leuciscus leuciscus,Actinopteri,Cypriniformes,Leuciscidae,val,1.2041,16.0000,1.2340,1.1903,1.0632
59515,1.3728,527,Addax nasomaculatus,Mammalia,Artiodactyla,Bovidae,val,1.4472,28.0000,1.2340,1.2907,1.5193
59523,1.3713,520,Antidorcas marsupialis,Mammalia,Artiodactyla,Bovidae,val,1.2967,19.8000,1.2340,1.2907,1.5193
59531,1.3723,520,Kobus leche,Mammalia,Artiodactyla,Bovidae,val,1.4314,27.0000,1.2340,1.2907,1.5193
59534,1.3752,526,Oryx dammah,Mammalia,Artiodactyla,Bovidae,val,1.4393,27.5000,1.2340,1.2907,1.5193
59536,1.3120,213,Ourebia ourebi,Mammalia,Artiodactyla,Bovidae,val,1.2014,15.9000,1.2340,1.2907,1.5193
59542,1.3695,475,Pseudois nayaur,Mammalia,Artiodactyla,Bovidae,val,1.3201,20.9000,1.2340,1.2907,1.5193
59544,1.3771,492,Raphicerus campestris,Mammalia,Artiodactyla,Bovidae,val,0.9685,9.3000,1.2340,1.2907,1.5193
59729,1.0589,472,Taeniopygia guttata,Aves,Passeriformes,Estrildidae,val,1.0792,12.0000,1.2340,1.1979,1.0493
64144,1.0491,435,Anabas testudineus,Actinopteri,Anabantiformes,Anabantidae,val,0.9031,8.0000,1.2340,1.1903,0.3010
66434,1.3662,470,Madoqua kirkii,Mammalia,Artiodactyla,Bovidae,val,1.2380,17.3000,1.2340,1.2907,1.5193
66440,1.3725,503,Tragelaphus scriptus,Mammalia,Artiodactyla,Bovidae,val,1.1847,15.3000,1.2340,1.2907,1.5193
66442,1.3641,506,Neotragus moschatus,Mammalia,Artiodactyla,Bovidae,val,1.1303,13.5000,1.2340,1.2907,1.5193
66444,1.3750,515,Oreotragus oreotragus,Mammalia,Artiodactyla,Bovidae,val,1.4133,25.9000,1.2340,1.2907,1.5193
67558,1.0617,446,Semotilus atromaculatus,Actinopteri,Cypriniformes,Leuciscidae,val,0.9031,8.0000,1.2340,1.1903,1.0632
67940,1.3656,528,Nanger dama,Mammalia,Artiodactyla,Bovidae,val,1.2856,19.3000,1.2340,1.2907,1.5193
68470,1.0661,458,Acrocephalus melanopogon,Aves,Passeriformes,Sylviidae,val,1.0492,11.2000,1.2340,1.1979,1.0493
68474,1.0633,453,Acrocephalus dumetorum,Aves,Passeriformes,Sylviidae,val,0.9031,8.0000,1.2340,1.1979,1.0493
68475,1.0551,349,Acrocephalus palustris,Aves,Passeriformes,Sylviidae,val,0.9912,9.8000,1.2340,1.1979,1.0493
68481,1.0711,465,Acrocephalus sechellensis,Aves,Passeriformes,Sylviidae,val,1.2304,17.0000,1.2340,1.1979,1.0493
68486,1.0607,473,Cettia cetti,Aves,Passeriformes,Sylviidae,val,0.9685,9.3000,1.2340,1.1979,1.0493
68497,1.0681,453,Hippolais icterina,Aves,Passeriformes,Sylviidae,val,1.0334,10.8000,1.2340,1.1979,1.0493
68498,1.0689,455,Hippolais polyglotta,Aves,Passeriformes,Sylviidae,val,0.9494,8.9000,1.2340,1.1979,1.0493
69297,1.3747,525,Tragelaphus eurycerus,Mammalia,Artiodactyla,Bovidae,val,1.3424,22.0000,1.2340,1.2907,1.5193
69298,1.3715,484,Tragelaphus spekii,Mammalia,Artiodactyla,Bovidae,val,1.3541,22.6000,1.2340,1.2907,1.5193
69308,1.3676,527,Eudorcas thomsonii,Mammalia,Artiodactyla,Bovidae,val,1.3010,20.0000,1.2340,1.2907,1.5193
69311,1.3702,526,Litocranius walleri,Mammalia,Artiodactyla,Bovidae,val,1.2380,17.3000,1.2340,1.2907,1.5193
69811,1.0931,444,Leuciscus idus,Actinopteri,Cypriniformes,Leuciscidae,val,1.4742,29.8000,1.2340,1.1903,1.0632
71755,1.1246,442,Gila orcuttii,Actinopteri,Cypriniformes,Leuciscidae,val,0.6021,4.0000,1.2340,1.1903,1.0632
71757,1.1243,353,Gila robusta,Actinopteri,Cypriniformes,Leuciscidae,val,0.9031,8.0000,1.2340,1.1903,1.0632
72542,1.3716,527,Capra ibex,Mammalia,Artiodactyla,Bovidae,val,1.3222,21.0000,1.2340,1.2907,1.5193
72543,1.3732,527,Capra nubiana,Mammalia,Artiodactyla,Bovidae,val,1.3502,22.4000,1.2340,1.2907,1.5193
72544,1.3738,526,Capra sibirica,Mammalia,Artiodactyla,Bovidae,val,1.3483,22.3000,1.2340,1.2907,1.5193
73324,1.0661,465,Sylvia borin,Aves,Passeriformes,Sylviidae,val,1.3802,24.0000,1.2340,1.1979,1.0493
74909,1.6590,470,Cuora amboinensis,NA,Testudines,Geoemydidae,val,1.5821,38.2000,1.2340,1.6986,1.6930
74926,1.7160,489,Mauremys mutica,NA,Testudines,Geoemydidae,val,1.3444,22.1000,1.2340,1.6986,1.6930
75485,1.3825,466,Rissa tridactyla,Aves,Charadriiformes,Laridae,val,1.4548,28.5000,1.2340,1.1979,1.2129
78454,1.4746,458,Saguinus labiatus,Mammalia,Primates,Cebidae,val,1.3118,20.5000,1.2340,1.2907,1.5228
79684,0.7626,523,Microtus ochrogaster,Mammalia,Rodentia,Cricetidae,val,0.7243,5.3000,1.2340,1.2907,0.9734
79949,0.7604,520,Lemmus lemmus,Mammalia,Rodentia,Cricetidae,val,0.5185,3.3000,1.2340,1.2907,0.9734
80970,1.1351,436,Amphiprion clarkii,Actinopteri,NA,Pomacentridae,val,1.0414,11.0000,1.2340,1.1903,1.1133
81903,1.1988,406,Fulica americana,Aves,Gruiformes,Rallidae,val,1.3483,22.3000,1.2340,1.1979,1.5176
81907,1.2288,454,Alectura lathami,Aves,Galliformes,Megapodiidae,val,1.0969,12.5000,1.2340,1.1979,1.0533
86932,1.0695,444,Tiaroga cobitis,Actinopteri,Cypriniformes,Leuciscidae,val,0.6990,5.0000,1.2340,1.1903,1.0632
87175,1.0472,468,Camarhynchus parvulus,Aves,Passeriformes,Thraupidae,val,1.1761,15.0000,1.2340,1.1979,1.0493
87177,1.0465,445,Coereba flaveola,Aves,Passeriformes,Thraupidae,val,0.9345,8.6000,1.2340,1.1979,1.0493
89462,1.3847,527,Bubalus bubalis,Mammalia,Artiodactyla,Bovidae,val,1.5428,34.9000,1.2340,1.2907,1.5193
89672,1.3011,433,Galagoides demidoff,Mammalia,Primates,Galagidae,val,1.1271,13.4000,1.2340,1.2907,1.5228
90069,1.0914,443,Solea solea,Actinopteri,Pleuronectiformes,Soleidae,val,1.4314,27.0000,1.2340,1.1903,1.1276
90071,1.0470,439,Buglossidium luteum,Actinopteri,Pleuronectiformes,Soleidae,val,1.1139,13.0000,1.2340,1.1903,1.1276
90074,1.0566,437,Microchirus variegatus,Actinopteri,Pleuronectiformes,Soleidae,val,1.1461,14.0000,1.2340,1.1903,1.1276
90392,1.6041,486,Emydura macquarii,NA,Testudines,Chelidae,val,1.3201,20.9000,1.2340,1.6986,1.6930
90988,1.0335,445,Pimephales promelas,Actinopteri,Cypriniformes,Leuciscidae,val,0.3010,2.0000,1.2340,1.1903,1.0632
91908,1.0278,380,Chamaeleo dilepis,Lepidosauria,Squamata,Chamaeleonidae,val,0.6021,4.0000,1.2340,1.1819,1.1819
100186,1.0862,430,Amphistichus argenteus,Actinopteri,NA,Embiotocidae,val,0.9542,9.0000,1.2340,1.1903,1.1133
100190,1.0819,432,Embiotoca jacksoni,Actinopteri,NA,Embiotocidae,val,1.0000,10.0000,1.2340,1.1903,1.1133
105023,0.7233,434,Nothobranchius furzeri,Actinopteri,Cyprinodontiformes,Nothobranchiidae,val,0.0414,1.1000,1.2340,1.1903,0.4489
106175,1.2249,434,Microstomus kitt,Actinopteri,Pleuronectiformes,Pleuronectidae,val,1.3617,23.0000,1.2340,1.1903,1.1276
108405,1.3827,466,Sterna hirundo,Aves,Charadriiformes,Laridae,val,1.5185,33.0000,1.2340,1.1979,1.2129
108821,1.1078,471,Acanthiza chrysorrhoa,Aves,Passeriformes,Acanthizidae,val,1.1173,13.1000,1.2340,1.1979,1.0493
108847,1.1094,304,Sericornis frontalis,Aves,Passeriformes,Acanthizidae,val,1.2455,17.6000,1.2340,1.1979,1.0493
108852,1.2266,353,Cuniculus paca,Mammalia,Rodentia,Cuniculidae,val,1.2122,16.3000,1.2340,1.2907,0.9734
109678,0.7446,523,Phodopus roborovskii,Mammalia,Rodentia,Cricetidae,val,0.6812,4.8000,1.2340,1.2907,0.9734
111784,1.2199,433,Reinhardtius hippoglossoides,Actinopteri,Pleuronectiformes,Pleuronectidae,val,1.4771,30.0000,1.2340,1.1903,1.1276
117193,1.1060,467,Acanthiza pusilla,Aves,Passeriformes,Acanthizidae,val,1.2455,17.6000,1.2340,1.1979,1.0493
117206,1.0953,446,Smicrornis brevirostris,Aves,Passeriformes,Acanthizidae,val,0.8692,7.4000,1.2340,1.1979,1.0493
118194,1.3758,460,Larus glaucoides,Aves,Charadriiformes,Laridae,val,1.5185,33.0000,1.2340,1.1979,1.2129
119562,1.3866,520,Sylvicapra grimmia,Mammalia,Artiodactyla,Bovidae,val,1.1875,15.4000,1.2340,1.2907,1.5193
119606,1.3848,452,Larus glaucescens,Aves,Charadriiformes,Laridae,val,1.5051,32.0000,1.2340,1.1979,1.2129
119609,1.3776,455,Larus cachinnans,Aves,Charadriiformes,Laridae,val,1.5038,31.9000,1.2340,1.1979,1.2129
119627,1.3749,452,Larus michahellis,Aves,Charadriiformes,Laridae,val,1.2833,19.2000,1.2340,1.1979,1.2129
119637,1.3828,455,Larus hyperboreus,Aves,Charadriiformes,Laridae,val,1.3243,21.1000,1.2340,1.1979,1.2129
121426,1.0649,460,Curruca melanocephala,Aves,Passeriformes,Sylviidae,val,0.9191,8.3000,1.2340,1.1979,1.0493
126679,1.3705,408,Leucophaeus atricilla,Aves,Charadriiformes,Laridae,val,1.3424,22.0000,1.2340,1.1979,1.2129
126683,1.3804,458,Larus delawarensis,Aves,Charadriiformes,Laridae,val,1.5024,31.8000,1.2340,1.1979,1.2129
126713,1.3848,450,Larus occidentalis,Aves,Charadriiformes,Laridae,val,1.5302,33.9000,1.2340,1.1979,1.2129
126721,1.3768,452,Pagophila eburnea,Aves,Charadriiformes,Laridae,val,1.3784,23.9000,1.2340,1.1979,1.2129
126723,1.3817,472,Thalasseus sandvicensis,Aves,Charadriiformes,Laridae,val,1.4886,30.8000,1.2340,1.1979,1.2129
126735,0.9765,406,Esox masquinongy,Actinopteri,Esociformes,Esocidae,val,1.4771,30.0000,1.2340,1.1903,0.9031
126865,1.3756,457,Gelochelidon nilotica,Aves,Charadriiformes,Laridae,val,1.2041,16.0000,1.2340,1.1979,1.2129
129328,1.2692,420,Simalia boeleni,Lepidosauria,Squamata,Pythonidae,val,1.3032,20.1000,1.2340,1.1819,1.1819
129333,1.2670,461,Morelia viridis,Lepidosauria,Squamata,Pythonidae,val,1.3139,20.6000,1.2340,1.1819,1.1819
135422,1.0299,434,Ammodramus savannarum,Aves,Passeriformes,Passerellidae,val,0.9590,9.1000,1.2340,1.1979,1.0493
136504,1.3539,420,Cacatua moluccensis,Aves,Psittaciformes,Cacatuidae,val,1.8182,65.8000,1.2340,1.1979,1.3426
141271,1.3551,423,Cacatua sulphurea,Aves,Psittaciformes,Cacatuidae,val,1.6964,49.7000,1.2340,1.1979,1.3426
141274,1.3610,411,Cacatua galerita,Aves,Psittaciformes,Cacatuidae,val,1.7559,57.0000,1.2340,1.1979,1.3426
141834,1.3550,425,Cacatua ducorpsii,Aves,Psittaciformes,Cacatuidae,val,1.4843,30.5000,1.2340,1.1979,1.3426
141836,1.3537,407,Cacatua alba,Aves,Psittaciformes,Cacatuidae,val,1.4298,26.9000,1.2340,1.1979,1.3426
141837,1.0638,421,Cacatua haematuropygia,Aves,Psittaciformes,Cacatuidae,val,1.2380,17.3000,1.2340,1.1979,1.3426
141839,1.3575,453,Probosciger aterrimus,Aves,Psittaciformes,Cacatuidae,val,1.7505,56.3000,1.2340,1.1979,1.3426
143287,1.2066,510,Cavia tschudii,Mammalia,Rodentia,Caviidae,val,0.7993,6.3000,1.2340,1.2907,0.9734
143345,1.1973,430,Kareius bicoloratus,Actinopteri,Pleuronectiformes,Pleuronectidae,val,1.0792,12.0000,1.2340,1.1903,1.1276
146480,1.1652,429,Ammodytes marinus,Actinopteri,Uranoscopiformes,Ammodytidae,val,1.0000,10.0000,1.2340,1.1903,1.1903
161624,1.0359,469,Passerculus sandwichensis,Aves,Passeriformes,Passerellidae,val,1.2553,18.0000,1.2340,1.1979,1.0493
161625,1.0326,460,Pipilo erythrophthalmus,Aves,Passeriformes,Passerellidae,val,1.0899,12.3000,1.2340,1.1979,1.0493
171871,0.9521,431,Parablennius gattorugine,Actinopteri,Blenniiformes,Blenniidae,val,0.6990,5.0000,1.2340,1.1903,1.1903
173309,1.1061,436,Caranx crysos,Actinopteri,Carangiformes,Carangidae,val,1.0414,11.0000,1.2340,1.1903,0.8891
174280,1.1025,351,Broadleysaurus major,Lepidosauria,Squamata,Gerrhosauridae,val,1.3802,24.0000,1.2340,1.1819,1.1819
176039,1.3678,450,Eolophus roseicapilla,Aves,Psittaciformes,Cacatuidae,val,1.6021,40.0000,1.2340,1.1979,1.3426
181101,1.0516,432,Panurus biarmicus,Aves,Passeriformes,Sylviidae,val,0.8513,7.1000,1.2340,1.1979,1.0493
182897,1.0591,474,Pycnonotus jocosus,Aves,Passeriformes,Pycnonotidae,val,1.0453,11.1000,1.2340,1.1979,1.0493
184451,0.9559,421,Esox niger,Actinopteri,Esociformes,Esocidae,val,0.9542,9.0000,1.2340,1.1903,0.9031
187939,0.9965,468,Furcifer pardalis,Lepidosauria,Squamata,Chamaeleonidae,val,0.7160,5.2000,1.2340,1.1819,1.1819
190680,1.0826,471,Chamaea fasciata,Aves,Passeriformes,Sylviidae,val,1.1004,12.6000,1.2340,1.1979,1.0493
191813,1.7239,446,Somniosus microcephalus,Chondrichthyes,Squaliformes,Somniosidae,val,2.5933,392.0000,1.2340,1.2785,1.8751
192602,1.1700,438,Trachurus murphyi,Actinopteri,Carangiformes,Carangidae,val,1.2041,16.0000,1.2340,1.1903,0.8891
195615,1.2462,438,Hippoglossus stenolepis,Actinopteri,Pleuronectiformes,Pleuronectidae,val,1.6232,42.0000,1.2340,1.1903,1.1276
195632,1.2063,432,Platichthys stellatus,Actinopteri,Pleuronectiformes,Pleuronectidae,val,1.3802,24.0000,1.2340,1.1903,1.1276
198935,1.0308,401,Ammospiza leconteii,Aves,Passeriformes,Passerellidae,val,0.6128,4.1000,1.2340,1.1979,1.0493
198938,1.0337,460,Artemisiospiza belli,Aves,Passeriformes,Passerellidae,val,0.9590,9.1000,1.2340,1.1979,1.0493
216193,1.0641,472,Curruca communis,Aves,Passeriformes,Sylviidae,val,0.9542,9.0000,1.2340,1.1979,1.0493
227184,1.3728,458,Rynchops niger,Aves,Charadriiformes,Laridae,val,1.3054,20.2000,1.2340,1.1979,1.2129
229290,1.2239,437,Anoplopoma fimbria,Actinopteri,Perciformes,Anoplopomatidae,val,2.0569,114.0000,1.2340,1.1903,1.5191
232998,1.1258,443,Ptychocheilus lucius,Actinopteri,Cypriniformes,Leuciscidae,val,1.0792,12.0000,1.2340,1.1903,1.0632
240832,1.0140,445,Thaleichthys pacificus,Actinopteri,Osmeriformes,Osmeridae,val,0.6990,5.0000,1.2340,1.1903,1.1903
254541,1.1171,367,Grallina cyanoleuca,Aves,Passeriformes,Monarchidae,val,1.0828,12.1000,1.2340,1.1979,1.0493
259256,1.0671,467,Poephila acuticauda,Aves,Passeriformes,Estrildidae,val,0.7782,6.0000,1.2340,1.1979,1.0493
260508,1.0125,446,Spirinchus thaleichthys,Actinopteri,Osmeriformes,Osmeridae,val,0.4771,3.0000,1.2340,1.1903,1.1903
260615,1.7103,488,Mauremys reevesii,NA,Testudines,Geoemydidae,val,1.3838,24.2000,1.2340,1.6986,1.6930
260642,1.7030,482,Pangshura tecta,NA,Testudines,Geoemydidae,val,1.0414,11.0000,1.2340,1.6986,1.6930
260652,1.7684,485,Rhinoclemmys areolata,NA,Testudines,Geoemydidae,val,1.2856,19.3000,1.2340,1.6986,1.6930
261739,1.3014,456,Arctocebus calabarensis,Mammalia,Primates,Lorisidae,val,1.1139,13.0000,1.2340,1.2907,1.5228
274074,1.3577,463,Cacatua sanguinea,Aves,Psittaciformes,Cacatuidae,val,1.6712,46.9000,1.2340,1.1979,1.3426
279945,1.3741,459,Chlidonias niger,Aves,Charadriiformes,Laridae,val,1.3222,21.0000,1.2340,1.1979,1.2129
279953,1.3820,472,Sterna paradisaea,Aves,Charadriiformes,Laridae,val,1.5315,34.0000,1.2340,1.1979,1.2129
283035,1.3520,435,Sander lucioperca,Actinopteri,Perciformes,Percidae,val,1.2041,16.0000,1.2340,1.1903,1.5191
283036,1.3379,437,Sander vitreus,Actinopteri,Perciformes,Percidae,val,1.4624,29.0000,1.2340,1.1903,1.5191
297805,1.0659,453,Chlidonias hybrida,Aves,Charadriiformes,Laridae,val,1.2041,16.0000,1.2340,1.1979,1.2129
300346,1.0130,444,Hypomesus pretiosus,Actinopteri,Osmeriformes,Osmeridae,val,0.6990,5.0000,1.2340,1.1903,1.1903
302529,1.3514,352,Zanda funerea,Aves,Psittaciformes,Cacatuidae,val,1.6128,41.0000,1.2340,1.1979,1.3426
313158,1.0195,437,Ctenopoma kingsleyae,Actinopteri,Anabantiformes,Anabantidae,val,0.9395,8.7000,1.2340,1.1903,0.3010
321403,0.6765,434,Nothobranchius kuhntae,Actinopteri,Cyprinodontiformes,Nothobranchiidae,val,0.0792,1.2000,1.2340,1.1903,0.4489
329620,0.7877,440,Ellobius talpinus,Mammalia,Rodentia,Cricetidae,val,0.8062,6.4000,1.2340,1.2907,0.9734
349646,1.1551,440,Pseudocaranx dentex,Actinopteri,Carangiformes,Carangidae,val,1.6902,49.0000,1.2340,1.1903,0.8891
407171,0.7783,521,Lasiopodomys brandtii,Mammalia,Rodentia,Cricetidae,val,0.6128,4.1000,1.2340,1.2907,0.9734
417921,1.2220,425,Etheostoma cragini,Actinopteri,Perciformes,Percidae,val,0.4771,3.0000,1.2340,1.1903,1.5191
425641,1.3650,435,Hydroprogne caspia,Aves,Charadriiformes,Laridae,val,1.4771,30.0000,1.2340,1.1979,1.2129
425648,1.3745,446,Onychoprion fuscatus,Aves,Charadriiformes,Laridae,val,1.5539,35.8000,1.2340,1.1979,1.2129
447135,0.7496,524,Myodes glareolus,Mammalia,Rodentia,Cricetidae,val,0.6902,4.9000,1.2340,1.2907,0.9734
451738,0.7100,441,Nothobranchius guentheri,Actinopteri,Cyprinodontiformes,Nothobranchiidae,val,0.3617,2.3000,1.2340,1.1903,0.4489
451740,0.5691,414,Nothobranchius kilomberoensis,Actinopteri,Cyprinodontiformes,Nothobranchiidae,val,-0.0969,0.8000,1.2340,1.1903,0.4489
451742,0.7174,437,Nothobranchius rachovii,Actinopteri,Cyprinodontiformes,Nothobranchiidae,val,0.1761,1.5000,1.2340,1.1903,0.4489
461219,1.0745,440,Microeca fascinans,Aves,Passeriformes,Petroicidae,val,0.7243,5.3000,1.2340,1.1979,1.0493
471713,1.3521,347,Lophochroa leadbeateri,Aves,Psittaciformes,Cacatuidae,val,1.9191,83.0000,1.2340,1.1979,1.3426
500334,1.0127,457,Ctenosaura bakeri,Lepidosauria,Squamata,Iguanidae,val,1.1399,13.8000,1.2340,1.1819,1.1819
507597,1.3613,416,Sternula albifrons,Aves,Charadriiformes,Laridae,val,1.3784,23.9000,1.2340,1.1979,1.2129
508607,1.1160,433,Agonus cataphractus,Actinopteri,Perciformes,Agonidae,val,0.4771,3.0000,1.2340,1.1903,1.5191
537920,0.7541,512,Clethrionomys rutilus,Mammalia,Rodentia,Cricetidae,val,0.3222,2.1000,1.2340,1.2907,0.9734
564711,1.3805,461,Onychoprion lunatus,Aves,Charadriiformes,Laridae,val,1.4116,25.8000,1.2340,1.1979,1.2129
564712,1.1138,392,Onychoprion anaethetus,Aves,Charadriiformes,Laridae,val,1.3962,24.9000,1.2340,1.1979,1.2129
572540,1.2904,455,Lepisosteus platostomus,Actinopteri,Semionotiformes,Lepisosteidae,val,1.3010,20.0000,1.2340,1.1903,1.1903
626378,1.0694,445,Drymodes brunneopygia,Aves,Passeriformes,Petroicidae,val,0.9868,9.7000,1.2340,1.1979,1.0493
720586,1.1061,460,Origma solitaria,Aves,Passeriformes,Acanthizidae,val,0.8451,7.0000,1.2340,1.1979,1.0493
867363,1.4632,407,Callithrix kuhlii,Mammalia,Primates,Cebidae,val,1.3010,20.0000,1.2340,1.2907,1.5228
907741,1.3834,496,Philantomba maxwellii,Mammalia,Artiodactyla,Bovidae,val,1.2625,18.3000,1.2340,1.2907,1.5193
1027985,1.3735,480,Neotragus pygmaeus,Mammalia,Artiodactyla,Bovidae,val,1.0453,11.1000,1.2340,1.2907,1.5193
1047088,0.7685,525,Arvicola amphibius,Mammalia,Rodentia,Cricetidae,val,0.3979,2.5000,1.2340,1.2907,0.9734
1110376,1.0676,458,Iduna pallida,Aves,Passeriformes,Sylviidae,val,0.8976,7.9000,1.2340,1.1979,1.0493
1143690,0.5905,423,Nothobranchius korthausae,Actinopteri,Cyprinodontiformes,Nothobranchiidae,val,0.2041,1.6000,1.2340,1.1903,0.4489
1192867,1.3844,468,Chroicocephalus ridibundus,Aves,Charadriiformes,Laridae,val,1.5172,32.9000,1.2340,1.1979,1.2129
1288290,1.3759,440,Ichthyaetus melanocephalus,Aves,Charadriiformes,Laridae,val,1.3444,22.1000,1.2340,1.1979,1.2129
1288292,1.3760,457,Ichthyaetus audouinii,Aves,Charadriiformes,Laridae,val,1.3979,25.0000,1.2340,1.1979,1.2129
1496311,1.2728,440,Malayopython reticulatus,Lepidosauria,Squamata,Pythonidae,val,1.4683,29.4000,1.2340,1.1819,1.1819
1569666,1.3779,459,Chroicocephalus genei,Aves,Charadriiformes,Laridae,val,1.5011,31.7000,1.2340,1.1979,1.2129
2707177,1.0350,469,Ammospiza maritima,Aves,Passeriformes,Passerellidae,val,0.9542,9.0000,1.2340,1.1979,1.0493
2857398,1.0341,471,Ammospiza caudacuta,Aves,Passeriformes,Passerellidae,val,1.0000,10.0000,1.2340,1.1979,1.0493
3147912,1.2706,396,Corallus hortulana,Lepidosauria,Squamata,Boidae,val,1.1761,15.0000,1.2340,1.1819,1.1819
3149722,1.0619,407,Curruca nisoria,Aves,Passeriformes,Sylviidae,val,1.0755,11.9000,1.2340,1.1979,1.0493
3349691,1.3726,509,Nilgiritragus hylocrius,Mammalia,Artiodactyla,Bovidae,val,1.2380,17.3000,1.2340,1.2907,1.5193
3774379,0.7397,523,Cricetiscus sungorus,Mammalia,Rodentia,Cricetidae,val,0.5911,3.9000,1.2340,1.2907,0.9734
7792,1.7174,452,Heterodontus francisci,Chondrichthyes,Heterodontiformes,Heterodontidae,test,1.0792,12.0000,1.2340,1.2785,1.2785
7801,1.6468,435,Ginglymostoma cirratum,Chondrichthyes,Orectolobiformes,Ginglymostomatidae,test,1.3979,25.0000,1.2340,1.2785,1.7324
7936,1.4253,454,Anguilla anguilla,Actinopteri,Anguilliformes,Anguillidae,test,1.9445,88.0000,1.2340,1.1903,1.1903
7938,1.4409,455,Anguilla rostrata,Actinopteri,Anguilliformes,Anguillidae,test,1.6990,50.0000,1.2340,1.1903,1.1903
7939,1.4119,431,Anguilla marmorata,Actinopteri,Anguilliformes,Anguillidae,test,1.6021,40.0000,1.2340,1.1903,1.1903
7940,1.4010,351,Anguilla australis,Actinopteri,Anguilliformes,Anguillidae,test,1.5051,32.0000,1.2340,1.1903,1.1903
7959,1.1775,450,Ctenopharyngodon idella,Actinopteri,Cypriniformes,Xenocyprididae,test,1.3222,21.0000,1.2340,1.1903,1.0632
7998,1.2881,444,Ictalurus punctatus,Actinopteri,Siluriformes,Ictaluridae,test,1.2041,16.0000,1.2340,1.1903,1.2166
8017,1.1187,447,Oncorhynchus gorbuscha,Actinopteri,Salmoniformes,Salmonidae,test,0.4771,3.0000,1.2340,1.1903,1.1903
8018,1.1006,449,Oncorhynchus keta,Actinopteri,Salmoniformes,Salmonidae,test,0.8451,7.0000,1.2340,1.1903,1.1903
8019,1.1003,446,Oncorhynchus kisutch,Actinopteri,Salmoniformes,Salmonidae,test,0.6990,5.0000,1.2340,1.1903,1.1903
8022,1.1127,447,Oncorhynchus mykiss,Actinopteri,Salmoniformes,Salmonidae,test,1.0414,11.0000,1.2340,1.1903,1.1903
8023,1.0989,446,Oncorhynchus nerka,Actinopteri,Salmoniformes,Salmonidae,test,0.9031,8.0000,1.2340,1.1903,1.1903
8030,1.1361,446,Salmo salar,Actinopteri,Salmoniformes,Salmonidae,test,1.1139,13.0000,1.2340,1.1903,1.1903
8032,1.1360,442,Salmo trutta,Actinopteri,Salmoniformes,Salmonidae,test,1.5798,38.0000,1.2340,1.1903,1.1903
8036,1.1183,446,Salvelinus alpinus,Actinopteri,Salmoniformes,Salmonidae,test,1.6021,40.0000,1.2340,1.1903,1.1903
8038,1.1014,444,Salvelinus fontinalis,Actinopteri,Salmoniformes,Salmonidae,test,1.3802,24.0000,1.2340,1.1903,1.1903
8040,1.1202,443,Salvelinus namaycush,Actinopteri,Salmoniformes,Salmonidae,test,1.6990,50.0000,1.2340,1.1903,1.1903
8117,0.9911,435,Herichthys cyanoguttatus,Actinopteri,Cichliformes,Cichlidae,test,0.6990,5.0000,1.2340,1.1903,1.1903
8127,0.9429,438,Oreochromis mossambicus,Actinopteri,Cichliformes,Cichlidae,test,1.0414,11.0000,1.2340,1.1903,1.1903
8128,0.9398,440,Oreochromis niloticus,Actinopteri,Cichliformes,Cichlidae,test,0.9542,9.0000,1.2340,1.1903,1.1903
8129,0.9089,424,Coptodon rendalli,Actinopteri,Cichliformes,Cichlidae,test,0.8451,7.0000,1.2340,1.1903,1.1903
8130,0.9367,438,Coptodon zillii,Actinopteri,Cichliformes,Cichlidae,test,0.8451,7.0000,1.2340,1.1903,1.1903
8496,1.6269,483,Alligator mississippiensis,NA,Crocodylia,Alligatoridae,test,1.8865,77.0000,1.2340,1.6986,1.7293
8499,1.6142,484,Caiman crocodilus,NA,Crocodylia,Alligatoridae,test,1.6021,40.0000,1.2340,1.6986,1.7293
8508,1.3384,472,Sphenodon punctatus,Lepidosauria,Sphenodontia,Sphenodontidae,test,1.9542,90.0000,1.2340,1.1819,1.1819
8590,1.2395,469,Coluber constrictor,Lepidosauria,Squamata,Colubridae,test,1.0000,10.0000,1.2340,1.1819,1.1819
8787,1.4223,466,Casuarius casuarius,Aves,Casuariiformes,Casuariidae,test,1.4771,30.0000,1.2340,1.1979,1.2201
8832,1.2308,467,Aix galericulata,Aves,Anseriformes,Anatidae,test,1.0170,10.4000,1.2340,1.1979,1.3945
8833,1.2350,475,Aix sponsa,Aves,Anseriformes,Anatidae,test,1.3522,22.5000,1.2340,1.1979,1.3945
8838,1.2414,476,Mareca penelope,Aves,Anseriformes,Anatidae,test,1.5465,35.2000,1.2340,1.1979,1.3945
8839,1.2328,473,Anas platyrhynchos,Aves,Anseriformes,Anatidae,test,1.4639,29.1000,1.2340,1.1979,1.3945
8843,1.2850,472,Anser anser,Aves,Anseriformes,Anatidae,test,1.4914,31.0000,1.2340,1.1979,1.3945
8849,1.2814,468,Anser caerulescens,Aves,Anseriformes,Anatidae,test,1.4393,27.5000,1.2340,1.1979,1.3945
8853,1.2839,471,Branta canadensis,Aves,Anseriformes,Anatidae,test,1.6232,42.0000,1.2340,1.1979,1.3945
8868,1.2840,467,Cygnus atratus,Aves,Anseriformes,Anatidae,test,1.3927,24.7000,1.2340,1.1979,1.3945
8869,1.2811,467,Cygnus olor,Aves,Anseriformes,Anatidae,test,1.6021,40.0000,1.2340,1.1979,1.3945
8873,1.2668,465,Dendrocygna autumnalis,Aves,Anseriformes,Anatidae,test,0.9138,8.2000,1.2340,1.1979,1.3945
8874,1.2533,465,Dendrocygna bicolor,Aves,Anseriformes,Anatidae,test,1.0492,11.2000,1.2340,1.1979,1.3945
8876,1.2616,468,Dendrocygna viduata,Aves,Anseriformes,Anatidae,test,1.0792,12.0000,1.2340,1.1979,1.3945
8879,1.2328,444,Mergus serrator,Aves,Anseriformes,Anatidae,test,1.3284,21.3000,1.2340,1.1979,1.3945
8880,1.2260,466,Mergus merganser,Aves,Anseriformes,Anatidae,test,1.1703,14.8000,1.2340,1.1979,1.3945
8884,1.2622,467,Oxyura jamaicensis,Aves,Anseriformes,Anatidae,test,1.3010,20.0000,1.2340,1.1979,1.3945
8928,1.3862,479,Ciconia ciconia,Aves,Ciconiiformes,Ciconiidae,test,1.5911,39.0000,1.2340,1.1979,1.1979
9157,1.0556,465,Parus major,Aves,Passeriformes,Paridae,test,1.1875,15.4000,1.2340,1.1979,1.0493
9160,1.0377,466,Passer montanus,Aves,Passeriformes,Passeridae,test,1.1173,13.1000,1.2340,1.1979,1.0493
9172,1.0639,471,Sturnus vulgaris,Aves,Passeriformes,Sturnidae,test,1.3598,22.9000,1.2340,1.1979,1.0493
9371,1.2035,511,Echinops telfairi,Mammalia,Afrosoricida,Tenrecidae,test,1.2788,19.0000,1.2340,1.2907,1.2907
9400,1.3398,527,Cynopterus sphinx,Mammalia,Chiroptera,Pteropodidae,test,1.0000,10.0000,1.2340,1.2907,1.1959
9402,1.3781,527,Pteropus alecto,Mammalia,Chiroptera,Pteropodidae,test,1.3075,20.3000,1.2340,1.2907,1.1959
9407,1.3520,527,Rousettus aegyptiacus,Mammalia,Chiroptera,Pteropodidae,test,1.3598,22.9000,1.2340,1.2907,1.1959
9408,1.3546,525,Rousettus leschenaultii,Mammalia,Chiroptera,Pteropodidae,test,1.1461,14.0000,1.2340,1.2907,1.1959
9417,1.0955,524,Artibeus jamaicensis,Mammalia,Chiroptera,Phyllostomidae,test,1.2833,19.2000,1.2340,1.2907,1.1959
9419,1.1520,475,Macrotus californicus,Mammalia,Chiroptera,Phyllostomidae,test,1.2304,17.0000,1.2340,1.2907,1.1959
9423,1.1071,526,Phyllostomus hastatus,Mammalia,Chiroptera,Phyllostomidae,test,1.2553,18.0000,1.2340,1.2907,1.1959
9430,1.1513,525,Desmodus rotundus,Mammalia,Chiroptera,Phyllostomidae,test,1.4654,29.2000,1.2340,1.2907,1.1959
9447,1.3726,526,Lemur catta,Mammalia,Primates,Lemuridae,test,1.5717,37.3000,1.2340,1.2907,1.5228
9455,1.3707,521,Varecia variegata,Mammalia,Primates,Lemuridae,test,1.6021,40.0000,1.2340,1.2907,1.5228
9477,1.4275,527,Cephalopachus bancanus,Mammalia,Primates,Tarsiidae,test,1.2122,16.3000,1.2340,1.2907,1.5228
9523,1.5092,492,Plecturocebus moloch,Mammalia,Primates,Pitheciidae,test,1.4183,26.2000,1.2340,1.2907,1.5228
9654,1.3373,528,Procyon lotor,Mammalia,Carnivora,Procyonidae,test,1.3222,21.0000,1.2340,1.2907,1.3216
9704,1.5280,528,Zalophus californianus,Mammalia,Carnivora,Otariidae,test,1.5527,35.7000,1.2340,1.2907,1.3216
9728,1.5959,526,Delphinus delphis,Mammalia,Artiodactyla,Delphinidae,test,1.3979,25.0000,1.2340,1.2907,1.5193
9731,1.5953,528,Globicephala melas,Mammalia,Artiodactyla,Delphinidae,test,1.7782,60.0000,1.2340,1.2907,1.5193
9733,1.5934,528,Orcinus orca,Mammalia,Artiodactyla,Delphinidae,test,1.9542,90.0000,1.2340,1.2907,1.5193
9737,1.5957,526,Stenella coeruleoalba,Mammalia,Artiodactyla,Delphinidae,test,1.7597,57.5000,1.2340,1.2907,1.5193
9739,1.5958,529,Tursiops truncatus,Mammalia,Artiodactyla,Delphinidae,test,1.7126,51.6000,1.2340,1.2907,1.5193
9777,1.7396,525,Trichechus inunguis,Mammalia,Sirenia,Trichechidae,test,1.6021,40.0000,1.2340,1.2907,1.8633
9778,1.7370,524,Trichechus manatus,Mammalia,Sirenia,Trichechidae,test,1.8388,69.0000,1.2340,1.2907,1.8633
9805,1.5181,531,Diceros bicornis,Mammalia,Perissodactyla,Rhinocerotidae,test,1.7559,57.0000,1.2340,1.2907,1.5852
9807,1.5196,529,Ceratotherium simum,Mammalia,Perissodactyla,Rhinocerotidae,test,1.6532,45.0000,1.2340,1.2907,1.5852
9809,1.5198,527,Rhinoceros unicornis,Mammalia,Perissodactyla,Rhinocerotidae,test,1.6385,43.5000,1.2340,1.2907,1.5852
9833,1.5508,527,Hippopotamus amphibius,Mammalia,Artiodactyla,Hippopotamidae,test,1.7868,61.2000,1.2340,1.2907,1.5193
9837,1.4331,527,Camelus bactrianus,Mammalia,Artiodactyla,Camelidae,test,1.5490,35.4000,1.2340,1.2907,1.5193
9838,1.4330,521,Camelus dromedarius,Mammalia,Artiodactyla,Camelidae,test,1.4533,28.4000,1.2340,1.2907,1.5193
9840,1.4359,527,Lama guanicoe,Mammalia,Artiodactyla,Camelidae,test,1.5276,33.7000,1.2340,1.2907,1.5193
9843,1.4349,525,Vicugna vicugna,Mammalia,Artiodactyla,Camelidae,test,1.4997,31.6000,1.2340,1.2907,1.5193
9844,1.4333,516,Lama glama,Mammalia,Artiodactyla,Camelidae,test,1.4609,28.9000,1.2340,1.2907,1.5193
9978,1.0967,521,Ochotona princeps,Mammalia,Lagomorpha,Ochotonidae,test,0.8451,7.0000,1.2340,1.2907,1.0975
10137,1.2140,507,Hystrix cristata,Mammalia,Rodentia,Hystricidae,test,1.4472,28.0000,1.2340,1.2907,0.9734
10166,1.1816,518,Ctenodactylus gundi,Mammalia,Rodentia,Ctenodactylidae,test,0.7634,5.8000,1.2340,1.2907,0.9734
13106,1.2062,439,Lepomis macrochirus,Actinopteri,Centrarchiformes,Centrarchidae,test,1.0000,10.0000,1.2340,1.1903,1.5059
13245,1.0681,442,Regulus satrapa,Aves,Passeriformes,Regulidae,test,0.7993,6.3000,1.2340,1.1979,1.0493
13514,1.3776,465,Eulemur coronatus,Mammalia,Primates,Lemuridae,test,1.4314,27.0000,1.2340,1.2907,1.5228
13515,1.3726,445,Eulemur fulvus,Mammalia,Primates,Lemuridae,test,1.5502,35.5000,1.2340,1.2907,1.5228
13557,1.3693,454,Hapalemur griseus,Mammalia,Primates,Lemuridae,test,1.3674,23.3000,1.2340,1.2907,1.5228
27606,1.7181,529,Eubalaena glacialis,Mammalia,Artiodactyla,Balaenidae,test,1.8261,67.0000,1.2340,1.2907,1.5193
27682,1.0106,520,Geomys bursarius,Mammalia,Rodentia,Geomyidae,test,1.0792,12.0000,1.2340,1.2907,0.9734
27706,1.2195,437,Micropterus salmoides,Actinopteri,Centrarchiformes,Centrarchidae,test,1.3617,23.0000,1.2340,1.1903,1.5059
27794,1.6782,482,Dermochelys coriacea,NA,Testudines,Dermochelyidae,test,1.4771,30.0000,1.2340,1.6986,1.6930
28680,1.2280,476,Anas acuta,Aves,Anseriformes,Anatidae,test,1.4378,27.4000,1.2340,1.1979,1.3945
29067,1.3816,518,Potos flavus,Mammalia,Carnivora,Procyonidae,test,1.5843,38.4000,1.2340,1.2907,1.3216
29154,1.1833,441,Micropogonias undulatus,Actinopteri,NA,Sciaenidae,test,0.6990,5.0000,1.2340,1.1903,1.1133
30382,1.2377,474,Alopochen aegyptiaca,Aves,Anseriformes,Anatidae,test,1.4065,25.5000,1.2340,1.1979,1.3945
30385,1.2255,466,Aythya americana,Aves,Anseriformes,Anatidae,test,1.3541,22.6000,1.2340,1.1979,1.3945
30387,1.2338,471,Netta rufina,Aves,Anseriformes,Anatidae,test,1.1106,12.9000,1.2340,1.1979,1.3945
30455,1.3974,400,Fulmarus glacialis,Aves,Procellariiformes,Procellariidae,test,1.7076,51.0000,1.2340,1.1979,1.6330
30538,1.4352,525,Vicugna pacos,Mammalia,Artiodactyla,Camelidae,test,1.4116,25.8000,1.2340,1.2907,1.5193
30596,1.5226,494,Cacajao calvus,Mammalia,Primates,Pitheciidae,test,1.5539,35.8000,1.2340,1.2907,1.5228
30602,1.3849,527,Eulemur macaco,Mammalia,Primates,Lemuridae,test,1.5740,37.5000,1.2340,1.2907,1.5228
30960,1.0080,435,Mallotus villosus,Actinopteri,Osmeriformes,Salangidae,test,1.0000,10.0000,1.2340,1.1903,1.1903
30962,1.1021,445,Oncorhynchus clarkii,Actinopteri,Salmoniformes,Salmonidae,test,1.0000,10.0000,1.2340,1.1903,1.1903
31142,1.2436,462,Ptyas mucosa,Lepidosauria,Squamata,Colubridae,test,1.0531,11.3000,1.2340,1.1819,1.1819
33586,1.3929,307,Mycteria ibis,Aves,Ciconiiformes,Ciconiidae,test,1.2810,19.1000,1.2340,1.1979,1.1979
33587,1.3940,475,Mycteria americana,Aves,Ciconiiformes,Ciconiidae,test,1.4314,27.0000,1.2340,1.1979,1.1979
33618,1.3827,475,Pelecanus erythrorhynchos,Aves,Pelecaniformes,Pelecanidae,test,1.7324,54.0000,1.2340,1.1979,1.3198
34776,0.6372,428,Fundulus catenatus,Actinopteri,Cyprinodontiformes,Fundulidae,test,0.6990,5.0000,1.2340,1.1903,0.4489
34828,1.3744,520,Eulemur mongoz,Mammalia,Primates,Lemuridae,test,1.5587,36.2000,1.2340,1.2907,1.5228
34829,1.3703,467,Eulemur rubriventer,Mammalia,Primates,Lemuridae,test,1.5011,31.7000,1.2340,1.2907,1.5228
34886,1.5311,524,Eumetopias jubatus,Mammalia,Carnivora,Otariidae,test,1.5159,32.8000,1.2340,1.2907,1.3216
36176,1.6261,442,Chiloscyllium plagiosum,Chondrichthyes,Orectolobiformes,Hemiscylliidae,test,1.3979,25.0000,1.2340,1.2785,1.7324
36181,1.2337,448,Coregonus artedi,Actinopteri,Salmoniformes,Salmonidae,test,1.0414,11.0000,1.2340,1.1903,1.1903
36241,1.3752,456,Ciconia nigra,Aves,Ciconiiformes,Ciconiidae,test,1.4955,31.3000,1.2340,1.1979,1.1979
36300,1.3809,472,Pelecanus crispus,Aves,Pelecaniformes,Pelecanidae,test,1.5478,35.3000,1.2340,1.1979,1.3198
37042,1.3975,440,Fregata magnificens,Aves,Suliformes,Fregatidae,test,1.5315,34.0000,1.2340,1.1979,1.3390
37052,1.4042,464,Ardenna grisea,Aves,Procellariiformes,Procellariidae,test,1.5315,34.0000,1.2340,1.1979,1.6330
37737,1.0481,498,Perameles gunnii,Mammalia,Peramelemorphia,Peramelidae,test,0.7853,6.1000,1.2340,1.2907,1.2907
38626,1.2050,504,Phascolarctos cinereus,Mammalia,Diprotodontia,Phascolarctidae,test,1.3444,22.1000,1.2340,1.2907,1.2322
38654,1.6240,482,Alligator sinensis,NA,Crocodylia,Alligatoridae,test,1.8129,65.0000,1.2340,1.6986,1.7293
39099,1.2436,460,Pantherophis obsoletus,Lepidosauria,Squamata,Colubridae,test,1.5302,33.9000,1.2340,1.1819,1.1819
39789,1.3843,469,Ciconia abdimii,Aves,Ciconiiformes,Ciconiidae,test,1.3345,21.6000,1.2340,1.1979,1.1979
40233,1.1158,524,Carollia perspicillata,Mammalia,Chiroptera,Phyllostomidae,test,1.2304,17.0000,1.2340,1.2907,1.1959
40833,1.2309,440,Bucephala islandica,Aves,Anseriformes,Anatidae,test,1.2553,18.0000,1.2340,1.1979,1.3945
43256,1.3120,436,Harpagifer antarcticus,Actinopteri,Perciformes,Harpagiferidae,test,0.9542,9.0000,1.2340,1.1903,1.5191
43777,1.5325,532,Pithecia pithecia,Mammalia,Primates,Pitheciidae,test,1.5563,36.0000,1.2340,1.2907,1.5228
44316,1.0496,459,Chloebia gouldiae,Aves,Passeriformes,Passeridae,test,0.7782,6.0000,1.2340,1.1979,1.0493
44489,1.5438,482,Carettochelys insculpta,NA,Testudines,Carettochelyidae,test,1.5843,38.4000,1.2340,1.6986,1.6930
44507,1.5090,488,Podocnemis expansa,NA,Testudines,Podocnemididae,test,1.4031,25.3000,1.2340,1.6986,1.6930
45630,1.2281,467,Anas gracilis,Aves,Anseriformes,Anatidae,test,1.5011,31.7000,1.2340,1.1979,1.3945
45632,1.2268,465,Anas superciliosa,Aves,Anseriformes,Anatidae,test,1.4346,27.2000,1.2340,1.1979,1.3945
45638,1.2290,465,Tadorna tadornoides,Aves,Anseriformes,Anatidae,test,1.1173,13.1000,1.2340,1.1979,1.3945
45644,1.2298,468,Chenonetta jubata,Aves,Anseriformes,Anatidae,test,0.9590,9.1000,1.2340,1.1979,1.3945
45648,1.3082,438,Biziura lobata,Aves,Anseriformes,Anatidae,test,0.7924,6.2000,1.2340,1.1979,1.3945
46167,1.5980,526,Steno bredanensis,Mammalia,Artiodactyla,Delphinidae,test,1.5051,32.0000,1.2340,1.2907,1.5193
48397,1.2810,467,Cygnus buccinator,Aves,Anseriformes,Anatidae,test,1.5119,32.5000,1.2340,1.1979,1.3945
48688,1.4023,478,Puffinus puffinus,Aves,Procellariiformes,Procellariidae,test,1.7067,50.9000,1.2340,1.1979,1.6330
48849,1.0443,469,Passer domesticus,Aves,Passeriformes,Passeridae,test,1.3617,23.0000,1.2340,1.1979,1.0493
48890,1.0716,475,Poecile palustris,Aves,Passeriformes,Paridae,test,1.1206,13.2000,1.2340,1.1979,1.0493
48891,1.0721,475,Poecile atricapillus,Aves,Passeriformes,Paridae,test,1.0934,12.4000,1.2340,1.1979,1.0493
48895,1.0698,475,Poecile montanus,Aves,Passeriformes,Paridae,test,1.0531,11.3000,1.2340,1.1979,1.0493
50365,1.2872,476,Anser albifrons,Aves,Anseriformes,Anatidae,test,1.6721,47.0000,1.2340,1.1979,1.3945
50367,1.2365,459,Somateria fischeri,Aves,Anseriformes,Anatidae,test,1.2553,18.0000,1.2340,1.1979,1.3945
51337,0.8822,524,Jaculus jaculus,Mammalia,Rodentia,Dipodidae,test,0.8633,7.3000,1.2340,1.2907,0.9734
52122,1.4017,458,Calonectris diomedea,Aves,Procellariiformes,Procellariidae,test,1.3945,24.8000,1.2340,1.1979,1.6330
52775,1.3877,481,Ciconia boyciana,Aves,Ciconiiformes,Ciconiidae,test,1.6821,48.1000,1.2340,1.1979,1.1979
52776,1.3839,468,Ciconia episcopus,Aves,Ciconiiformes,Ciconiidae,test,1.5051,32.0000,1.2340,1.1979,1.1979
52777,1.3873,472,Ciconia maguari,Aves,Ciconiiformes,Ciconiidae,test,1.3096,20.4000,1.2340,1.1979,1.1979
55544,1.7200,481,Platysternon megacephalum,NA,Testudines,Platysternidae,test,1.4314,27.0000,1.2340,1.6986,1.6930
55661,1.1640,472,Cuculus canorus,Aves,Cuculiformes,Cuculidae,test,1.1106,12.9000,1.2340,1.1979,0.7841
56067,1.3586,455,Anhinga anhinga,Aves,Suliformes,Anhingidae,test,1.2148,16.4000,1.2340,1.1979,1.3390
56115,1.0364,446,Passer hispaniolensis,Aves,Passeriformes,Passeridae,test,1.0492,11.2000,1.2340,1.1979,1.0493
56281,1.2766,460,Anser rossii,Aves,Anseriformes,Anatidae,test,1.3522,22.5000,1.2340,1.1979,1.3945
56282,1.2768,470,Branta sandvicensis,Aves,Anseriformes,Anatidae,test,1.6232,42.0000,1.2340,1.1979,1.3945
56798,1.5481,522,Hexaprotodon liberiensis,Mammalia,Artiodactyla,Hippopotamidae,test,1.6263,42.3000,1.2340,1.2907,1.5193
57241,1.3952,468,Fregata minor,Aves,Suliformes,Fregatidae,test,1.6335,43.0000,1.2340,1.1979,1.3390
58060,1.3406,496,Cynopterus brachyotis,Mammalia,Chiroptera,Pteropodidae,test,1.0043,10.1000,1.2340,1.2907,1.1959
58210,1.3980,456,Toxostoma rufum,Aves,Passeriformes,Mimidae,test,1.1072,12.8000,1.2340,1.1979,1.0493
59479,1.3642,529,Rhinolophus ferrumequinum,Mammalia,Chiroptera,Rhinolophidae,test,1.4843,30.5000,1.2340,1.2907,1.1959
59861,1.2235,447,Coregonus clupeaformis,Actinopteri,Salmoniformes,Salmonidae,test,1.6990,50.0000,1.2340,1.1903,1.1903
61084,0.9667,443,Plecoglossus altivelis,Actinopteri,Osmeriformes,Plecoglossidae,test,0.4771,3.0000,1.2340,1.1903,1.1903
61221,1.2007,470,Varanus komodoensis,Lepidosauria,Squamata,Varanidae,test,1.7924,62.0000,1.2340,1.1819,1.1819
62046,1.1694,429,Varanus niloticus,Lepidosauria,Squamata,Varanidae,test,1.1644,14.6000,1.2340,1.1819,1.1819
62051,1.1859,465,Varanus salvator,Lepidosauria,Squamata,Varanidae,test,1.1959,15.7000,1.2340,1.1819,1.1819
62062,1.0975,430,Hucho hucho,Actinopteri,Salmoniformes,Salmonidae,test,1.1761,15.0000,1.2340,1.1903,1.1903
66913,1.2961,441,Ictalurus furcatus,Actinopteri,Siluriformes,Ictaluridae,test,1.3222,21.0000,1.2340,1.1903,1.2166
68165,1.2369,445,Histrionicus histrionicus,Aves,Anseriformes,Anatidae,test,1.1644,14.6000,1.2340,1.1979,1.3945
68468,1.0809,471,Regulus regulus,Aves,Passeriformes,Regulidae,test,0.8451,7.0000,1.2340,1.1979,1.0493
70285,1.1161,439,Thymallus arcticus,Actinopteri,Salmoniformes,Salmonidae,test,1.2553,18.0000,1.2340,1.1903,1.1903
70868,1.1475,442,Sphyraena barracuda,Actinopteri,NA,Sphyraenidae,test,1.1461,14.0000,1.2340,1.1903,1.1133
71008,1.3666,475,Elgaria multicarinata,Lepidosauria,Squamata,Anguidae,test,0.9912,9.8000,1.2340,1.1819,1.1819
73321,1.0761,465,Regulus calendula,Aves,Passeriformes,Regulidae,test,0.7482,5.6000,1.2340,1.1979,1.0493
74362,1.2473,468,Elaphe schrenckii,Lepidosauria,Squamata,Colubridae,test,1.1367,13.7000,1.2340,1.1819,1.1819
74940,1.1019,447,Oncorhynchus tshawytscha,Actinopteri,Salmoniformes,Salmonidae,test,0.9542,9.0000,1.2340,1.1903,1.1903
75288,1.1742,443,Pylodictis olivaris,Actinopteri,Siluriformes,Ictaluridae,test,1.3010,20.0000,1.2340,1.1903,1.2166
75832,1.2230,453,Mareca americana,Aves,Anseriformes,Anatidae,test,1.3284,21.3000,1.2340,1.1979,1.3945
75838,1.2291,469,Spatula clypeata,Aves,Anseriformes,Anatidae,test,1.3541,22.6000,1.2340,1.1979,1.3945
75839,1.2311,477,Anas crecca,Aves,Anseriformes,Anatidae,test,1.4330,27.1000,1.2340,1.1979,1.3945
75840,1.2266,463,Spatula cyanoptera,Aves,Anseriformes,Anatidae,test,1.1106,12.9000,1.2340,1.1979,1.3945
75842,1.2173,459,Spatula discors,Aves,Anseriformes,Anatidae,test,1.3655,23.2000,1.2340,1.1979,1.3945
75856,1.2305,455,Spatula querquedula,Aves,Anseriformes,Anatidae,test,1.1673,14.7000,1.2340,1.1979,1.3945
75861,1.2317,471,Mareca strepera,Aves,Anseriformes,Anatidae,test,1.4472,28.0000,1.2340,1.1979,1.3945
75865,1.2426,480,Tadorna tadorna,Aves,Anseriformes,Anatidae,test,1.3945,24.8000,1.2340,1.1979,1.3945
76058,1.2356,466,Somateria mollissima,Aves,Anseriformes,Anatidae,test,1.5775,37.8000,1.2340,1.1979,1.3945
76340,1.2044,438,Sciaenops ocellatus,Actinopteri,NA,Sciaenidae,test,1.6990,50.0000,1.2340,1.1903,1.1133
77214,1.3567,453,Eidolon helvum,Mammalia,Chiroptera,Pteropodidae,test,1.3385,21.8000,1.2340,1.2907,1.1959
77218,1.3532,529,Rhinolophus hipposideros,Mammalia,Chiroptera,Rhinolophidae,test,1.4683,29.4000,1.2340,1.2907,1.1959
79630,1.4024,452,Macronectes halli,Aves,Procellariiformes,Procellariidae,test,1.5490,35.4000,1.2340,1.1979,1.6330
81640,0.9189,393,Enchelyopus cimbrius,Actinopteri,Gadiformes,Gaidropsaridae,test,0.9542,9.0000,1.2340,1.1903,1.1545
82174,1.5963,529,Pseudorca crassidens,Mammalia,Artiodactyla,Delphinidae,test,1.7959,62.5000,1.2340,1.2907,1.5193
83653,1.5960,527,Grampus griseus,Mammalia,Artiodactyla,Delphinidae,test,1.6284,42.5000,1.2340,1.2907,1.5193
85071,1.0631,462,Lamprotornis caudatus,Aves,Passeriformes,Sturnidae,test,1.2504,17.8000,1.2340,1.1979,1.0493
86063,1.3350,389,Galeorhinus galeus,Chondrichthyes,Carcharhiniformes,Triakidae,test,1.7404,55.0000,1.2340,1.2785,1.3545
88114,1.0819,471,Baeolophus bicolor,Aves,Passeriformes,Paridae,test,1.1239,13.3000,1.2340,1.1979,1.0493
89632,1.5163,526,Dicerorhinus sumatrensis,Mammalia,Perissodactyla,Rhinocerotidae,test,1.5159,32.8000,1.2340,1.2907,1.5852
89673,1.1040,526,Phyllostomus discolor,Mammalia,Chiroptera,Phyllostomidae,test,0.9542,9.0000,1.2340,1.2907,1.1959
91713,1.0480,448,Pollimyrus isidori,Actinopteri,Osteoglossiformes,Mormyridae,test,1.4624,29.0000,1.2340,1.1903,0.8129
92519,1.2458,445,Boiga irregularis,Lepidosauria,Squamata,Colubridae,test,1.1173,13.1000,1.2340,1.1819,1.1819
92651,1.0816,502,Macrotis lagotis,Mammalia,Peramelemorphia,Peramelidae,test,0.9823,9.6000,1.2340,1.2907,1.2907
94188,1.3715,525,Cryptoprocta ferox,Mammalia,Carnivora,Eupleridae,test,1.3636,23.1000,1.2340,1.2907,1.3216
94439,1.1897,518,Tenrec ecaudatus,Mammalia,Afrosoricida,Tenrecidae,test,0.9395,8.7000,1.2340,1.2907,1.2907
94850,1.2473,446,Pituophis catenifer,Lepidosauria,Squamata,Colubridae,test,1.5289,33.8000,1.2340,1.1819,1.1819
94885,1.2458,469,Pantherophis guttatus,Lepidosauria,Squamata,Colubridae,test,1.5092,32.3000,1.2340,1.1819,1.1819
94886,1.2455,468,Pantherophis vulpinus,Lepidosauria,Squamata,Colubridae,test,1.2304,17.0000,1.2340,1.1819,1.1819
94893,1.2435,467,Arizona elegans,Lepidosauria,Squamata,Colubridae,test,1.2810,19.1000,1.2340,1.1819,1.1819
94899,1.2372,316,Masticophis flagellum,Lepidosauria,Squamata,Colubridae,test,1.3054,20.2000,1.2340,1.1819,1.1819
94948,1.1930,404,Pomatomus saltator,Actinopteri,Scombriformes,Pomatomidae,test,0.9542,9.0000,1.2340,1.1903,1.0194
96778,1.1742,438,Hoplostethus atlanticus,Actinopteri,Trachichthyiformes,Trachichthyidae,test,2.1732,149.0000,1.2340,1.1903,1.1903
99882,1.0488,461,Toxostoma redivivum,Aves,Passeriformes,Mimidae,test,0.8388,6.9000,1.2340,1.1979,1.0493
103596,1.5932,517,Peponocephala electra,Mammalia,Artiodactyla,Delphinidae,test,1.6721,47.0000,1.2340,1.2907,1.5193
107021,1.2795,468,Anser canagicus,Aves,Anseriformes,Anatidae,test,1.0792,12.0000,1.2340,1.1979,1.3945
107022,1.2294,460,Bucephala clangula,Aves,Anseriformes,Anatidae,test,1.3201,20.9000,1.2340,1.1979,1.3945
107026,1.2324,475,Mergellus albellus,Aves,Anseriformes,Anatidae,test,1.0000,10.0000,1.2340,1.1979,1.3945
108858,1.2196,503,Dinomys branickii,Mammalia,Rodentia,Dinomyidae,test,1.1072,12.8000,1.2340,1.2907,0.9734
110915,1.2222,470,Aythya valisineria,Aves,Anseriformes,Anatidae,test,1.4698,29.5000,1.2340,1.1979,1.3945
110926,1.2756,458,Cygnus columbianus,Aves,Anseriformes,Anatidae,test,1.3820,24.1000,1.2340,1.1979,1.3945
111981,1.0592,476,Dumetella carolinensis,Aves,Passeriformes,Mimidae,test,1.2529,17.9000,1.2340,1.1979,1.0493
118797,1.5958,527,Lipotes vexillifer,Mammalia,Artiodactyla,Lipotidae,test,1.3802,24.0000,1.2340,1.2907,1.5193
119416,1.3740,410,Tauraco leucotis,Aves,Musophagiformes,Musophagidae,test,1.0934,12.4000,1.2340,1.1979,1.1979
121322,1.2371,318,Clelia clelia,Lepidosauria,Squamata,Dipsadidae,test,1.0607,11.5000,1.2340,1.1819,1.1819
121354,1.1489,283,Oxybelis aeneus,Lepidosauria,Squamata,Colubridae,test,1.1818,15.2000,1.2340,1.1819,1.1819
124750,1.1342,523,Macrotus waterhousii,Mammalia,Chiroptera,Phyllostomidae,test,1.0170,10.4000,1.2340,1.2907,1.1959
127875,1.0644,469,Cinclus cinclus,Aves,Passeriformes,Cinclidae,test,1.0253,10.6000,1.2340,1.1979,1.0493
127929,1.0643,457,Leucopsar rothschildi,Aves,Passeriformes,Sturnidae,test,1.3979,25.0000,1.2340,1.1979,1.0493
132585,1.2904,473,Anser brachyrhynchus,Aves,Anseriformes,Anatidae,test,1.6117,40.9000,1.2340,1.1979,1.3945
132586,1.2874,473,Anser erythropus,Aves,Anseriformes,Anatidae,test,1.1703,14.8000,1.2340,1.1979,1.3945
132587,1.2681,390,Anser fabalis,Aves,Anseriformes,Anatidae,test,1.4082,25.6000,1.2340,1.1979,1.3945
132908,1.3826,524,Pteropus vampyrus,Mammalia,Chiroptera,Pteropodidae,test,1.3201,20.9000,1.2340,1.2907,1.1959
143286,1.2045,526,Hystrix brachyura,Mammalia,Rodentia,Hystricidae,test,1.4362,27.3000,1.2340,1.2907,0.9734
147949,1.2132,436,Micropterus dolomieu,Actinopteri,Centrarchiformes,Centrarchidae,test,1.4150,26.0000,1.2340,1.1903,1.5059
156552,1.0728,475,Poecile hudsonicus,Aves,Passeriformes,Paridae,test,0.8451,7.0000,1.2340,1.1979,1.0493
156563,1.0700,472,Cyanistes caeruleus,Aves,Passeriformes,Paridae,test,1.1644,14.6000,1.2340,1.1979,1.0493
156565,1.0654,453,Lophophanes cristatus,Aves,Passeriformes,Paridae,test,1.0645,11.6000,1.2340,1.1979,1.0493
156567,1.0739,467,Periparus ater,Aves,Passeriformes,Paridae,test,0.9777,9.5000,1.2340,1.1979,1.0493
156569,1.0641,329,Remiz pendulinus,Aves,Passeriformes,Paridae,test,0.8573,7.2000,1.2340,1.1979,1.0493
157241,1.0329,434,Arnoglossus thori,Actinopteri,Pleuronectiformes,Bothidae,test,1.0000,10.0000,1.2340,1.1903,1.1276
160400,0.9081,468,Zapus hudsonius,Mammalia,Rodentia,Dipodidae,test,0.7482,5.6000,1.2340,1.2907,0.9734
161649,1.0646,447,Cinclus mexicanus,Aves,Passeriformes,Cinclidae,test,0.9085,8.1000,1.2340,1.1979,1.0493
171275,1.3630,437,Recurvirostra avosetta,Aves,Charadriiformes,Recurvirostridae,test,1.4440,27.8000,1.2340,1.1979,1.2129
182227,1.0314,355,Prototroctes maraena,Actinopteri,Osmeriformes,Retropinnidae,test,0.7782,6.0000,1.2340,1.1903,1.1903
182228,1.0164,370,Retropinna semoni,Actinopteri,Osmeriformes,Retropinnidae,test,0.3010,2.0000,1.2340,1.1903,1.1903
184711,1.2849,474,Branta leucopsis,Aves,Anseriformes,Anatidae,test,1.4502,28.2000,1.2340,1.1979,1.3945
184712,1.2806,434,Branta bernicla,Aves,Anseriformes,Anatidae,test,1.4594,28.8000,1.2340,1.1979,1.3945
186583,1.2436,331,Drymarchon corais,Lepidosauria,Squamata,Colubridae,test,1.4133,25.9000,1.2340,1.1819,1.1819
189533,1.2273,463,Aythya affinis,Aves,Anseriformes,Anatidae,test,1.2625,18.3000,1.2340,1.1979,1.3945
189534,1.2310,476,Aythya marila,Aves,Anseriformes,Anatidae,test,1.3444,22.1000,1.2340,1.1979,1.3945
189535,1.2293,462,Aythya collaris,Aves,Anseriformes,Anatidae,test,1.3096,20.4000,1.2340,1.1979,1.3945
197941,1.2377,468,Clangula hyemalis,Aves,Anseriformes,Anatidae,test,1.3560,22.7000,1.2340,1.1979,1.3945
198027,1.2331,467,Melanitta nigra,Aves,Anseriformes,Anatidae,test,1.2253,16.8000,1.2340,1.1979,1.3945
201446,1.2432,322,Pseudelaphe flavirufa,Lepidosauria,Squamata,Colubridae,test,1.2122,16.3000,1.2340,1.1819,1.1819
202457,1.5172,531,Plecturocebus cupreus,Mammalia,Primates,Pitheciidae,test,1.4216,26.4000,1.2340,1.2907,1.5228
203439,1.2336,453,Somateria spectabilis,Aves,Anseriformes,Anatidae,test,1.2765,18.9000,1.2340,1.1979,1.3945
206456,1.0736,396,Brycinus macrolepidotus,Actinopteri,Characiformes,Alestidae,test,0.6990,5.0000,1.2340,1.1903,1.1074
219545,1.2748,446,Ameiurus melas,Actinopteri,Siluriformes,Ictaluridae,test,1.0000,10.0000,1.2340,1.1903,1.2166
219593,1.2357,476,Aythya ferina,Aves,Anseriformes,Anatidae,test,1.3655,23.2000,1.2340,1.1979,1.3945
219594,1.2335,466,Aythya fuligula,Aves,Anseriformes,Anatidae,test,1.6551,45.2000,1.2340,1.1979,1.3945
219595,1.2825,470,Cygnus cygnus,Aves,Anseriformes,Anatidae,test,1.4265,26.7000,1.2340,1.1979,1.3945
225398,1.3569,459,Himantopus himantopus,Aves,Charadriiformes,Recurvirostridae,test,1.2041,16.0000,1.2340,1.1979,1.2129
230833,1.5023,476,Plecturocebus donacophilus,Mammalia,Primates,Pitheciidae,test,1.3979,25.0000,1.2340,1.2907,1.5228
234623,1.2297,452,Polysticta stelleri,Aves,Anseriformes,Anatidae,test,1.3617,23.0000,1.2340,1.1979,1.3945
234626,0.8661,526,Orientallactaga sibirica,Mammalia,Rodentia,Dipodidae,test,0.6532,4.5000,1.2340,1.2907,0.9734
238744,0.8108,437,Menidia menidia,Actinopteri,Atheriniformes,Atherinopsidae,test,0.3010,2.0000,1.2340,1.1903,0.6021
245042,1.0566,460,Lamprotornis superbus,Aves,Passeriformes,Sturnidae,test,1.3979,25.0000,1.2340,1.1979,1.0493
269057,0.8176,416,Menidia beryllina,Actinopteri,Atheriniformes,Atherinopsidae,test,0.3010,2.0000,1.2340,1.1903,0.6021
274718,1.1742,399,Gymnapistes marmoratus,Actinopteri,Perciformes,Tetrarogidae,test,1.1461,14.0000,1.2340,1.1903,1.5191
277994,0.8044,422,Pseudocrenilabrus philander,Actinopteri,Cichliformes,Cichlidae,test,0.6990,5.0000,1.2340,1.1903,1.1903
279934,1.2356,473,Bucephala albeola,Aves,Anseriformes,Anatidae,test,1.2718,18.7000,1.2340,1.1979,1.3945
279951,1.2288,466,Lophodytes cucullatus,Aves,Anseriformes,Anatidae,test,1.1959,15.7000,1.2340,1.1979,1.3945
304021,1.0235,430,Hydrocynus vittatus,Actinopteri,Characiformes,Alestidae,test,0.9031,8.0000,1.2340,1.1903,1.1074
311509,0.8797,400,Serranochromis macrocephalus,Actinopteri,Cichliformes,Cichlidae,test,0.7782,6.0000,1.2340,1.1903,1.1903
318676,0.9674,407,Australoheros facetus,Actinopteri,Cichliformes,Cichlidae,test,1.0000,10.0000,1.2340,1.1903,1.1903
352831,1.3366,515,Nasua narica,Mammalia,Carnivora,Procyonidae,test,1.4216,26.4000,1.2340,1.2907,1.3216
355514,0.8872,435,Leuresthes tenuis,Actinopteri,Atheriniformes,Atherinopsidae,test,0.9031,8.0000,1.2340,1.1903,0.6021
371860,1.2754,451,Branta hutchinsii,Aves,Anseriformes,Anatidae,test,1.2625,18.3000,1.2340,1.1979,1.3945
371863,1.2260,438,Melanitta perspicillata,Aves,Anseriformes,Anatidae,test,0.9777,9.5000,1.2340,1.1979,1.3945
371864,1.2334,460,Melanitta fusca,Aves,Anseriformes,Anatidae,test,1.3304,21.4000,1.2340,1.1979,1.3945
446415,1.0500,442,Argentina silus,Actinopteri,Argentiniformes,Argentinidae,test,1.5441,35.0000,1.2340,1.1903,1.1903
448029,1.2086,439,Argyrosomus japonicus,Actinopteri,NA,Sciaenidae,test,1.4771,30.0000,1.2340,1.1903,1.1133
449387,1.1628,376,Coleonyx elegans,Lepidosauria,Squamata,Eublepharidae,test,1.0414,11.0000,1.2340,1.1819,1.1819
481883,1.2612,475,Eublepharis macularius,Lepidosauria,Squamata,Eublepharidae,test,1.4548,28.5000,1.2340,1.1819,1.1819
497288,1.3417,403,Platycephalus conatus,Actinopteri,Perciformes,Platycephalidae,test,1.3010,20.0000,1.2340,1.1903,1.5191
554167,1.3643,461,Varecia rubra,Mammalia,Primates,Lemuridae,test,1.5740,37.5000,1.2340,1.2907,1.5228
651723,1.3608,418,Pteroplatytrygon violacea,Chondrichthyes,Myliobatiformes,Dasyatidae,test,1.3802,24.0000,1.2340,1.2785,1.3406
658924,1.3387,337,Plectropterus gambensis,Aves,Anseriformes,Anatidae,test,1.0531,11.3000,1.2340,1.1979,1.3945
673854,1.3280,445,Dasyatis pastinaca,Chondrichthyes,Myliobatiformes,Dasyatidae,test,1.3222,21.0000,1.2340,1.2785,1.3406
1296666,1.2350,308,Boiga trigonata,Lepidosauria,Squamata,Colubridae,test,0.9138,8.2000,1.2340,1.1819,1.1819
1328070,1.3694,527,Prolemur simus,Mammalia,Primates,Lemuridae,test,1.2455,17.6000,1.2340,1.2907,1.5228
1496133,1.3770,526,Pteropus pselaphon,Mammalia,Chiroptera,Pteropodidae,test,1.2227,16.7000,1.2340,1.2907,1.1959
1868482,1.4284,521,Carlito syrichta,Mammalia,Primates,Tarsiidae,test,1.2041,16.0000,1.2340,1.2907,1.5228
2202412,1.2233,449,Leptophis mexicanus,Lepidosauria,Squamata,Colubridae,test,0.8865,7.7000,1.2340,1.1819,1.1819
2583312,1.0712,468,Nesogale talazaci,Mammalia,Afrosoricida,Tenrecidae,test,0.7634,5.8000,1.2340,1.2907,1.2907
3150064,1.2379,464,Leptoptilos crumenifer,Aves,Ciconiiformes,Ciconiidae,test,1.6503,44.7000,1.2340,1.1979,1.1979
3371109,1.5938,528,Leucopleurus acutus,Mammalia,Artiodactyla,Delphinidae,test,1.4314,27.0000,1.2340,1.2907,1.5193
3371155,1.5933,529,Aethalodelphis obliquidens,Mammalia,Artiodactyla,Delphinidae,test,1.6628,46.0000,1.2340,1.2907,1.5193
3774380,1.0148,512,Megascapheus bottae,Mammalia,Rodentia,Geomyidae,test,0.7853,6.1000,1.2340,1.2907,0.9734
