run,epoch,loss,seen_species_top1,seen_pooled_species_top1,unseen_pooled_species_top1
main,1,4.5867,0.150,0.104,0.167
main,2,3.1318,0.271,0.237,0.095
main,3,2.7069,0.342,0.317,0.071
main,4,2.5195,0.338,0.308,0.119
main,5,2.3632,0.417,0.367,0.119
main,6,2.1950,0.458,0.396,0.143
main,7,2.1439,0.475,0.446,0.167
main,8,2.0888,0.483,0.433,0.238
main,9,1.9756,0.492,0.429,0.167
main,10,1.9382,0.529,0.471,0.214
main,11,1.9282,0.508,0.458,0.167
main,12,1.8846,0.508,0.471,0.143
main,13,1.8364,0.517,0.454,0.167
main,14,1.8151,0.529,0.496,0.119
main,15,1.7606,0.562,0.529,0.119
main,16,1.7583,0.575,0.521,0.143
main,17,1.7644,0.554,0.508,0.190
main,18,1.7232,0.508,0.479,0.167
main,19,1.6987,0.550,0.512,0.238
main,20,1.6828,0.567,0.512,0.167
B,1,5.1347,0.050,0.033,0.024
B,2,4.3285,0.142,0.108,0.095
B,3,3.8010,0.192,0.150,0.167
B,4,3.5373,0.263,0.212,0.167
B,5,3.3550,0.233,0.212,0.071
B,6,3.1960,0.271,0.242,0.119
B,7,3.1219,0.271,0.242,0.119
B,8,3.0611,0.325,0.287,0.095
B,9,2.9468,0.317,0.267,0.214
B,10,2.9166,0.338,0.304,0.167
B,11,2.8278,0.354,0.308,0.167
B,12,2.7617,0.379,0.329,0.119
B,13,2.7204,0.379,0.317,0.167
B,14,2.7052,0.392,0.342,0.119
B,15,2.6139,0.396,0.346,0.095
B,16,2.6037,0.400,0.342,0.190
B,17,2.6007,0.412,0.362,0.143
B,18,2.5636,0.421,0.371,0.119
B,19,2.4952,0.408,0.358,0.190
B,20,2.5062,0.425,0.362,0.095
