run,epoch,loss
main,1,0.6457
main,2,0.4475
main,3,0.3996
main,4,0.3801
main,5,0.3644
main,6,0.3527
main,7,0.3430
main,8,0.3362
main,9,0.3326
main,10,0.3256
main,11,0.3217
main,12,0.3220
main,13,0.3076
main,14,0.3044
main,15,0.3031
main,16,0.3057
main,17,0.2986
main,18,0.2959
main,19,0.2954
main,20,0.2920
main,21,0.2875
main,22,0.2879
main,23,0.2865
main,24,0.2854
main,25,0.2793
main,26,0.2793
main,27,0.2823
main,28,0.2780
main,29,0.2803
main,30,0.2789
main,31,0.2761
main,32,0.2728
main,33,0.2714
main,34,0.2676
main,35,0.2720
main,36,0.2649
main,37,0.2631
main,38,0.2682
main,39,0.2625
main,40,0.2599
main,41,0.2608
main,42,0.2578
main,43,0.2608
main,44,0.2612
main,45,0.2564
main,46,0.2570
main,47,0.2556
main,48,0.2533
main,49,0.2528
main,50,0.2522
main,51,0.2522
main,52,0.2498
main,53,0.2510
main,54,0.2506
main,55,0.2499
main,56,0.2477
main,57,0.2470
main,58,0.2466
main,59,0.2466
main,60,0.2475
main,61,0.2467
main,62,0.2451
main,63,0.2416
main,64,0.2416
main,65,0.2442
main,66,0.2425
main,67,0.2440
main,68,0.2410
main,69,0.2390
main,70,0.2387
main,71,0.2410
main,72,0.2402
main,73,0.2388
main,74,0.2376
main,75,0.2367
main,76,0.2353
main,77,0.2370
main,78,0.2337
main,79,0.2320
main,80,0.2329
main,81,0.2311
main,82,0.2327
main,83,0.2326
main,84,0.2334
main,85,0.2298
main,86,0.2323
main,87,0.2310
main,88,0.2327
main,89,0.2279
main,90,0.2329
main,91,0.2291
main,92,0.2302
main,93,0.2294
main,94,0.2294
main,95,0.2256
main,96,0.2250
main,97,0.2265
main,98,0.2272
main,99,0.2222
main,100,0.2217
main,101,0.2267
main,102,0.2216
main,103,0.2236
main,104,0.2255
main,105,0.2220
main,106,0.2232
main,107,0.2226
main,108,0.2204
main,109,0.2230
main,110,0.2232
main,111,0.2217
main,112,0.2221
main,113,0.2216
main,114,0.2193
main,115,0.2203
main,116,0.2191
main,117,0.2206
main,118,0.2202
main,119,0.2172
main,120,0.2176
main,121,0.2165
main,122,0.2186
main,123,0.2162
main,124,0.2157
main,125,0.2150
main,126,0.2148
main,127,0.2133
main,128,0.2136
main,129,0.2123
main,130,0.2151
main,131,0.2153
main,132,0.2141
main,133,0.2128
main,134,0.2114
main,135,0.2128
main,136,0.2147
main,137,0.2127
main,138,0.2107
main,139,0.2114
main,140,0.2119
main,141,0.2085
main,142,0.2089
main,143,0.2105
main,144,0.2106
main,145,0.2112
main,146,0.2097
main,147,0.2100
main,148,0.2078
main,149,0.2094
main,150,0.2066
main,151,0.2072
main,152,0.2084
main,153,0.2063
main,154,0.2088
main,155,0.2049
main,156,0.2053
main,157,0.2065
main,158,0.2009
main,159,0.2060
main,160,0.2045
main,161,0.2044
main,162,0.2022
main,163,0.2023
main,164,0.2001
main,165,0.2020
main,166,0.2016
main,167,0.2017
main,168,0.1997
main,169,0.2013
main,170,0.1993
main,171,0.2005
main,172,0.2012
main,173,0.2011
main,174,0.2003
main,175,0.2007
main,176,0.1978
main,177,0.2002
main,178,0.2000
main,179,0.1957
main,180,0.1987
main,181,0.1981
main,182,0.1966
main,183,0.1980
main,184,0.1986
main,185,0.1980
main,186,0.1951
main,187,0.1950
main,188,0.1974
main,189,0.1960
main,190,0.1929
main,191,0.1932
main,192,0.1946
main,193,0.1973
main,194,0.1949
main,195,0.1929
main,196,0.1953
main,197,0.1925
main,198,0.1954
main,199,0.1942
main,200,0.1972
main,201,0.1924
main,202,0.1944
main,203,0.1939
main,204,0.1889
main,205,0.1922
main,206,0.1896
main,207,0.1956
main,208,0.1916
main,209,0.1917
main,210,0.1933
main,211,0.1931
main,212,0.1924
main,213,0.1918
main,214,0.1904
main,215,0.1904
main,216,0.1905
main,217,0.1904
main,218,0.1932
main,219,0.1909
main,220,0.1938
main,221,0.1890
main,222,0.1898
main,223,0.1892
main,224,0.1897
main,225,0.1862
main,226,0.1910
main,227,0.1872
main,228,0.1902
main,229,0.1909
main,230,0.1877
main,231,0.1873
main,232,0.1865
main,233,0.1878
main,234,0.1889
main,235,0.1873
main,236,0.1865
main,237,0.1907
main,238,0.1895
main,239,0.1843
main,240,0.1878
main,241,0.1846
main,242,0.1865
main,243,0.1875
main,244,0.1889
main,245,0.1865
main,246,0.1870
main,247,0.1887
main,248,0.1865
main,249,0.1887
main,250,0.1860
main,251,0.1845
main,252,0.1886
main,253,0.1891
main,254,0.1869
main,255,0.1827
main,256,0.1842
main,257,0.1869
main,258,0.1878
main,259,0.1838
main,260,0.1841
main,261,0.1840
main,262,0.1862
main,263,0.1901
main,264,0.1842
main,265,0.1872
main,266,0.1878
main,267,0.1843
main,268,0.1842
main,269,0.1873
main,270,0.1844
main,271,0.1848
main,272,0.1864
main,273,0.1827
main,274,0.1841
main,275,0.1850
main,276,0.1843
main,277,0.1852
main,278,0.1816
main,279,0.1893
main,280,0.1830
main,281,0.1852
main,282,0.1811
main,283,0.1814
main,284,0.1835
main,285,0.1861
main,286,0.1851
main,287,0.1835
main,288,0.1850
main,289,0.1844
main,290,0.1846
main,291,0.1848
main,292,0.1841
main,293,0.1825
main,294,0.1831
main,295,0.1853
main,296,0.1814
main,297,0.1849
main,298,0.1846
main,299,0.1870
main,300,0.1838
B,1,0.6459
B,2,0.4484
B,3,0.4010
B,4,0.3818
B,5,0.3663
B,6,0.3548
B,7,0.3454
B,8,0.3388
B,9,0.3354
B,10,0.3286
B,11,0.3249
B,12,0.3255
B,13,0.3108
B,14,0.3076
B,15,0.3067
B,16,0.3092
B,17,0.3023
B,18,0.2999
B,19,0.2993
B,20,0.2958
B,21,0.2913
B,22,0.2922
B,23,0.2907
B,24,0.2894
B,25,0.2833
B,26,0.2838
B,27,0.2869
B,28,0.2826
B,29,0.2851
B,30,0.2833
B,31,0.2809
B,32,0.2775
B,33,0.2759
B,34,0.2722
B,35,0.2762
B,36,0.2688
B,37,0.2671
B,38,0.2726
B,39,0.2670
B,40,0.2644
B,41,0.2654
B,42,0.2619
B,43,0.2648
B,44,0.2656
B,45,0.2605
B,46,0.2610
B,47,0.2597
B,48,0.2575
B,49,0.2574
B,50,0.2563
B,51,0.2564
B,52,0.2544
B,53,0.2551
B,54,0.2548
B,55,0.2542
B,56,0.2517
B,57,0.2514
B,58,0.2509
B,59,0.2509
B,60,0.2514
B,61,0.2510
B,62,0.2496
B,63,0.2455
B,64,0.2456
B,65,0.2482
B,66,0.2463
B,67,0.2485
B,68,0.2452
B,69,0.2427
B,70,0.2427
B,71,0.2447
B,72,0.2439
B,73,0.2423
B,74,0.2416
B,75,0.2409
B,76,0.2388
B,77,0.2403
B,78,0.2374
B,79,0.2356
B,80,0.2365
B,81,0.2348
B,82,0.2361
B,83,0.2367
B,84,0.2369
B,85,0.2341
B,86,0.2364
B,87,0.2344
B,88,0.2363
B,89,0.2319
B,90,0.2367
B,91,0.2327
B,92,0.2342
B,93,0.2337
B,94,0.2333
B,95,0.2289
B,96,0.2286
B,97,0.2300
B,98,0.2312
B,99,0.2257
B,100,0.2255
B,101,0.2303
B,102,0.2252
B,103,0.2274
B,104,0.2293
B,105,0.2251
B,106,0.2270
B,107,0.2259
B,108,0.2242
B,109,0.2270
B,110,0.2267
B,111,0.2249
B,112,0.2257
B,113,0.2249
B,114,0.2225
B,115,0.2240
B,116,0.2225
B,117,0.2239
B,118,0.2236
B,119,0.2204
B,120,0.2208
B,121,0.2203
B,122,0.2226
B,123,0.2196
B,124,0.2191
B,125,0.2186
B,126,0.2185
B,127,0.2163
B,128,0.2166
B,129,0.2155
B,130,0.2187
B,131,0.2188
B,132,0.2177
B,133,0.2162
B,134,0.2149
B,135,0.2160
B,136,0.2178
B,137,0.2159
B,138,0.2141
B,139,0.2148
B,140,0.2151
B,141,0.2114
B,142,0.2126
B,143,0.2145
B,144,0.2142
B,145,0.2145
B,146,0.2136
B,147,0.2136
B,148,0.2109
B,149,0.2127
B,150,0.2100
B,151,0.2106
B,152,0.2113
B,153,0.2094
B,154,0.2122
B,155,0.2076
B,156,0.2090
B,157,0.2096
B,158,0.2044
B,159,0.2091
B,160,0.2079
B,161,0.2075
B,162,0.2054
B,163,0.2057
B,164,0.2031
B,165,0.2050
B,166,0.2050
B,167,0.2048
B,168,0.2030
B,169,0.2041
B,170,0.2029
B,171,0.2035
B,172,0.2043
B,173,0.2043
B,174,0.2038
B,175,0.2039
B,176,0.2011
B,177,0.2028
B,178,0.2032
B,179,0.1993
B,180,0.2018
B,181,0.2012
B,182,0.2000
B,183,0.2010
B,184,0.2019
B,185,0.2010
B,186,0.1983
B,187,0.1977
B,188,0.2008
B,189,0.1992
B,190,0.1954
B,191,0.1964
B,192,0.1976
B,193,0.2003
B,194,0.1980
B,195,0.1956
B,196,0.1985
B,197,0.1956
B,198,0.1983
B,199,0.1975
B,200,0.2006
B,201,0.1957
B,202,0.1978
B,203,0.1974
B,204,0.1920
B,205,0.1956
B,206,0.1926
B,207,0.1991
B,208,0.1949
B,209,0.1948
B,210,0.1960
B,211,0.1961
B,212,0.1955
B,213,0.1947
B,214,0.1930
B,215,0.1931
B,216,0.1938
B,217,0.1933
B,218,0.1955
B,219,0.1937
B,220,0.1970
B,221,0.1922
B,222,0.1928
B,223,0.1921
B,224,0.1927
B,225,0.1892
B,226,0.1938
B,227,0.1901
B,228,0.1932
B,229,0.1938
B,230,0.1910
B,231,0.1900
B,232,0.1894
B,233,0.1906
B,234,0.1921
B,235,0.1901
B,236,0.1896
B,237,0.1940
B,238,0.1925
B,239,0.1874
B,240,0.1904
B,241,0.1873
B,242,0.1897
B,243,0.1905
B,244,0.1919
B,245,0.1889
B,246,0.1901
B,247,0.1917
B,248,0.1897
B,249,0.1915
B,250,0.1890
B,251,0.1874
B,252,0.1919
B,253,0.1923
B,254,0.1899
B,255,0.1856
B,256,0.1874
B,257,0.1898
B,258,0.1908
B,259,0.1868
B,260,0.1870
B,261,0.1866
B,262,0.1897
B,263,0.1930
B,264,0.1872
B,265,0.1899
B,266,0.1905
B,267,0.1873
B,268,0.1872
B,269,0.1902
B,270,0.1878
B,271,0.1877
B,272,0.1892
B,273,0.1857
B,274,0.1868
B,275,0.1876
B,276,0.1870
B,277,0.1880
B,278,0.1846
B,279,0.1920
B,280,0.1856
B,281,0.1882
B,282,0.1844
B,283,0.1843
B,284,0.1865
B,285,0.1891
B,286,0.1882
B,287,0.1863
B,288,0.1878
B,289,0.1877
B,290,0.1879
B,291,0.1879
B,292,0.1869
B,293,0.1853
B,294,0.1860
B,295,0.1884
B,296,0.1841
B,297,0.1876
B,298,0.1880
B,299,0.1899
B,300,0.1864
