ensembl_species_held_out,human_gene_id
ailuropoda_melanoleuca,ENSG00000005884
ailuropoda_melanoleuca,ENSG00000009790
ailuropoda_melanoleuca,ENSG00000052850
ailuropoda_melanoleuca,ENSG00000055813
ailuropoda_melanoleuca,ENSG00000074803
ailuropoda_melanoleuca,ENSG00000083782
ailuropoda_melanoleuca,ENSG00000085449
ailuropoda_melanoleuca,ENSG00000090104
ailuropoda_melanoleuca,ENSG00000100439
ailuropoda_melanoleuca,ENSG00000101871
ailuropoda_melanoleuca,ENSG00000104327
ailuropoda_melanoleuca,ENSG00000104419
ailuropoda_melanoleuca,ENSG00000106113
ailuropoda_melanoleuca,ENSG00000106799
ailuropoda_melanoleuca,ENSG00000108231
ailuropoda_melanoleuca,ENSG00000112992
ailuropoda_melanoleuca,ENSG00000114302
ailuropoda_melanoleuca,ENSG00000115827
ailuropoda_melanoleuca,ENSG00000116745
ailuropoda_melanoleuca,ENSG00000119969
ailuropoda_melanoleuca,ENSG00000126775
ailuropoda_melanoleuca,ENSG00000133059
ailuropoda_melanoleuca,ENSG00000135272
ailuropoda_melanoleuca,ENSG00000135956
ailuropoda_melanoleuca,ENSG00000135966
ailuropoda_melanoleuca,ENSG00000138182
ailuropoda_melanoleuca,ENSG00000138303
ailuropoda_melanoleuca,ENSG00000139746
ailuropoda_melanoleuca,ENSG00000140285
ailuropoda_melanoleuca,ENSG00000146197
ailuropoda_melanoleuca,ENSG00000148484
ailuropoda_melanoleuca,ENSG00000148798
ailuropoda_melanoleuca,ENSG00000151790
ailuropoda_melanoleuca,ENSG00000151962
ailuropoda_melanoleuca,ENSG00000152137
ailuropoda_melanoleuca,ENSG00000152253
ailuropoda_melanoleuca,ENSG00000153162
ailuropoda_melanoleuca,ENSG00000154928
ailuropoda_melanoleuca,ENSG00000154930
ailuropoda_melanoleuca,ENSG00000156469
ailuropoda_melanoleuca,ENSG00000156471
ailuropoda_melanoleuca,ENSG00000159387
ailuropoda_melanoleuca,ENSG00000164291
ailuropoda_melanoleuca,ENSG00000164325
ailuropoda_melanoleuca,ENSG00000164600
ailuropoda_melanoleuca,ENSG00000164953
ailuropoda_melanoleuca,ENSG00000165695
ailuropoda_melanoleuca,ENSG00000166569
ailuropoda_melanoleuca,ENSG00000170464
ailuropoda_melanoleuca,ENSG00000170477
ailuropoda_melanoleuca,ENSG00000170903
ailuropoda_melanoleuca,ENSG00000171722
ailuropoda_melanoleuca,ENSG00000174307
ailuropoda_melanoleuca,ENSG00000177189
ailuropoda_melanoleuca,ENSG00000180347
ailuropoda_melanoleuca,ENSG00000188760
ailuropoda_melanoleuca,ENSG00000196123
ailuropoda_melanoleuca,ENSG00000196504
ailuropoda_melanoleuca,ENSG00000196968
ailuropoda_melanoleuca,ENSG00000197136
ailuropoda_melanoleuca,ENSG00000203965
ailuropoda_melanoleuca,ENSG00000227345
ailuropoda_melanoleuca,ENSG00000243708
ailuropoda_melanoleuca,ENSG00000247626
ailuropoda_melanoleuca,ENSG00000284862
balaenoptera_musculus,ENSG00000005884
balaenoptera_musculus,ENSG00000009790
balaenoptera_musculus,ENSG00000052850
balaenoptera_musculus,ENSG00000055813
balaenoptera_musculus,ENSG00000074803
balaenoptera_musculus,ENSG00000085449
balaenoptera_musculus,ENSG00000085719
balaenoptera_musculus,ENSG00000090104
balaenoptera_musculus,ENSG00000100439
balaenoptera_musculus,ENSG00000101871
balaenoptera_musculus,ENSG00000104419
balaenoptera_musculus,ENSG00000106113
balaenoptera_musculus,ENSG00000106799
balaenoptera_musculus,ENSG00000106952
balaenoptera_musculus,ENSG00000107796
balaenoptera_musculus,ENSG00000108231
balaenoptera_musculus,ENSG00000110768
balaenoptera_musculus,ENSG00000119969
balaenoptera_musculus,ENSG00000126775
balaenoptera_musculus,ENSG00000133059
balaenoptera_musculus,ENSG00000138303
balaenoptera_musculus,ENSG00000139746
balaenoptera_musculus,ENSG00000140285
balaenoptera_musculus,ENSG00000145685
balaenoptera_musculus,ENSG00000146197
balaenoptera_musculus,ENSG00000148484
balaenoptera_musculus,ENSG00000151790
balaenoptera_musculus,ENSG00000151962
balaenoptera_musculus,ENSG00000152137
balaenoptera_musculus,ENSG00000152253
balaenoptera_musculus,ENSG00000153162
balaenoptera_musculus,ENSG00000154930
balaenoptera_musculus,ENSG00000156469
balaenoptera_musculus,ENSG00000156471
balaenoptera_musculus,ENSG00000163106
balaenoptera_musculus,ENSG00000164291
balaenoptera_musculus,ENSG00000164325
balaenoptera_musculus,ENSG00000164600
balaenoptera_musculus,ENSG00000165695
balaenoptera_musculus,ENSG00000166569
balaenoptera_musculus,ENSG00000170477
balaenoptera_musculus,ENSG00000170903
balaenoptera_musculus,ENSG00000171722
balaenoptera_musculus,ENSG00000177189
balaenoptera_musculus,ENSG00000181751
balaenoptera_musculus,ENSG00000188760
balaenoptera_musculus,ENSG00000196504
balaenoptera_musculus,ENSG00000196968
balaenoptera_musculus,ENSG00000197136
balaenoptera_musculus,ENSG00000197150
balaenoptera_musculus,ENSG00000227345
balaenoptera_musculus,ENSG00000243708
balaenoptera_musculus,ENSG00000247626
bos_grunniens,ENSG00000005884
bos_grunniens,ENSG00000009790
bos_grunniens,ENSG00000052850
bos_grunniens,ENSG00000055813
bos_grunniens,ENSG00000074803
bos_grunniens,ENSG00000083782
bos_grunniens,ENSG00000085449
bos_grunniens,ENSG00000090104
bos_grunniens,ENSG00000100439
bos_grunniens,ENSG00000101871
bos_grunniens,ENSG00000104327
bos_grunniens,ENSG00000104419
bos_grunniens,ENSG00000106113
bos_grunniens,ENSG00000106799
bos_grunniens,ENSG00000108231
bos_grunniens,ENSG00000112992
bos_grunniens,ENSG00000114302
bos_grunniens,ENSG00000115827
bos_grunniens,ENSG00000116745
bos_grunniens,ENSG00000119969
bos_grunniens,ENSG00000122035
bos_grunniens,ENSG00000126775
bos_grunniens,ENSG00000133059
bos_grunniens,ENSG00000135966
bos_grunniens,ENSG00000138182
bos_grunniens,ENSG00000138303
bos_grunniens,ENSG00000139746
bos_grunniens,ENSG00000140285
bos_grunniens,ENSG00000146197
bos_grunniens,ENSG00000148484
bos_grunniens,ENSG00000151790
bos_grunniens,ENSG00000151962
bos_grunniens,ENSG00000152137
bos_grunniens,ENSG00000152253
bos_grunniens,ENSG00000153162
bos_grunniens,ENSG00000154930
bos_grunniens,ENSG00000156469
bos_grunniens,ENSG00000156471
bos_grunniens,ENSG00000158816
bos_grunniens,ENSG00000159387
bos_grunniens,ENSG00000163848
bos_grunniens,ENSG00000164291
bos_grunniens,ENSG00000164325
bos_grunniens,ENSG00000164600
bos_grunniens,ENSG00000164953
bos_grunniens,ENSG00000165695
bos_grunniens,ENSG00000166569
bos_grunniens,ENSG00000170477
bos_grunniens,ENSG00000170903
bos_grunniens,ENSG00000171722
bos_grunniens,ENSG00000174307
bos_grunniens,ENSG00000177189
bos_grunniens,ENSG00000188760
bos_grunniens,ENSG00000196504
bos_grunniens,ENSG00000196968
bos_grunniens,ENSG00000197136
bos_grunniens,ENSG00000197150
bos_grunniens,ENSG00000227345
bos_grunniens,ENSG00000243708
bos_grunniens,ENSG00000247626
bos_grunniens,ENSG00000284862
callithrix_jacchus,ENSG00000005884
callithrix_jacchus,ENSG00000009790
callithrix_jacchus,ENSG00000052850
callithrix_jacchus,ENSG00000055813
callithrix_jacchus,ENSG00000071967
callithrix_jacchus,ENSG00000074803
callithrix_jacchus,ENSG00000083782
callithrix_jacchus,ENSG00000085449
callithrix_jacchus,ENSG00000090104
callithrix_jacchus,ENSG00000100439
callithrix_jacchus,ENSG00000101871
callithrix_jacchus,ENSG00000104327
callithrix_jacchus,ENSG00000106113
callithrix_jacchus,ENSG00000106799
callithrix_jacchus,ENSG00000106952
callithrix_jacchus,ENSG00000108231
callithrix_jacchus,ENSG00000112992
callithrix_jacchus,ENSG00000114302
callithrix_jacchus,ENSG00000115827
callithrix_jacchus,ENSG00000116745
callithrix_jacchus,ENSG00000119689
callithrix_jacchus,ENSG00000119969
callithrix_jacchus,ENSG00000126775
callithrix_jacchus,ENSG00000126950
callithrix_jacchus,ENSG00000133059
callithrix_jacchus,ENSG00000134253
callithrix_jacchus,ENSG00000135272
callithrix_jacchus,ENSG00000135823
callithrix_jacchus,ENSG00000135966
callithrix_jacchus,ENSG00000138303
callithrix_jacchus,ENSG00000139746
callithrix_jacchus,ENSG00000140285
callithrix_jacchus,ENSG00000145331
callithrix_jacchus,ENSG00000146197
callithrix_jacchus,ENSG00000148484
callithrix_jacchus,ENSG00000151790
callithrix_jacchus,ENSG00000151962
callithrix_jacchus,ENSG00000152137
callithrix_jacchus,ENSG00000152253
callithrix_jacchus,ENSG00000153162
callithrix_jacchus,ENSG00000154928
callithrix_jacchus,ENSG00000154930
callithrix_jacchus,ENSG00000156469
callithrix_jacchus,ENSG00000156471
callithrix_jacchus,ENSG00000158816
callithrix_jacchus,ENSG00000159387
callithrix_jacchus,ENSG00000160838
callithrix_jacchus,ENSG00000164283
callithrix_jacchus,ENSG00000164291
callithrix_jacchus,ENSG00000164294
callithrix_jacchus,ENSG00000164325
callithrix_jacchus,ENSG00000164600
callithrix_jacchus,ENSG00000164953
callithrix_jacchus,ENSG00000165695
callithrix_jacchus,ENSG00000166569
callithrix_jacchus,ENSG00000170477
callithrix_jacchus,ENSG00000170903
callithrix_jacchus,ENSG00000171722
callithrix_jacchus,ENSG00000174307
callithrix_jacchus,ENSG00000176040
callithrix_jacchus,ENSG00000177189
callithrix_jacchus,ENSG00000188760
callithrix_jacchus,ENSG00000196123
callithrix_jacchus,ENSG00000196504
callithrix_jacchus,ENSG00000196968
callithrix_jacchus,ENSG00000197136
callithrix_jacchus,ENSG00000197150
callithrix_jacchus,ENSG00000198915
callithrix_jacchus,ENSG00000227345
callithrix_jacchus,ENSG00000243708
callithrix_jacchus,ENSG00000247626
callithrix_jacchus,ENSG00000284862
camelus_dromedarius,ENSG00000005884
camelus_dromedarius,ENSG00000009790
camelus_dromedarius,ENSG00000052850
camelus_dromedarius,ENSG00000055813
camelus_dromedarius,ENSG00000074803
camelus_dromedarius,ENSG00000085449
camelus_dromedarius,ENSG00000090104
camelus_dromedarius,ENSG00000100439
camelus_dromedarius,ENSG00000101871
camelus_dromedarius,ENSG00000104327
camelus_dromedarius,ENSG00000104419
camelus_dromedarius,ENSG00000106113
camelus_dromedarius,ENSG00000106799
camelus_dromedarius,ENSG00000108231
camelus_dromedarius,ENSG00000114302
camelus_dromedarius,ENSG00000115827
camelus_dromedarius,ENSG00000116745
camelus_dromedarius,ENSG00000119969
camelus_dromedarius,ENSG00000126775
camelus_dromedarius,ENSG00000133059
camelus_dromedarius,ENSG00000138303
camelus_dromedarius,ENSG00000139746
camelus_dromedarius,ENSG00000140285
camelus_dromedarius,ENSG00000146197
camelus_dromedarius,ENSG00000148484
camelus_dromedarius,ENSG00000151790
camelus_dromedarius,ENSG00000151962
camelus_dromedarius,ENSG00000152137
camelus_dromedarius,ENSG00000152253
camelus_dromedarius,ENSG00000153162
camelus_dromedarius,ENSG00000154930
camelus_dromedarius,ENSG00000156469
camelus_dromedarius,ENSG00000156471
camelus_dromedarius,ENSG00000159387
camelus_dromedarius,ENSG00000164291
camelus_dromedarius,ENSG00000164325
camelus_dromedarius,ENSG00000164332
camelus_dromedarius,ENSG00000164600
camelus_dromedarius,ENSG00000164953
camelus_dromedarius,ENSG00000165695
camelus_dromedarius,ENSG00000166569
camelus_dromedarius,ENSG00000170477
camelus_dromedarius,ENSG00000170903
camelus_dromedarius,ENSG00000171408
camelus_dromedarius,ENSG00000171722
camelus_dromedarius,ENSG00000174307
camelus_dromedarius,ENSG00000177189
camelus_dromedarius,ENSG00000188760
camelus_dromedarius,ENSG00000196504
camelus_dromedarius,ENSG00000196968
camelus_dromedarius,ENSG00000197136
camelus_dromedarius,ENSG00000197150
camelus_dromedarius,ENSG00000227345
camelus_dromedarius,ENSG00000243708
camelus_dromedarius,ENSG00000247626
camelus_dromedarius,ENSG00000284862
capra_hircus,ENSG00000005884
capra_hircus,ENSG00000009790
capra_hircus,ENSG00000052850
capra_hircus,ENSG00000055813
capra_hircus,ENSG00000064102
capra_hircus,ENSG00000071967
capra_hircus,ENSG00000074803
capra_hircus,ENSG00000083782
capra_hircus,ENSG00000085449
capra_hircus,ENSG00000085719
capra_hircus,ENSG00000090104
capra_hircus,ENSG00000100439
capra_hircus,ENSG00000101871
capra_hircus,ENSG00000103591
capra_hircus,ENSG00000104327
capra_hircus,ENSG00000104419
capra_hircus,ENSG00000106113
capra_hircus,ENSG00000106799
capra_hircus,ENSG00000106952
capra_hircus,ENSG00000108231
capra_hircus,ENSG00000112992
capra_hircus,ENSG00000114302
capra_hircus,ENSG00000115827
capra_hircus,ENSG00000116745
capra_hircus,ENSG00000119689
capra_hircus,ENSG00000119969
capra_hircus,ENSG00000126775
capra_hircus,ENSG00000132600
capra_hircus,ENSG00000133059
capra_hircus,ENSG00000134253
capra_hircus,ENSG00000135823
capra_hircus,ENSG00000135966
capra_hircus,ENSG00000138182
capra_hircus,ENSG00000138303
capra_hircus,ENSG00000139746
capra_hircus,ENSG00000140285
capra_hircus,ENSG00000143228
capra_hircus,ENSG00000145358
capra_hircus,ENSG00000146197
capra_hircus,ENSG00000148484
capra_hircus,ENSG00000151790
capra_hircus,ENSG00000151962
capra_hircus,ENSG00000152137
capra_hircus,ENSG00000152253
capra_hircus,ENSG00000153162
capra_hircus,ENSG00000154928
capra_hircus,ENSG00000154930
capra_hircus,ENSG00000156469
capra_hircus,ENSG00000156471
capra_hircus,ENSG00000158816
capra_hircus,ENSG00000159387
capra_hircus,ENSG00000164291
capra_hircus,ENSG00000164325
capra_hircus,ENSG00000164600
capra_hircus,ENSG00000164953
capra_hircus,ENSG00000165695
capra_hircus,ENSG00000166569
capra_hircus,ENSG00000170464
capra_hircus,ENSG00000170477
capra_hircus,ENSG00000170903
capra_hircus,ENSG00000171722
capra_hircus,ENSG00000173714
capra_hircus,ENSG00000174307
capra_hircus,ENSG00000176040
capra_hircus,ENSG00000177189
capra_hircus,ENSG00000183876
capra_hircus,ENSG00000188760
capra_hircus,ENSG00000196123
capra_hircus,ENSG00000196504
capra_hircus,ENSG00000196968
capra_hircus,ENSG00000197136
capra_hircus,ENSG00000197150
capra_hircus,ENSG00000227345
capra_hircus,ENSG00000243708
capra_hircus,ENSG00000247626
capra_hircus,ENSG00000284862
cavia_porcellus,ENSG00000005884
cavia_porcellus,ENSG00000009790
cavia_porcellus,ENSG00000052850
cavia_porcellus,ENSG00000055813
cavia_porcellus,ENSG00000074803
cavia_porcellus,ENSG00000085449
cavia_porcellus,ENSG00000090104
cavia_porcellus,ENSG00000100439
cavia_porcellus,ENSG00000101871
cavia_porcellus,ENSG00000104327
cavia_porcellus,ENSG00000106113
cavia_porcellus,ENSG00000106799
cavia_porcellus,ENSG00000106952
cavia_porcellus,ENSG00000108231
cavia_porcellus,ENSG00000114302
cavia_porcellus,ENSG00000116745
cavia_porcellus,ENSG00000119285
cavia_porcellus,ENSG00000119969
cavia_porcellus,ENSG00000126775
cavia_porcellus,ENSG00000133059
cavia_porcellus,ENSG00000135272
cavia_porcellus,ENSG00000138303
cavia_porcellus,ENSG00000139746
cavia_porcellus,ENSG00000140285
cavia_porcellus,ENSG00000146197
cavia_porcellus,ENSG00000148484
cavia_porcellus,ENSG00000151790
cavia_porcellus,ENSG00000151962
cavia_porcellus,ENSG00000152137
cavia_porcellus,ENSG00000152253
cavia_porcellus,ENSG00000153162
cavia_porcellus,ENSG00000154930
cavia_porcellus,ENSG00000156469
cavia_porcellus,ENSG00000156471
cavia_porcellus,ENSG00000159387
cavia_porcellus,ENSG00000164291
cavia_porcellus,ENSG00000164325
cavia_porcellus,ENSG00000164600
cavia_porcellus,ENSG00000165695
cavia_porcellus,ENSG00000165698
cavia_porcellus,ENSG00000166569
cavia_porcellus,ENSG00000167139
cavia_porcellus,ENSG00000170477
cavia_porcellus,ENSG00000171722
cavia_porcellus,ENSG00000177189
cavia_porcellus,ENSG00000188760
cavia_porcellus,ENSG00000196123
cavia_porcellus,ENSG00000196504
cavia_porcellus,ENSG00000196968
cavia_porcellus,ENSG00000197136
cavia_porcellus,ENSG00000227345
cavia_porcellus,ENSG00000243708
cavia_porcellus,ENSG00000247626
chinchilla_lanigera,ENSG00000005884
chinchilla_lanigera,ENSG00000009790
chinchilla_lanigera,ENSG00000018625
chinchilla_lanigera,ENSG00000052850
chinchilla_lanigera,ENSG00000055813
chinchilla_lanigera,ENSG00000074803
chinchilla_lanigera,ENSG00000085449
chinchilla_lanigera,ENSG00000090104
chinchilla_lanigera,ENSG00000100439
chinchilla_lanigera,ENSG00000101871
chinchilla_lanigera,ENSG00000104327
chinchilla_lanigera,ENSG00000106113
chinchilla_lanigera,ENSG00000106799
chinchilla_lanigera,ENSG00000108231
chinchilla_lanigera,ENSG00000114302
chinchilla_lanigera,ENSG00000115827
chinchilla_lanigera,ENSG00000116745
chinchilla_lanigera,ENSG00000119969
chinchilla_lanigera,ENSG00000126775
chinchilla_lanigera,ENSG00000129295
chinchilla_lanigera,ENSG00000133059
chinchilla_lanigera,ENSG00000135272
chinchilla_lanigera,ENSG00000135966
chinchilla_lanigera,ENSG00000138303
chinchilla_lanigera,ENSG00000139746
chinchilla_lanigera,ENSG00000140285
chinchilla_lanigera,ENSG00000146197
chinchilla_lanigera,ENSG00000148484
chinchilla_lanigera,ENSG00000151790
chinchilla_lanigera,ENSG00000151962
chinchilla_lanigera,ENSG00000152137
chinchilla_lanigera,ENSG00000152253
chinchilla_lanigera,ENSG00000153162
chinchilla_lanigera,ENSG00000154930
chinchilla_lanigera,ENSG00000156469
chinchilla_lanigera,ENSG00000156471
chinchilla_lanigera,ENSG00000158816
chinchilla_lanigera,ENSG00000159387
chinchilla_lanigera,ENSG00000164291
chinchilla_lanigera,ENSG00000164325
chinchilla_lanigera,ENSG00000164600
chinchilla_lanigera,ENSG00000164953
chinchilla_lanigera,ENSG00000165695
chinchilla_lanigera,ENSG00000166569
chinchilla_lanigera,ENSG00000170464
chinchilla_lanigera,ENSG00000170477
chinchilla_lanigera,ENSG00000171722
chinchilla_lanigera,ENSG00000174307
chinchilla_lanigera,ENSG00000177189
chinchilla_lanigera,ENSG00000196504
chinchilla_lanigera,ENSG00000196968
chinchilla_lanigera,ENSG00000197136
chinchilla_lanigera,ENSG00000197150
chinchilla_lanigera,ENSG00000227345
chinchilla_lanigera,ENSG00000243708
chinchilla_lanigera,ENSG00000247626
chinchilla_lanigera,ENSG00000276600
dasypus_novemcinctus,ENSG00000005884
dasypus_novemcinctus,ENSG00000009790
dasypus_novemcinctus,ENSG00000052850
dasypus_novemcinctus,ENSG00000055813
dasypus_novemcinctus,ENSG00000074803
dasypus_novemcinctus,ENSG00000085449
dasypus_novemcinctus,ENSG00000090104
dasypus_novemcinctus,ENSG00000100439
dasypus_novemcinctus,ENSG00000101871
dasypus_novemcinctus,ENSG00000104327
dasypus_novemcinctus,ENSG00000104419
dasypus_novemcinctus,ENSG00000106113
dasypus_novemcinctus,ENSG00000106799
dasypus_novemcinctus,ENSG00000108231
dasypus_novemcinctus,ENSG00000112992
dasypus_novemcinctus,ENSG00000114302
dasypus_novemcinctus,ENSG00000115827
dasypus_novemcinctus,ENSG00000116745
dasypus_novemcinctus,ENSG00000119969
dasypus_novemcinctus,ENSG00000126775
dasypus_novemcinctus,ENSG00000133059
dasypus_novemcinctus,ENSG00000135272
dasypus_novemcinctus,ENSG00000135966
dasypus_novemcinctus,ENSG00000138303
dasypus_novemcinctus,ENSG00000139746
dasypus_novemcinctus,ENSG00000140285
dasypus_novemcinctus,ENSG00000146197
dasypus_novemcinctus,ENSG00000148484
dasypus_novemcinctus,ENSG00000151790
dasypus_novemcinctus,ENSG00000151962
dasypus_novemcinctus,ENSG00000152137
dasypus_novemcinctus,ENSG00000152253
dasypus_novemcinctus,ENSG00000153162
dasypus_novemcinctus,ENSG00000154930
dasypus_novemcinctus,ENSG00000156469
dasypus_novemcinctus,ENSG00000156471
dasypus_novemcinctus,ENSG00000159387
dasypus_novemcinctus,ENSG00000164291
dasypus_novemcinctus,ENSG00000164325
dasypus_novemcinctus,ENSG00000164600
dasypus_novemcinctus,ENSG00000164953
dasypus_novemcinctus,ENSG00000165695
dasypus_novemcinctus,ENSG00000165698
dasypus_novemcinctus,ENSG00000166569
dasypus_novemcinctus,ENSG00000170464
dasypus_novemcinctus,ENSG00000170477
dasypus_novemcinctus,ENSG00000170903
dasypus_novemcinctus,ENSG00000171722
dasypus_novemcinctus,ENSG00000174307
dasypus_novemcinctus,ENSG00000177189
dasypus_novemcinctus,ENSG00000188760
dasypus_novemcinctus,ENSG00000196504
dasypus_novemcinctus,ENSG00000196968
dasypus_novemcinctus,ENSG00000197136
dasypus_novemcinctus,ENSG00000197150
dasypus_novemcinctus,ENSG00000197442
dasypus_novemcinctus,ENSG00000227345
dasypus_novemcinctus,ENSG00000243708
dasypus_novemcinctus,ENSG00000247626
dasypus_novemcinctus,ENSG00000284862
delphinapterus_leucas,ENSG00000005884
delphinapterus_leucas,ENSG00000009790
delphinapterus_leucas,ENSG00000052850
delphinapterus_leucas,ENSG00000055813
delphinapterus_leucas,ENSG00000074803
delphinapterus_leucas,ENSG00000085449
delphinapterus_leucas,ENSG00000090104
delphinapterus_leucas,ENSG00000100439
delphinapterus_leucas,ENSG00000101871
delphinapterus_leucas,ENSG00000104419
delphinapterus_leucas,ENSG00000106113
delphinapterus_leucas,ENSG00000106799
delphinapterus_leucas,ENSG00000106952
delphinapterus_leucas,ENSG00000108231
delphinapterus_leucas,ENSG00000114302
delphinapterus_leucas,ENSG00000115827
delphinapterus_leucas,ENSG00000116745
delphinapterus_leucas,ENSG00000119689
delphinapterus_leucas,ENSG00000119969
delphinapterus_leucas,ENSG00000126775
delphinapterus_leucas,ENSG00000126950
delphinapterus_leucas,ENSG00000133059
delphinapterus_leucas,ENSG00000135272
delphinapterus_leucas,ENSG00000138303
delphinapterus_leucas,ENSG00000139746
delphinapterus_leucas,ENSG00000140285
delphinapterus_leucas,ENSG00000146197
delphinapterus_leucas,ENSG00000148484
delphinapterus_leucas,ENSG00000151790
delphinapterus_leucas,ENSG00000151962
delphinapterus_leucas,ENSG00000152137
delphinapterus_leucas,ENSG00000152253
delphinapterus_leucas,ENSG00000153162
delphinapterus_leucas,ENSG00000154930
delphinapterus_leucas,ENSG00000156469
delphinapterus_leucas,ENSG00000156471
delphinapterus_leucas,ENSG00000159387
delphinapterus_leucas,ENSG00000163848
delphinapterus_leucas,ENSG00000164291
delphinapterus_leucas,ENSG00000164325
delphinapterus_leucas,ENSG00000164600
delphinapterus_leucas,ENSG00000164953
delphinapterus_leucas,ENSG00000165695
delphinapterus_leucas,ENSG00000166569
delphinapterus_leucas,ENSG00000170477
delphinapterus_leucas,ENSG00000170903
delphinapterus_leucas,ENSG00000171722
delphinapterus_leucas,ENSG00000177189
delphinapterus_leucas,ENSG00000179915
delphinapterus_leucas,ENSG00000188760
delphinapterus_leucas,ENSG00000196504
delphinapterus_leucas,ENSG00000196968
delphinapterus_leucas,ENSG00000197136
delphinapterus_leucas,ENSG00000197150
delphinapterus_leucas,ENSG00000198915
delphinapterus_leucas,ENSG00000227345
delphinapterus_leucas,ENSG00000243708
delphinapterus_leucas,ENSG00000247626
delphinapterus_leucas,ENSG00000275700
delphinapterus_leucas,ENSG00000284862
dipodomys_ordii,ENSG00000002745
dipodomys_ordii,ENSG00000005884
dipodomys_ordii,ENSG00000009790
dipodomys_ordii,ENSG00000052850
dipodomys_ordii,ENSG00000055813
dipodomys_ordii,ENSG00000074803
dipodomys_ordii,ENSG00000085449
dipodomys_ordii,ENSG00000090104
dipodomys_ordii,ENSG00000100439
dipodomys_ordii,ENSG00000101871
dipodomys_ordii,ENSG00000104327
dipodomys_ordii,ENSG00000104419
dipodomys_ordii,ENSG00000106113
dipodomys_ordii,ENSG00000106799
dipodomys_ordii,ENSG00000108231
dipodomys_ordii,ENSG00000112992
dipodomys_ordii,ENSG00000114302
dipodomys_ordii,ENSG00000115827
dipodomys_ordii,ENSG00000116745
dipodomys_ordii,ENSG00000119689
dipodomys_ordii,ENSG00000119969
dipodomys_ordii,ENSG00000126775
dipodomys_ordii,ENSG00000133059
dipodomys_ordii,ENSG00000135272
dipodomys_ordii,ENSG00000135966
dipodomys_ordii,ENSG00000138182
dipodomys_ordii,ENSG00000138303
dipodomys_ordii,ENSG00000139746
dipodomys_ordii,ENSG00000140285
dipodomys_ordii,ENSG00000146197
dipodomys_ordii,ENSG00000148484
dipodomys_ordii,ENSG00000151790
dipodomys_ordii,ENSG00000151962
dipodomys_ordii,ENSG00000152137
dipodomys_ordii,ENSG00000152253
dipodomys_ordii,ENSG00000153162
dipodomys_ordii,ENSG00000154930
dipodomys_ordii,ENSG00000156469
dipodomys_ordii,ENSG00000156471
dipodomys_ordii,ENSG00000159387
dipodomys_ordii,ENSG00000164291
dipodomys_ordii,ENSG00000164325
dipodomys_ordii,ENSG00000164600
dipodomys_ordii,ENSG00000164953
dipodomys_ordii,ENSG00000165695
dipodomys_ordii,ENSG00000166569
dipodomys_ordii,ENSG00000170464
dipodomys_ordii,ENSG00000170477
dipodomys_ordii,ENSG00000170903
dipodomys_ordii,ENSG00000171722
dipodomys_ordii,ENSG00000174307
dipodomys_ordii,ENSG00000177189
dipodomys_ordii,ENSG00000188760
dipodomys_ordii,ENSG00000196504
dipodomys_ordii,ENSG00000196968
dipodomys_ordii,ENSG00000197136
dipodomys_ordii,ENSG00000197150
dipodomys_ordii,ENSG00000227345
dipodomys_ordii,ENSG00000243708
dipodomys_ordii,ENSG00000247626
dipodomys_ordii,ENSG00000284862
heterocephalus_glaber_female,ENSG00000005884
heterocephalus_glaber_female,ENSG00000009790
heterocephalus_glaber_female,ENSG00000013016
heterocephalus_glaber_female,ENSG00000042429
heterocephalus_glaber_female,ENSG00000052850
heterocephalus_glaber_female,ENSG00000055813
heterocephalus_glaber_female,ENSG00000074803
heterocephalus_glaber_female,ENSG00000083782
heterocephalus_glaber_female,ENSG00000085449
heterocephalus_glaber_female,ENSG00000090104
heterocephalus_glaber_female,ENSG00000100439
heterocephalus_glaber_female,ENSG00000101871
heterocephalus_glaber_female,ENSG00000103591
heterocephalus_glaber_female,ENSG00000104327
heterocephalus_glaber_female,ENSG00000104419
heterocephalus_glaber_female,ENSG00000106113
heterocephalus_glaber_female,ENSG00000106799
heterocephalus_glaber_female,ENSG00000108231
heterocephalus_glaber_female,ENSG00000112992
heterocephalus_glaber_female,ENSG00000114302
heterocephalus_glaber_female,ENSG00000115827
heterocephalus_glaber_female,ENSG00000116745
heterocephalus_glaber_female,ENSG00000119969
heterocephalus_glaber_female,ENSG00000122035
heterocephalus_glaber_female,ENSG00000126775
heterocephalus_glaber_female,ENSG00000129009
heterocephalus_glaber_female,ENSG00000133059
heterocephalus_glaber_female,ENSG00000135272
heterocephalus_glaber_female,ENSG00000135966
heterocephalus_glaber_female,ENSG00000138182
heterocephalus_glaber_female,ENSG00000138303
heterocephalus_glaber_female,ENSG00000139746
heterocephalus_glaber_female,ENSG00000140285
heterocephalus_glaber_female,ENSG00000146197
heterocephalus_glaber_female,ENSG00000148484
heterocephalus_glaber_female,ENSG00000148798
heterocephalus_glaber_female,ENSG00000151790
heterocephalus_glaber_female,ENSG00000151962
heterocephalus_glaber_female,ENSG00000152137
heterocephalus_glaber_female,ENSG00000152253
heterocephalus_glaber_female,ENSG00000153162
heterocephalus_glaber_female,ENSG00000154928
heterocephalus_glaber_female,ENSG00000154930
heterocephalus_glaber_female,ENSG00000156469
heterocephalus_glaber_female,ENSG00000156471
heterocephalus_glaber_female,ENSG00000156876
heterocephalus_glaber_female,ENSG00000158816
heterocephalus_glaber_female,ENSG00000159387
heterocephalus_glaber_female,ENSG00000160838
heterocephalus_glaber_female,ENSG00000163848
heterocephalus_glaber_female,ENSG00000164291
heterocephalus_glaber_female,ENSG00000164294
heterocephalus_glaber_female,ENSG00000164325
heterocephalus_glaber_female,ENSG00000164600
heterocephalus_glaber_female,ENSG00000164953
heterocephalus_glaber_female,ENSG00000165695
heterocephalus_glaber_female,ENSG00000165698
heterocephalus_glaber_female,ENSG00000166569
heterocephalus_glaber_female,ENSG00000170477
heterocephalus_glaber_female,ENSG00000170903
heterocephalus_glaber_female,ENSG00000171722
heterocephalus_glaber_female,ENSG00000174307
heterocephalus_glaber_female,ENSG00000177189
heterocephalus_glaber_female,ENSG00000183475
heterocephalus_glaber_female,ENSG00000183876
heterocephalus_glaber_female,ENSG00000188760
heterocephalus_glaber_female,ENSG00000196123
heterocephalus_glaber_female,ENSG00000196504
heterocephalus_glaber_female,ENSG00000196968
heterocephalus_glaber_female,ENSG00000197136
heterocephalus_glaber_female,ENSG00000197150
heterocephalus_glaber_female,ENSG00000197442
heterocephalus_glaber_female,ENSG00000227345
heterocephalus_glaber_female,ENSG00000243708
heterocephalus_glaber_female,ENSG00000247626
heterocephalus_glaber_female,ENSG00000284862
ictidomys_tridecemlineatus,ENSG00000005884
ictidomys_tridecemlineatus,ENSG00000009790
ictidomys_tridecemlineatus,ENSG00000052850
ictidomys_tridecemlineatus,ENSG00000055813
ictidomys_tridecemlineatus,ENSG00000074803
ictidomys_tridecemlineatus,ENSG00000085449
ictidomys_tridecemlineatus,ENSG00000090104
ictidomys_tridecemlineatus,ENSG00000100439
ictidomys_tridecemlineatus,ENSG00000101871
ictidomys_tridecemlineatus,ENSG00000104327
ictidomys_tridecemlineatus,ENSG00000104419
ictidomys_tridecemlineatus,ENSG00000106113
ictidomys_tridecemlineatus,ENSG00000106799
ictidomys_tridecemlineatus,ENSG00000108231
ictidomys_tridecemlineatus,ENSG00000114302
ictidomys_tridecemlineatus,ENSG00000115827
ictidomys_tridecemlineatus,ENSG00000116745
ictidomys_tridecemlineatus,ENSG00000119285
ictidomys_tridecemlineatus,ENSG00000119969
ictidomys_tridecemlineatus,ENSG00000126775
ictidomys_tridecemlineatus,ENSG00000133059
ictidomys_tridecemlineatus,ENSG00000135272
ictidomys_tridecemlineatus,ENSG00000135966
ictidomys_tridecemlineatus,ENSG00000138303
ictidomys_tridecemlineatus,ENSG00000139746
ictidomys_tridecemlineatus,ENSG00000140285
ictidomys_tridecemlineatus,ENSG00000146197
ictidomys_tridecemlineatus,ENSG00000148484
ictidomys_tridecemlineatus,ENSG00000151790
ictidomys_tridecemlineatus,ENSG00000151962
ictidomys_tridecemlineatus,ENSG00000152137
ictidomys_tridecemlineatus,ENSG00000152253
ictidomys_tridecemlineatus,ENSG00000153162
ictidomys_tridecemlineatus,ENSG00000154930
ictidomys_tridecemlineatus,ENSG00000156469
ictidomys_tridecemlineatus,ENSG00000156471
ictidomys_tridecemlineatus,ENSG00000164291
ictidomys_tridecemlineatus,ENSG00000164325
ictidomys_tridecemlineatus,ENSG00000164600
ictidomys_tridecemlineatus,ENSG00000164953
ictidomys_tridecemlineatus,ENSG00000165695
ictidomys_tridecemlineatus,ENSG00000166569
ictidomys_tridecemlineatus,ENSG00000170464
ictidomys_tridecemlineatus,ENSG00000170477
ictidomys_tridecemlineatus,ENSG00000170903
ictidomys_tridecemlineatus,ENSG00000171722
ictidomys_tridecemlineatus,ENSG00000177189
ictidomys_tridecemlineatus,ENSG00000188760
ictidomys_tridecemlineatus,ENSG00000196123
ictidomys_tridecemlineatus,ENSG00000196504
ictidomys_tridecemlineatus,ENSG00000196968
ictidomys_tridecemlineatus,ENSG00000197136
ictidomys_tridecemlineatus,ENSG00000227345
ictidomys_tridecemlineatus,ENSG00000243708
ictidomys_tridecemlineatus,ENSG00000247626
ictidomys_tridecemlineatus,ENSG00000284862
loxodonta_africana,ENSG00000002745
loxodonta_africana,ENSG00000005884
loxodonta_africana,ENSG00000052850
loxodonta_africana,ENSG00000055813
loxodonta_africana,ENSG00000074803
loxodonta_africana,ENSG00000085449
loxodonta_africana,ENSG00000090104
loxodonta_africana,ENSG00000100439
loxodonta_africana,ENSG00000101871
loxodonta_africana,ENSG00000104419
loxodonta_africana,ENSG00000106113
loxodonta_africana,ENSG00000106799
loxodonta_africana,ENSG00000108231
loxodonta_africana,ENSG00000114302
loxodonta_africana,ENSG00000115827
loxodonta_africana,ENSG00000116745
loxodonta_africana,ENSG00000119969
loxodonta_africana,ENSG00000126775
loxodonta_africana,ENSG00000127325
loxodonta_africana,ENSG00000133059
loxodonta_africana,ENSG00000134709
loxodonta_africana,ENSG00000135966
loxodonta_africana,ENSG00000138303
loxodonta_africana,ENSG00000139746
loxodonta_africana,ENSG00000140285
loxodonta_africana,ENSG00000144824
loxodonta_africana,ENSG00000146197
loxodonta_africana,ENSG00000148484
loxodonta_africana,ENSG00000151790
loxodonta_africana,ENSG00000151962
loxodonta_africana,ENSG00000152137
loxodonta_africana,ENSG00000152253
loxodonta_africana,ENSG00000153162
loxodonta_africana,ENSG00000154930
loxodonta_africana,ENSG00000156469
loxodonta_africana,ENSG00000156471
loxodonta_africana,ENSG00000159387
loxodonta_africana,ENSG00000164291
loxodonta_africana,ENSG00000164325
loxodonta_africana,ENSG00000164600
loxodonta_africana,ENSG00000164953
loxodonta_africana,ENSG00000165475
loxodonta_africana,ENSG00000165695
loxodonta_africana,ENSG00000166569
loxodonta_africana,ENSG00000170464
loxodonta_africana,ENSG00000170477
loxodonta_africana,ENSG00000170903
loxodonta_africana,ENSG00000171408
loxodonta_africana,ENSG00000171722
loxodonta_africana,ENSG00000174307
loxodonta_africana,ENSG00000177189
loxodonta_africana,ENSG00000188760
loxodonta_africana,ENSG00000196504
loxodonta_africana,ENSG00000196968
loxodonta_africana,ENSG00000197136
loxodonta_africana,ENSG00000197150
loxodonta_africana,ENSG00000227345
loxodonta_africana,ENSG00000243708
loxodonta_africana,ENSG00000247626
loxodonta_africana,ENSG00000284862
macaca_fascicularis,ENSG00000005884
macaca_fascicularis,ENSG00000009790
macaca_fascicularis,ENSG00000052850
macaca_fascicularis,ENSG00000055813
macaca_fascicularis,ENSG00000074803
macaca_fascicularis,ENSG00000085449
macaca_fascicularis,ENSG00000090104
macaca_fascicularis,ENSG00000100439
macaca_fascicularis,ENSG00000101871
macaca_fascicularis,ENSG00000106113
macaca_fascicularis,ENSG00000106546
macaca_fascicularis,ENSG00000106799
macaca_fascicularis,ENSG00000108231
macaca_fascicularis,ENSG00000112992
macaca_fascicularis,ENSG00000114302
macaca_fascicularis,ENSG00000115827
macaca_fascicularis,ENSG00000116745
macaca_fascicularis,ENSG00000119969
macaca_fascicularis,ENSG00000126775
macaca_fascicularis,ENSG00000133059
macaca_fascicularis,ENSG00000135272
macaca_fascicularis,ENSG00000138182
macaca_fascicularis,ENSG00000138303
macaca_fascicularis,ENSG00000139746
macaca_fascicularis,ENSG00000140285
macaca_fascicularis,ENSG00000146197
macaca_fascicularis,ENSG00000148484
macaca_fascicularis,ENSG00000151790
macaca_fascicularis,ENSG00000151962
macaca_fascicularis,ENSG00000152137
macaca_fascicularis,ENSG00000152253
macaca_fascicularis,ENSG00000153162
macaca_fascicularis,ENSG00000154930
macaca_fascicularis,ENSG00000156469
macaca_fascicularis,ENSG00000156471
macaca_fascicularis,ENSG00000159387
macaca_fascicularis,ENSG00000164291
macaca_fascicularis,ENSG00000164325
macaca_fascicularis,ENSG00000164600
macaca_fascicularis,ENSG00000164953
macaca_fascicularis,ENSG00000165695
macaca_fascicularis,ENSG00000166569
macaca_fascicularis,ENSG00000170477
macaca_fascicularis,ENSG00000170903
macaca_fascicularis,ENSG00000171722
macaca_fascicularis,ENSG00000174307
macaca_fascicularis,ENSG00000177189
macaca_fascicularis,ENSG00000179915
macaca_fascicularis,ENSG00000188760
macaca_fascicularis,ENSG00000196504
macaca_fascicularis,ENSG00000196968
macaca_fascicularis,ENSG00000197136
macaca_fascicularis,ENSG00000227345
macaca_fascicularis,ENSG00000243708
macaca_fascicularis,ENSG00000247626
macaca_fascicularis,ENSG00000284862
macaca_mulatta,ENSG00000005884
macaca_mulatta,ENSG00000009790
macaca_mulatta,ENSG00000042429
macaca_mulatta,ENSG00000052850
macaca_mulatta,ENSG00000055813
macaca_mulatta,ENSG00000074803
macaca_mulatta,ENSG00000085449
macaca_mulatta,ENSG00000090104
macaca_mulatta,ENSG00000100439
macaca_mulatta,ENSG00000101871
macaca_mulatta,ENSG00000106113
macaca_mulatta,ENSG00000106799
macaca_mulatta,ENSG00000108231
macaca_mulatta,ENSG00000114302
macaca_mulatta,ENSG00000115827
macaca_mulatta,ENSG00000116745
macaca_mulatta,ENSG00000119969
macaca_mulatta,ENSG00000126775
macaca_mulatta,ENSG00000133059
macaca_mulatta,ENSG00000135272
macaca_mulatta,ENSG00000138303
macaca_mulatta,ENSG00000139746
macaca_mulatta,ENSG00000140285
macaca_mulatta,ENSG00000146197
macaca_mulatta,ENSG00000148484
macaca_mulatta,ENSG00000151790
macaca_mulatta,ENSG00000151962
macaca_mulatta,ENSG00000152137
macaca_mulatta,ENSG00000152253
macaca_mulatta,ENSG00000153162
macaca_mulatta,ENSG00000154930
macaca_mulatta,ENSG00000156469
macaca_mulatta,ENSG00000156471
macaca_mulatta,ENSG00000159387
macaca_mulatta,ENSG00000164291
macaca_mulatta,ENSG00000164325
macaca_mulatta,ENSG00000164600
macaca_mulatta,ENSG00000164953
macaca_mulatta,ENSG00000165695
macaca_mulatta,ENSG00000166569
macaca_mulatta,ENSG00000170477
macaca_mulatta,ENSG00000170903
macaca_mulatta,ENSG00000171722
macaca_mulatta,ENSG00000174307
macaca_mulatta,ENSG00000177189
macaca_mulatta,ENSG00000188760
macaca_mulatta,ENSG00000196504
macaca_mulatta,ENSG00000196968
macaca_mulatta,ENSG00000197136
macaca_mulatta,ENSG00000197442
macaca_mulatta,ENSG00000227345
macaca_mulatta,ENSG00000243708
macaca_mulatta,ENSG00000247626
macaca_nemestrina,ENSG00000005884
macaca_nemestrina,ENSG00000009790
macaca_nemestrina,ENSG00000052850
macaca_nemestrina,ENSG00000055813
macaca_nemestrina,ENSG00000074803
macaca_nemestrina,ENSG00000085449
macaca_nemestrina,ENSG00000090104
macaca_nemestrina,ENSG00000100439
macaca_nemestrina,ENSG00000101871
macaca_nemestrina,ENSG00000104327
macaca_nemestrina,ENSG00000104419
macaca_nemestrina,ENSG00000106113
macaca_nemestrina,ENSG00000106799
macaca_nemestrina,ENSG00000108231
macaca_nemestrina,ENSG00000112992
macaca_nemestrina,ENSG00000114302
macaca_nemestrina,ENSG00000115827
macaca_nemestrina,ENSG00000116745
macaca_nemestrina,ENSG00000119285
macaca_nemestrina,ENSG00000119969
macaca_nemestrina,ENSG00000126775
macaca_nemestrina,ENSG00000133059
macaca_nemestrina,ENSG00000135272
macaca_nemestrina,ENSG00000135966
macaca_nemestrina,ENSG00000138182
macaca_nemestrina,ENSG00000138303
macaca_nemestrina,ENSG00000139746
macaca_nemestrina,ENSG00000140285
macaca_nemestrina,ENSG00000144824
macaca_nemestrina,ENSG00000146197
macaca_nemestrina,ENSG00000148484
macaca_nemestrina,ENSG00000151790
macaca_nemestrina,ENSG00000151962
macaca_nemestrina,ENSG00000152137
macaca_nemestrina,ENSG00000152253
macaca_nemestrina,ENSG00000153162
macaca_nemestrina,ENSG00000154930
macaca_nemestrina,ENSG00000156469
macaca_nemestrina,ENSG00000156471
macaca_nemestrina,ENSG00000159387
macaca_nemestrina,ENSG00000164291
macaca_nemestrina,ENSG00000164325
macaca_nemestrina,ENSG00000164600
macaca_nemestrina,ENSG00000164953
macaca_nemestrina,ENSG00000165695
macaca_nemestrina,ENSG00000166569
macaca_nemestrina,ENSG00000170464
macaca_nemestrina,ENSG00000170477
macaca_nemestrina,ENSG00000170903
macaca_nemestrina,ENSG00000171722
macaca_nemestrina,ENSG00000174307
macaca_nemestrina,ENSG00000177189
macaca_nemestrina,ENSG00000188760
macaca_nemestrina,ENSG00000196504
macaca_nemestrina,ENSG00000196968
macaca_nemestrina,ENSG00000197136
macaca_nemestrina,ENSG00000227345
macaca_nemestrina,ENSG00000243708
macaca_nemestrina,ENSG00000247626
macaca_nemestrina,ENSG00000284862
mandrillus_leucophaeus,ENSG00000005884
mandrillus_leucophaeus,ENSG00000009790
mandrillus_leucophaeus,ENSG00000052850
mandrillus_leucophaeus,ENSG00000055813
mandrillus_leucophaeus,ENSG00000074803
mandrillus_leucophaeus,ENSG00000085449
mandrillus_leucophaeus,ENSG00000090104
mandrillus_leucophaeus,ENSG00000100439
mandrillus_leucophaeus,ENSG00000101871
mandrillus_leucophaeus,ENSG00000104327
mandrillus_leucophaeus,ENSG00000104419
mandrillus_leucophaeus,ENSG00000106113
mandrillus_leucophaeus,ENSG00000106799
mandrillus_leucophaeus,ENSG00000108231
mandrillus_leucophaeus,ENSG00000114302
mandrillus_leucophaeus,ENSG00000115827
mandrillus_leucophaeus,ENSG00000116745
mandrillus_leucophaeus,ENSG00000119969
mandrillus_leucophaeus,ENSG00000126775
mandrillus_leucophaeus,ENSG00000133059
mandrillus_leucophaeus,ENSG00000135272
mandrillus_leucophaeus,ENSG00000138303
mandrillus_leucophaeus,ENSG00000139746
mandrillus_leucophaeus,ENSG00000140285
mandrillus_leucophaeus,ENSG00000146197
mandrillus_leucophaeus,ENSG00000148484
mandrillus_leucophaeus,ENSG00000151790
mandrillus_leucophaeus,ENSG00000151962
mandrillus_leucophaeus,ENSG00000152137
mandrillus_leucophaeus,ENSG00000152253
mandrillus_leucophaeus,ENSG00000153162
mandrillus_leucophaeus,ENSG00000154930
mandrillus_leucophaeus,ENSG00000156469
mandrillus_leucophaeus,ENSG00000156471
mandrillus_leucophaeus,ENSG00000159387
mandrillus_leucophaeus,ENSG00000164291
mandrillus_leucophaeus,ENSG00000164325
mandrillus_leucophaeus,ENSG00000164600
mandrillus_leucophaeus,ENSG00000164953
mandrillus_leucophaeus,ENSG00000165695
mandrillus_leucophaeus,ENSG00000166569
mandrillus_leucophaeus,ENSG00000170464
mandrillus_leucophaeus,ENSG00000170477
mandrillus_leucophaeus,ENSG00000170903
mandrillus_leucophaeus,ENSG00000171722
mandrillus_leucophaeus,ENSG00000174307
mandrillus_leucophaeus,ENSG00000177189
mandrillus_leucophaeus,ENSG00000188760
mandrillus_leucophaeus,ENSG00000196504
mandrillus_leucophaeus,ENSG00000196968
mandrillus_leucophaeus,ENSG00000197136
mandrillus_leucophaeus,ENSG00000197150
mandrillus_leucophaeus,ENSG00000227345
mandrillus_leucophaeus,ENSG00000243708
mandrillus_leucophaeus,ENSG00000247626
mandrillus_leucophaeus,ENSG00000284862
microcebus_murinus,ENSG00000005884
microcebus_murinus,ENSG00000009790
microcebus_murinus,ENSG00000052850
microcebus_murinus,ENSG00000055813
microcebus_murinus,ENSG00000074803
microcebus_murinus,ENSG00000083782
microcebus_murinus,ENSG00000085449
microcebus_murinus,ENSG00000085719
microcebus_murinus,ENSG00000090104
microcebus_murinus,ENSG00000100439
microcebus_murinus,ENSG00000101871
microcebus_murinus,ENSG00000104327
microcebus_murinus,ENSG00000104419
microcebus_murinus,ENSG00000106113
microcebus_murinus,ENSG00000106546
microcebus_murinus,ENSG00000106799
microcebus_murinus,ENSG00000106952
microcebus_murinus,ENSG00000108231
microcebus_murinus,ENSG00000114302
microcebus_murinus,ENSG00000115827
microcebus_murinus,ENSG00000116745
microcebus_murinus,ENSG00000119285
microcebus_murinus,ENSG00000119689
microcebus_murinus,ENSG00000119969
microcebus_murinus,ENSG00000126775
microcebus_murinus,ENSG00000133059
microcebus_murinus,ENSG00000135272
microcebus_murinus,ENSG00000135966
microcebus_murinus,ENSG00000138303
microcebus_murinus,ENSG00000139746
microcebus_murinus,ENSG00000140285
microcebus_murinus,ENSG00000146197
microcebus_murinus,ENSG00000148484
microcebus_murinus,ENSG00000151790
microcebus_murinus,ENSG00000151962
microcebus_murinus,ENSG00000152137
microcebus_murinus,ENSG00000152253
microcebus_murinus,ENSG00000153162
microcebus_murinus,ENSG00000154928
microcebus_murinus,ENSG00000154930
microcebus_murinus,ENSG00000156469
microcebus_murinus,ENSG00000156471
microcebus_murinus,ENSG00000159387
microcebus_murinus,ENSG00000164291
microcebus_murinus,ENSG00000164325
microcebus_murinus,ENSG00000164600
microcebus_murinus,ENSG00000164953
microcebus_murinus,ENSG00000165695
microcebus_murinus,ENSG00000166569
microcebus_murinus,ENSG00000170464
microcebus_murinus,ENSG00000170477
microcebus_murinus,ENSG00000170903
microcebus_murinus,ENSG00000171408
microcebus_murinus,ENSG00000171503
microcebus_murinus,ENSG00000171722
microcebus_murinus,ENSG00000174307
microcebus_murinus,ENSG00000176040
microcebus_murinus,ENSG00000177189
microcebus_murinus,ENSG00000179915
microcebus_murinus,ENSG00000188760
microcebus_murinus,ENSG00000196504
microcebus_murinus,ENSG00000196968
microcebus_murinus,ENSG00000197136
microcebus_murinus,ENSG00000197150
microcebus_murinus,ENSG00000227345
microcebus_murinus,ENSG00000243708
microcebus_murinus,ENSG00000247626
microtus_ochrogaster,ENSG00000005884
microtus_ochrogaster,ENSG00000009790
microtus_ochrogaster,ENSG00000052850
microtus_ochrogaster,ENSG00000055813
microtus_ochrogaster,ENSG00000072840
microtus_ochrogaster,ENSG00000074803
microtus_ochrogaster,ENSG00000085449
microtus_ochrogaster,ENSG00000090104
microtus_ochrogaster,ENSG00000100439
microtus_ochrogaster,ENSG00000101871
microtus_ochrogaster,ENSG00000104327
microtus_ochrogaster,ENSG00000106113
microtus_ochrogaster,ENSG00000106799
microtus_ochrogaster,ENSG00000108231
microtus_ochrogaster,ENSG00000114302
microtus_ochrogaster,ENSG00000115827
microtus_ochrogaster,ENSG00000116745
microtus_ochrogaster,ENSG00000119969
microtus_ochrogaster,ENSG00000126775
microtus_ochrogaster,ENSG00000133059
microtus_ochrogaster,ENSG00000135272
microtus_ochrogaster,ENSG00000135966
microtus_ochrogaster,ENSG00000138303
microtus_ochrogaster,ENSG00000139746
microtus_ochrogaster,ENSG00000140285
microtus_ochrogaster,ENSG00000146197
microtus_ochrogaster,ENSG00000148484
microtus_ochrogaster,ENSG00000151790
microtus_ochrogaster,ENSG00000151962
microtus_ochrogaster,ENSG00000152137
microtus_ochrogaster,ENSG00000152253
microtus_ochrogaster,ENSG00000153162
microtus_ochrogaster,ENSG00000154930
microtus_ochrogaster,ENSG00000156469
microtus_ochrogaster,ENSG00000156471
microtus_ochrogaster,ENSG00000164291
microtus_ochrogaster,ENSG00000164325
microtus_ochrogaster,ENSG00000164600
microtus_ochrogaster,ENSG00000164953
microtus_ochrogaster,ENSG00000165695
microtus_ochrogaster,ENSG00000166569
microtus_ochrogaster,ENSG00000170464
microtus_ochrogaster,ENSG00000170477
microtus_ochrogaster,ENSG00000170903
microtus_ochrogaster,ENSG00000171722
microtus_ochrogaster,ENSG00000174307
microtus_ochrogaster,ENSG00000177189
microtus_ochrogaster,ENSG00000196504
microtus_ochrogaster,ENSG00000196968
microtus_ochrogaster,ENSG00000197136
microtus_ochrogaster,ENSG00000197150
microtus_ochrogaster,ENSG00000227345
microtus_ochrogaster,ENSG00000243708
microtus_ochrogaster,ENSG00000247626
microtus_ochrogaster,ENSG00000284862
monodelphis_domestica,ENSG00000005884
monodelphis_domestica,ENSG00000009790
monodelphis_domestica,ENSG00000052850
monodelphis_domestica,ENSG00000055813
monodelphis_domestica,ENSG00000074803
monodelphis_domestica,ENSG00000085449
monodelphis_domestica,ENSG00000090104
monodelphis_domestica,ENSG00000100439
monodelphis_domestica,ENSG00000101871
monodelphis_domestica,ENSG00000104419
monodelphis_domestica,ENSG00000106113
monodelphis_domestica,ENSG00000106799
monodelphis_domestica,ENSG00000108231
monodelphis_domestica,ENSG00000112992
monodelphis_domestica,ENSG00000115827
monodelphis_domestica,ENSG00000116745
monodelphis_domestica,ENSG00000119285
monodelphis_domestica,ENSG00000119969
monodelphis_domestica,ENSG00000126775
monodelphis_domestica,ENSG00000133059
monodelphis_domestica,ENSG00000138182
monodelphis_domestica,ENSG00000138303
monodelphis_domestica,ENSG00000139746
monodelphis_domestica,ENSG00000140285
monodelphis_domestica,ENSG00000146197
monodelphis_domestica,ENSG00000148484
monodelphis_domestica,ENSG00000151790
monodelphis_domestica,ENSG00000151962
monodelphis_domestica,ENSG00000152137
monodelphis_domestica,ENSG00000152253
monodelphis_domestica,ENSG00000153162
monodelphis_domestica,ENSG00000154930
monodelphis_domestica,ENSG00000156469
monodelphis_domestica,ENSG00000156471
monodelphis_domestica,ENSG00000159387
monodelphis_domestica,ENSG00000163848
monodelphis_domestica,ENSG00000164291
monodelphis_domestica,ENSG00000164325
monodelphis_domestica,ENSG00000164600
monodelphis_domestica,ENSG00000165695
monodelphis_domestica,ENSG00000166569
monodelphis_domestica,ENSG00000170464
monodelphis_domestica,ENSG00000170477
monodelphis_domestica,ENSG00000170903
monodelphis_domestica,ENSG00000171722
monodelphis_domestica,ENSG00000171819
monodelphis_domestica,ENSG00000174307
monodelphis_domestica,ENSG00000176040
monodelphis_domestica,ENSG00000177189
monodelphis_domestica,ENSG00000181778
monodelphis_domestica,ENSG00000185565
monodelphis_domestica,ENSG00000188760
monodelphis_domestica,ENSG00000196504
monodelphis_domestica,ENSG00000196865
monodelphis_domestica,ENSG00000196968
monodelphis_domestica,ENSG00000197136
monodelphis_domestica,ENSG00000197150
monodelphis_domestica,ENSG00000227345
monodelphis_domestica,ENSG00000243708
monodelphis_domestica,ENSG00000247626
monodelphis_domestica,ENSG00000284862
monodon_monoceros,ENSG00000005884
monodon_monoceros,ENSG00000009790
monodon_monoceros,ENSG00000052850
monodon_monoceros,ENSG00000055813
monodon_monoceros,ENSG00000074803
monodon_monoceros,ENSG00000085449
monodon_monoceros,ENSG00000090104
monodon_monoceros,ENSG00000100439
monodon_monoceros,ENSG00000101871
monodon_monoceros,ENSG00000106113
monodon_monoceros,ENSG00000106799
monodon_monoceros,ENSG00000108231
monodon_monoceros,ENSG00000115827
monodon_monoceros,ENSG00000119689
monodon_monoceros,ENSG00000119969
monodon_monoceros,ENSG00000126775
monodon_monoceros,ENSG00000133059
monodon_monoceros,ENSG00000138303
monodon_monoceros,ENSG00000139746
monodon_monoceros,ENSG00000146197
monodon_monoceros,ENSG00000148484
monodon_monoceros,ENSG00000151790
monodon_monoceros,ENSG00000151962
monodon_monoceros,ENSG00000152137
monodon_monoceros,ENSG00000152253
monodon_monoceros,ENSG00000153162
monodon_monoceros,ENSG00000154930
monodon_monoceros,ENSG00000156469
monodon_monoceros,ENSG00000156471
monodon_monoceros,ENSG00000159387
monodon_monoceros,ENSG00000164291
monodon_monoceros,ENSG00000164325
monodon_monoceros,ENSG00000164600
monodon_monoceros,ENSG00000165695
monodon_monoceros,ENSG00000166569
monodon_monoceros,ENSG00000170477
monodon_monoceros,ENSG00000170903
monodon_monoceros,ENSG00000171722
monodon_monoceros,ENSG00000177189
monodon_monoceros,ENSG00000188760
monodon_monoceros,ENSG00000196504
monodon_monoceros,ENSG00000196968
monodon_monoceros,ENSG00000197136
monodon_monoceros,ENSG00000227345
monodon_monoceros,ENSG00000243708
monodon_monoceros,ENSG00000247626
mus_musculus,ENSG00000005884
mus_musculus,ENSG00000055813
mus_musculus,ENSG00000074803
mus_musculus,ENSG00000085449
mus_musculus,ENSG00000100439
mus_musculus,ENSG00000101871
mus_musculus,ENSG00000106113
mus_musculus,ENSG00000106799
mus_musculus,ENSG00000108231
mus_musculus,ENSG00000118514
mus_musculus,ENSG00000119969
mus_musculus,ENSG00000126775
mus_musculus,ENSG00000133059
mus_musculus,ENSG00000138303
mus_musculus,ENSG00000139746
mus_musculus,ENSG00000146197
mus_musculus,ENSG00000151790
mus_musculus,ENSG00000151962
mus_musculus,ENSG00000152253
mus_musculus,ENSG00000153162
mus_musculus,ENSG00000154930
mus_musculus,ENSG00000156469
mus_musculus,ENSG00000156471
mus_musculus,ENSG00000163285
mus_musculus,ENSG00000164291
mus_musculus,ENSG00000164325
mus_musculus,ENSG00000164600
mus_musculus,ENSG00000165695
mus_musculus,ENSG00000166569
mus_musculus,ENSG00000170477
mus_musculus,ENSG00000171722
mus_musculus,ENSG00000177189
mus_musculus,ENSG00000196504
mus_musculus,ENSG00000197136
mus_musculus,ENSG00000198915
mus_musculus,ENSG00000203965
mus_musculus,ENSG00000247626
mus_spicilegus,ENSG00000005884
mus_spicilegus,ENSG00000009790
mus_spicilegus,ENSG00000042429
mus_spicilegus,ENSG00000052850
mus_spicilegus,ENSG00000055813
mus_spicilegus,ENSG00000074803
mus_spicilegus,ENSG00000081277
mus_spicilegus,ENSG00000085449
mus_spicilegus,ENSG00000090104
mus_spicilegus,ENSG00000100439
mus_spicilegus,ENSG00000101445
mus_spicilegus,ENSG00000101871
mus_spicilegus,ENSG00000104327
mus_spicilegus,ENSG00000104419
mus_spicilegus,ENSG00000106113
mus_spicilegus,ENSG00000106799
mus_spicilegus,ENSG00000107669
mus_spicilegus,ENSG00000108231
mus_spicilegus,ENSG00000112992
mus_spicilegus,ENSG00000114302
mus_spicilegus,ENSG00000116745
mus_spicilegus,ENSG00000119969
mus_spicilegus,ENSG00000126775
mus_spicilegus,ENSG00000133059
mus_spicilegus,ENSG00000135272
mus_spicilegus,ENSG00000135966
mus_spicilegus,ENSG00000138182
mus_spicilegus,ENSG00000138303
mus_spicilegus,ENSG00000139746
mus_spicilegus,ENSG00000140285
mus_spicilegus,ENSG00000143702
mus_spicilegus,ENSG00000146197
mus_spicilegus,ENSG00000151790
mus_spicilegus,ENSG00000151962
mus_spicilegus,ENSG00000152253
mus_spicilegus,ENSG00000153162
mus_spicilegus,ENSG00000154928
mus_spicilegus,ENSG00000154930
mus_spicilegus,ENSG00000156469
mus_spicilegus,ENSG00000156471
mus_spicilegus,ENSG00000164283
mus_spicilegus,ENSG00000164291
mus_spicilegus,ENSG00000164325
mus_spicilegus,ENSG00000164600
mus_spicilegus,ENSG00000164953
mus_spicilegus,ENSG00000165695
mus_spicilegus,ENSG00000166569
mus_spicilegus,ENSG00000167131
mus_spicilegus,ENSG00000170464
mus_spicilegus,ENSG00000170477
mus_spicilegus,ENSG00000170903
mus_spicilegus,ENSG00000171722
mus_spicilegus,ENSG00000177189
mus_spicilegus,ENSG00000188760
mus_spicilegus,ENSG00000196504
mus_spicilegus,ENSG00000196968
mus_spicilegus,ENSG00000197136
mus_spicilegus,ENSG00000197150
mus_spicilegus,ENSG00000227345
mus_spicilegus,ENSG00000243708
mus_spicilegus,ENSG00000247626
myotis_lucifugus,ENSG00000005884
myotis_lucifugus,ENSG00000009790
myotis_lucifugus,ENSG00000042429
myotis_lucifugus,ENSG00000052850
myotis_lucifugus,ENSG00000055813
myotis_lucifugus,ENSG00000074803
myotis_lucifugus,ENSG00000085449
myotis_lucifugus,ENSG00000090104
myotis_lucifugus,ENSG00000100439
myotis_lucifugus,ENSG00000101871
myotis_lucifugus,ENSG00000104327
myotis_lucifugus,ENSG00000104419
myotis_lucifugus,ENSG00000106113
myotis_lucifugus,ENSG00000106799
myotis_lucifugus,ENSG00000108231
myotis_lucifugus,ENSG00000114302
myotis_lucifugus,ENSG00000115827
myotis_lucifugus,ENSG00000116745
myotis_lucifugus,ENSG00000119969
myotis_lucifugus,ENSG00000126775
myotis_lucifugus,ENSG00000133059
myotis_lucifugus,ENSG00000138303
myotis_lucifugus,ENSG00000139746
myotis_lucifugus,ENSG00000140285
myotis_lucifugus,ENSG00000146197
myotis_lucifugus,ENSG00000148484
myotis_lucifugus,ENSG00000151790
myotis_lucifugus,ENSG00000151962
myotis_lucifugus,ENSG00000152137
myotis_lucifugus,ENSG00000152253
myotis_lucifugus,ENSG00000153162
myotis_lucifugus,ENSG00000154930
myotis_lucifugus,ENSG00000156469
myotis_lucifugus,ENSG00000156471
myotis_lucifugus,ENSG00000159387
myotis_lucifugus,ENSG00000164291
myotis_lucifugus,ENSG00000164325
myotis_lucifugus,ENSG00000164600
myotis_lucifugus,ENSG00000164953
myotis_lucifugus,ENSG00000165695
myotis_lucifugus,ENSG00000166569
myotis_lucifugus,ENSG00000170477
myotis_lucifugus,ENSG00000170903
myotis_lucifugus,ENSG00000171722
myotis_lucifugus,ENSG00000174307
myotis_lucifugus,ENSG00000177189
myotis_lucifugus,ENSG00000188760
myotis_lucifugus,ENSG00000196504
myotis_lucifugus,ENSG00000196968
myotis_lucifugus,ENSG00000197136
myotis_lucifugus,ENSG00000227345
myotis_lucifugus,ENSG00000243708
myotis_lucifugus,ENSG00000247626
neovison_vison,ENSG00000005884
neovison_vison,ENSG00000009790
neovison_vison,ENSG00000052850
neovison_vison,ENSG00000055813
neovison_vison,ENSG00000074803
neovison_vison,ENSG00000083782
neovison_vison,ENSG00000085449
neovison_vison,ENSG00000090104
neovison_vison,ENSG00000100439
neovison_vison,ENSG00000101871
neovison_vison,ENSG00000104327
neovison_vison,ENSG00000104419
neovison_vison,ENSG00000106113
neovison_vison,ENSG00000106799
neovison_vison,ENSG00000108231
neovison_vison,ENSG00000112992
neovison_vison,ENSG00000114302
neovison_vison,ENSG00000115827
neovison_vison,ENSG00000116745
neovison_vison,ENSG00000119969
neovison_vison,ENSG00000126775
neovison_vison,ENSG00000133059
neovison_vison,ENSG00000135272
neovison_vison,ENSG00000135966
neovison_vison,ENSG00000138182
neovison_vison,ENSG00000138303
neovison_vison,ENSG00000139746
neovison_vison,ENSG00000140285
neovison_vison,ENSG00000146197
neovison_vison,ENSG00000148484
neovison_vison,ENSG00000151790
neovison_vison,ENSG00000151962
neovison_vison,ENSG00000152137
neovison_vison,ENSG00000152253
neovison_vison,ENSG00000153162
neovison_vison,ENSG00000154930
neovison_vison,ENSG00000155886
neovison_vison,ENSG00000156469
neovison_vison,ENSG00000156471
neovison_vison,ENSG00000159387
neovison_vison,ENSG00000164291
neovison_vison,ENSG00000164325
neovison_vison,ENSG00000164600
neovison_vison,ENSG00000164953
neovison_vison,ENSG00000165695
neovison_vison,ENSG00000166569
neovison_vison,ENSG00000170464
neovison_vison,ENSG00000170477
neovison_vison,ENSG00000170903
neovison_vison,ENSG00000171722
neovison_vison,ENSG00000174307
neovison_vison,ENSG00000177189
neovison_vison,ENSG00000188760
neovison_vison,ENSG00000196504
neovison_vison,ENSG00000196968
neovison_vison,ENSG00000197136
neovison_vison,ENSG00000197442
neovison_vison,ENSG00000227345
neovison_vison,ENSG00000243708
neovison_vison,ENSG00000247626
neovison_vison,ENSG00000284862
nomascus_leucogenys,ENSG00000005884
nomascus_leucogenys,ENSG00000009790
nomascus_leucogenys,ENSG00000052850
nomascus_leucogenys,ENSG00000055813
nomascus_leucogenys,ENSG00000064102
nomascus_leucogenys,ENSG00000074803
nomascus_leucogenys,ENSG00000085449
nomascus_leucogenys,ENSG00000090104
nomascus_leucogenys,ENSG00000100439
nomascus_leucogenys,ENSG00000101871
nomascus_leucogenys,ENSG00000104419
nomascus_leucogenys,ENSG00000106113
nomascus_leucogenys,ENSG00000106799
nomascus_leucogenys,ENSG00000108231
nomascus_leucogenys,ENSG00000114302
nomascus_leucogenys,ENSG00000115827
nomascus_leucogenys,ENSG00000116745
nomascus_leucogenys,ENSG00000119969
nomascus_leucogenys,ENSG00000126775
nomascus_leucogenys,ENSG00000133059
nomascus_leucogenys,ENSG00000135272
nomascus_leucogenys,ENSG00000135966
nomascus_leucogenys,ENSG00000138303
nomascus_leucogenys,ENSG00000139746
nomascus_leucogenys,ENSG00000140285
nomascus_leucogenys,ENSG00000146197
nomascus_leucogenys,ENSG00000148484
nomascus_leucogenys,ENSG00000151790
nomascus_leucogenys,ENSG00000151962
nomascus_leucogenys,ENSG00000152137
nomascus_leucogenys,ENSG00000152253
nomascus_leucogenys,ENSG00000153162
nomascus_leucogenys,ENSG00000154930
nomascus_leucogenys,ENSG00000156469
nomascus_leucogenys,ENSG00000156471
nomascus_leucogenys,ENSG00000159387
nomascus_leucogenys,ENSG00000164291
nomascus_leucogenys,ENSG00000164325
nomascus_leucogenys,ENSG00000164600
nomascus_leucogenys,ENSG00000164953
nomascus_leucogenys,ENSG00000165695
nomascus_leucogenys,ENSG00000166569
nomascus_leucogenys,ENSG00000170464
nomascus_leucogenys,ENSG00000170477
nomascus_leucogenys,ENSG00000170903
nomascus_leucogenys,ENSG00000171722
nomascus_leucogenys,ENSG00000174307
nomascus_leucogenys,ENSG00000177189
nomascus_leucogenys,ENSG00000188760
nomascus_leucogenys,ENSG00000196504
nomascus_leucogenys,ENSG00000196968
nomascus_leucogenys,ENSG00000197136
nomascus_leucogenys,ENSG00000197150
nomascus_leucogenys,ENSG00000227345
nomascus_leucogenys,ENSG00000243708
nomascus_leucogenys,ENSG00000247626
octodon_degus,ENSG00000005884
octodon_degus,ENSG00000009790
octodon_degus,ENSG00000052850
octodon_degus,ENSG00000055813
octodon_degus,ENSG00000074803
octodon_degus,ENSG00000085449
octodon_degus,ENSG00000090104
octodon_degus,ENSG00000100439
octodon_degus,ENSG00000101871
octodon_degus,ENSG00000104327
octodon_degus,ENSG00000106113
octodon_degus,ENSG00000106799
octodon_degus,ENSG00000108231
octodon_degus,ENSG00000114302
octodon_degus,ENSG00000115827
octodon_degus,ENSG00000116745
octodon_degus,ENSG00000119969
octodon_degus,ENSG00000126775
octodon_degus,ENSG00000133059
octodon_degus,ENSG00000135272
octodon_degus,ENSG00000135966
octodon_degus,ENSG00000138303
octodon_degus,ENSG00000139746
octodon_degus,ENSG00000140285
octodon_degus,ENSG00000146197
octodon_degus,ENSG00000148484
octodon_degus,ENSG00000151790
octodon_degus,ENSG00000151962
octodon_degus,ENSG00000152137
octodon_degus,ENSG00000152253
octodon_degus,ENSG00000153162
octodon_degus,ENSG00000154930
octodon_degus,ENSG00000156469
octodon_degus,ENSG00000156471
octodon_degus,ENSG00000159387
octodon_degus,ENSG00000164291
octodon_degus,ENSG00000164325
octodon_degus,ENSG00000164600
octodon_degus,ENSG00000165695
octodon_degus,ENSG00000166569
octodon_degus,ENSG00000170464
octodon_degus,ENSG00000170477
octodon_degus,ENSG00000170903
octodon_degus,ENSG00000171722
octodon_degus,ENSG00000174307
octodon_degus,ENSG00000177189
octodon_degus,ENSG00000183475
octodon_degus,ENSG00000188760
octodon_degus,ENSG00000196504
octodon_degus,ENSG00000196968
octodon_degus,ENSG00000197136
octodon_degus,ENSG00000227345
octodon_degus,ENSG00000243708
octodon_degus,ENSG00000247626
octodon_degus,ENSG00000284862
ornithorhynchus_anatinus,ENSG00000005884
ornithorhynchus_anatinus,ENSG00000009790
ornithorhynchus_anatinus,ENSG00000027075
ornithorhynchus_anatinus,ENSG00000052850
ornithorhynchus_anatinus,ENSG00000055813
ornithorhynchus_anatinus,ENSG00000074803
ornithorhynchus_anatinus,ENSG00000085449
ornithorhynchus_anatinus,ENSG00000090104
ornithorhynchus_anatinus,ENSG00000100439
ornithorhynchus_anatinus,ENSG00000101871
ornithorhynchus_anatinus,ENSG00000104327
ornithorhynchus_anatinus,ENSG00000104419
ornithorhynchus_anatinus,ENSG00000106113
ornithorhynchus_anatinus,ENSG00000106799
ornithorhynchus_anatinus,ENSG00000108231
ornithorhynchus_anatinus,ENSG00000114302
ornithorhynchus_anatinus,ENSG00000115827
ornithorhynchus_anatinus,ENSG00000116745
ornithorhynchus_anatinus,ENSG00000119969
ornithorhynchus_anatinus,ENSG00000126775
ornithorhynchus_anatinus,ENSG00000133059
ornithorhynchus_anatinus,ENSG00000135966
ornithorhynchus_anatinus,ENSG00000138303
ornithorhynchus_anatinus,ENSG00000139746
ornithorhynchus_anatinus,ENSG00000140285
ornithorhynchus_anatinus,ENSG00000146197
ornithorhynchus_anatinus,ENSG00000148484
ornithorhynchus_anatinus,ENSG00000151790
ornithorhynchus_anatinus,ENSG00000151962
ornithorhynchus_anatinus,ENSG00000152137
ornithorhynchus_anatinus,ENSG00000152253
ornithorhynchus_anatinus,ENSG00000153162
ornithorhynchus_anatinus,ENSG00000154930
ornithorhynchus_anatinus,ENSG00000156469
ornithorhynchus_anatinus,ENSG00000156471
ornithorhynchus_anatinus,ENSG00000159387
ornithorhynchus_anatinus,ENSG00000164283
ornithorhynchus_anatinus,ENSG00000164291
ornithorhynchus_anatinus,ENSG00000164294
ornithorhynchus_anatinus,ENSG00000164325
ornithorhynchus_anatinus,ENSG00000164600
ornithorhynchus_anatinus,ENSG00000164953
ornithorhynchus_anatinus,ENSG00000165695
ornithorhynchus_anatinus,ENSG00000166569
ornithorhynchus_anatinus,ENSG00000170477
ornithorhynchus_anatinus,ENSG00000170903
ornithorhynchus_anatinus,ENSG00000171722
ornithorhynchus_anatinus,ENSG00000174307
ornithorhynchus_anatinus,ENSG00000177189
ornithorhynchus_anatinus,ENSG00000188760
ornithorhynchus_anatinus,ENSG00000196504
ornithorhynchus_anatinus,ENSG00000196968
ornithorhynchus_anatinus,ENSG00000197136
ornithorhynchus_anatinus,ENSG00000197150
ornithorhynchus_anatinus,ENSG00000227345
ornithorhynchus_anatinus,ENSG00000233932
ornithorhynchus_anatinus,ENSG00000243708
ornithorhynchus_anatinus,ENSG00000247626
ornithorhynchus_anatinus,ENSG00000284862
oryctolagus_cuniculus,ENSG00000005884
oryctolagus_cuniculus,ENSG00000009790
oryctolagus_cuniculus,ENSG00000042429
oryctolagus_cuniculus,ENSG00000052850
oryctolagus_cuniculus,ENSG00000055813
oryctolagus_cuniculus,ENSG00000074803
oryctolagus_cuniculus,ENSG00000085449
oryctolagus_cuniculus,ENSG00000090104
oryctolagus_cuniculus,ENSG00000100439
oryctolagus_cuniculus,ENSG00000101871
oryctolagus_cuniculus,ENSG00000104327
oryctolagus_cuniculus,ENSG00000106113
oryctolagus_cuniculus,ENSG00000106799
oryctolagus_cuniculus,ENSG00000108231
oryctolagus_cuniculus,ENSG00000114302
oryctolagus_cuniculus,ENSG00000115827
oryctolagus_cuniculus,ENSG00000116745
oryctolagus_cuniculus,ENSG00000119285
oryctolagus_cuniculus,ENSG00000119969
oryctolagus_cuniculus,ENSG00000122035
oryctolagus_cuniculus,ENSG00000126775
oryctolagus_cuniculus,ENSG00000133059
oryctolagus_cuniculus,ENSG00000133107
oryctolagus_cuniculus,ENSG00000135956
oryctolagus_cuniculus,ENSG00000138303
oryctolagus_cuniculus,ENSG00000139746
oryctolagus_cuniculus,ENSG00000140285
oryctolagus_cuniculus,ENSG00000146197
oryctolagus_cuniculus,ENSG00000148484
oryctolagus_cuniculus,ENSG00000148798
oryctolagus_cuniculus,ENSG00000151790
oryctolagus_cuniculus,ENSG00000151962
oryctolagus_cuniculus,ENSG00000152137
oryctolagus_cuniculus,ENSG00000152253
oryctolagus_cuniculus,ENSG00000153162
oryctolagus_cuniculus,ENSG00000154928
oryctolagus_cuniculus,ENSG00000154930
oryctolagus_cuniculus,ENSG00000156469
oryctolagus_cuniculus,ENSG00000156471
oryctolagus_cuniculus,ENSG00000156876
oryctolagus_cuniculus,ENSG00000159387
oryctolagus_cuniculus,ENSG00000164291
oryctolagus_cuniculus,ENSG00000164325
oryctolagus_cuniculus,ENSG00000164532
oryctolagus_cuniculus,ENSG00000164600
oryctolagus_cuniculus,ENSG00000165695
oryctolagus_cuniculus,ENSG00000166569
oryctolagus_cuniculus,ENSG00000170477
oryctolagus_cuniculus,ENSG00000170903
oryctolagus_cuniculus,ENSG00000171722
oryctolagus_cuniculus,ENSG00000174307
oryctolagus_cuniculus,ENSG00000177189
oryctolagus_cuniculus,ENSG00000188760
oryctolagus_cuniculus,ENSG00000196504
oryctolagus_cuniculus,ENSG00000196968
oryctolagus_cuniculus,ENSG00000197057
oryctolagus_cuniculus,ENSG00000197136
oryctolagus_cuniculus,ENSG00000197150
oryctolagus_cuniculus,ENSG00000227345
oryctolagus_cuniculus,ENSG00000243708
oryctolagus_cuniculus,ENSG00000247626
oryctolagus_cuniculus,ENSG00000284862
otolemur_garnettii,ENSG00000005884
otolemur_garnettii,ENSG00000009790
otolemur_garnettii,ENSG00000052850
otolemur_garnettii,ENSG00000055813
otolemur_garnettii,ENSG00000074803
otolemur_garnettii,ENSG00000085449
otolemur_garnettii,ENSG00000085719
otolemur_garnettii,ENSG00000090104
otolemur_garnettii,ENSG00000100439
otolemur_garnettii,ENSG00000101871
otolemur_garnettii,ENSG00000104327
otolemur_garnettii,ENSG00000104419
otolemur_garnettii,ENSG00000106113
otolemur_garnettii,ENSG00000106799
otolemur_garnettii,ENSG00000108231
otolemur_garnettii,ENSG00000112992
otolemur_garnettii,ENSG00000114302
otolemur_garnettii,ENSG00000115827
otolemur_garnettii,ENSG00000116745
otolemur_garnettii,ENSG00000119969
otolemur_garnettii,ENSG00000126775
otolemur_garnettii,ENSG00000133059
otolemur_garnettii,ENSG00000135272
otolemur_garnettii,ENSG00000135823
otolemur_garnettii,ENSG00000135966
otolemur_garnettii,ENSG00000138182
otolemur_garnettii,ENSG00000138303
otolemur_garnettii,ENSG00000139746
otolemur_garnettii,ENSG00000140285
otolemur_garnettii,ENSG00000146197
otolemur_garnettii,ENSG00000148484
otolemur_garnettii,ENSG00000151790
otolemur_garnettii,ENSG00000151962
otolemur_garnettii,ENSG00000152137
otolemur_garnettii,ENSG00000152253
otolemur_garnettii,ENSG00000153162
otolemur_garnettii,ENSG00000154930
otolemur_garnettii,ENSG00000156469
otolemur_garnettii,ENSG00000156471
otolemur_garnettii,ENSG00000156876
otolemur_garnettii,ENSG00000159387
otolemur_garnettii,ENSG00000164291
otolemur_garnettii,ENSG00000164325
otolemur_garnettii,ENSG00000164600
otolemur_garnettii,ENSG00000164953
otolemur_garnettii,ENSG00000165695
otolemur_garnettii,ENSG00000166569
otolemur_garnettii,ENSG00000170464
otolemur_garnettii,ENSG00000170477
otolemur_garnettii,ENSG00000170903
otolemur_garnettii,ENSG00000171722
otolemur_garnettii,ENSG00000174307
otolemur_garnettii,ENSG00000177189
otolemur_garnettii,ENSG00000188760
otolemur_garnettii,ENSG00000196504
otolemur_garnettii,ENSG00000196968
otolemur_garnettii,ENSG00000197136
otolemur_garnettii,ENSG00000227345
otolemur_garnettii,ENSG00000243708
otolemur_garnettii,ENSG00000247626
otolemur_garnettii,ENSG00000284862
ovis_aries,ENSG00000005884
ovis_aries,ENSG00000009790
ovis_aries,ENSG00000052850
ovis_aries,ENSG00000055813
ovis_aries,ENSG00000074803
ovis_aries,ENSG00000083782
ovis_aries,ENSG00000085449
ovis_aries,ENSG00000090104
ovis_aries,ENSG00000100439
ovis_aries,ENSG00000101871
ovis_aries,ENSG00000104327
ovis_aries,ENSG00000104419
ovis_aries,ENSG00000106113
ovis_aries,ENSG00000106799
ovis_aries,ENSG00000106952
ovis_aries,ENSG00000108231
ovis_aries,ENSG00000114302
ovis_aries,ENSG00000115827
ovis_aries,ENSG00000116745
ovis_aries,ENSG00000119969
ovis_aries,ENSG00000126775
ovis_aries,ENSG00000133059
ovis_aries,ENSG00000135272
ovis_aries,ENSG00000135823
ovis_aries,ENSG00000135966
ovis_aries,ENSG00000138303
ovis_aries,ENSG00000139746
ovis_aries,ENSG00000140285
ovis_aries,ENSG00000145358
ovis_aries,ENSG00000146197
ovis_aries,ENSG00000148484
ovis_aries,ENSG00000151790
ovis_aries,ENSG00000151962
ovis_aries,ENSG00000152137
ovis_aries,ENSG00000152253
ovis_aries,ENSG00000153162
ovis_aries,ENSG00000154930
ovis_aries,ENSG00000156469
ovis_aries,ENSG00000156471
ovis_aries,ENSG00000159387
ovis_aries,ENSG00000164291
ovis_aries,ENSG00000164325
ovis_aries,ENSG00000164600
ovis_aries,ENSG00000164953
ovis_aries,ENSG00000165695
ovis_aries,ENSG00000166569
ovis_aries,ENSG00000170477
ovis_aries,ENSG00000170903
ovis_aries,ENSG00000171722
ovis_aries,ENSG00000174307
ovis_aries,ENSG00000177189
ovis_aries,ENSG00000188760
ovis_aries,ENSG00000196504
ovis_aries,ENSG00000196968
ovis_aries,ENSG00000197136
ovis_aries,ENSG00000197150
ovis_aries,ENSG00000203965
ovis_aries,ENSG00000227345
ovis_aries,ENSG00000243708
ovis_aries,ENSG00000247626
ovis_aries,ENSG00000284862
pan_paniscus,ENSG00000005884
pan_paniscus,ENSG00000009790
pan_paniscus,ENSG00000052850
pan_paniscus,ENSG00000055813
pan_paniscus,ENSG00000074803
pan_paniscus,ENSG00000085449
pan_paniscus,ENSG00000090104
pan_paniscus,ENSG00000100439
pan_paniscus,ENSG00000101871
pan_paniscus,ENSG00000104419
pan_paniscus,ENSG00000106113
pan_paniscus,ENSG00000106799
pan_paniscus,ENSG00000108231
pan_paniscus,ENSG00000114302
pan_paniscus,ENSG00000115827
pan_paniscus,ENSG00000119969
pan_paniscus,ENSG00000126775
pan_paniscus,ENSG00000133059
pan_paniscus,ENSG00000135272
pan_paniscus,ENSG00000135966
pan_paniscus,ENSG00000138303
pan_paniscus,ENSG00000139746
pan_paniscus,ENSG00000140285
pan_paniscus,ENSG00000146197
pan_paniscus,ENSG00000151790
pan_paniscus,ENSG00000151962
pan_paniscus,ENSG00000152137
pan_paniscus,ENSG00000152253
pan_paniscus,ENSG00000153162
pan_paniscus,ENSG00000154930
pan_paniscus,ENSG00000156469
pan_paniscus,ENSG00000156471
pan_paniscus,ENSG00000164291
pan_paniscus,ENSG00000164325
pan_paniscus,ENSG00000164600
pan_paniscus,ENSG00000164953
pan_paniscus,ENSG00000165695
pan_paniscus,ENSG00000166569
pan_paniscus,ENSG00000170464
pan_paniscus,ENSG00000170477
pan_paniscus,ENSG00000170903
pan_paniscus,ENSG00000171722
pan_paniscus,ENSG00000174307
pan_paniscus,ENSG00000177189
pan_paniscus,ENSG00000188760
pan_paniscus,ENSG00000196504
pan_paniscus,ENSG00000196968
pan_paniscus,ENSG00000197136
pan_paniscus,ENSG00000197150
pan_paniscus,ENSG00000227345
pan_paniscus,ENSG00000243708
pan_paniscus,ENSG00000247626
pan_troglodytes,ENSG00000005884
pan_troglodytes,ENSG00000009790
pan_troglodytes,ENSG00000052850
pan_troglodytes,ENSG00000055813
pan_troglodytes,ENSG00000064102
pan_troglodytes,ENSG00000074803
pan_troglodytes,ENSG00000085449
pan_troglodytes,ENSG00000090104
pan_troglodytes,ENSG00000100439
pan_troglodytes,ENSG00000101871
pan_troglodytes,ENSG00000106113
pan_troglodytes,ENSG00000106799
pan_troglodytes,ENSG00000108231
pan_troglodytes,ENSG00000114302
pan_troglodytes,ENSG00000115827
pan_troglodytes,ENSG00000116745
pan_troglodytes,ENSG00000119285
pan_troglodytes,ENSG00000119969
pan_troglodytes,ENSG00000126775
pan_troglodytes,ENSG00000133059
pan_troglodytes,ENSG00000135272
pan_troglodytes,ENSG00000135966
pan_troglodytes,ENSG00000138303
pan_troglodytes,ENSG00000139746
pan_troglodytes,ENSG00000146197
pan_troglodytes,ENSG00000151790
pan_troglodytes,ENSG00000151962
pan_troglodytes,ENSG00000152137
pan_troglodytes,ENSG00000152253
pan_troglodytes,ENSG00000153162
pan_troglodytes,ENSG00000154930
pan_troglodytes,ENSG00000156469
pan_troglodytes,ENSG00000156471
pan_troglodytes,ENSG00000164291
pan_troglodytes,ENSG00000164325
pan_troglodytes,ENSG00000164600
pan_troglodytes,ENSG00000164953
pan_troglodytes,ENSG00000165695
pan_troglodytes,ENSG00000166569
pan_troglodytes,ENSG00000170477
pan_troglodytes,ENSG00000171408
pan_troglodytes,ENSG00000171722
pan_troglodytes,ENSG00000174307
pan_troglodytes,ENSG00000177189
pan_troglodytes,ENSG00000196220
pan_troglodytes,ENSG00000196504
pan_troglodytes,ENSG00000196968
pan_troglodytes,ENSG00000197136
pan_troglodytes,ENSG00000197442
pan_troglodytes,ENSG00000227345
pan_troglodytes,ENSG00000243708
pan_troglodytes,ENSG00000247626
pan_troglodytes,ENSG00000276600
panthera_leo,ENSG00000005884
panthera_leo,ENSG00000009790
panthera_leo,ENSG00000052850
panthera_leo,ENSG00000055813
panthera_leo,ENSG00000074803
panthera_leo,ENSG00000085449
panthera_leo,ENSG00000090104
panthera_leo,ENSG00000100439
panthera_leo,ENSG00000101871
panthera_leo,ENSG00000104327
panthera_leo,ENSG00000106113
panthera_leo,ENSG00000106799
panthera_leo,ENSG00000106952
panthera_leo,ENSG00000108231
panthera_leo,ENSG00000112992
panthera_leo,ENSG00000114302
panthera_leo,ENSG00000115827
panthera_leo,ENSG00000116745
panthera_leo,ENSG00000119969
panthera_leo,ENSG00000126775
panthera_leo,ENSG00000133059
panthera_leo,ENSG00000135966
panthera_leo,ENSG00000138303
panthera_leo,ENSG00000139746
panthera_leo,ENSG00000140285
panthera_leo,ENSG00000146197
panthera_leo,ENSG00000148484
panthera_leo,ENSG00000151790
panthera_leo,ENSG00000151962
panthera_leo,ENSG00000152137
panthera_leo,ENSG00000152253
panthera_leo,ENSG00000153162
panthera_leo,ENSG00000154928
panthera_leo,ENSG00000154930
panthera_leo,ENSG00000156469
panthera_leo,ENSG00000156471
panthera_leo,ENSG00000159387
panthera_leo,ENSG00000164291
panthera_leo,ENSG00000164325
panthera_leo,ENSG00000164600
panthera_leo,ENSG00000164953
panthera_leo,ENSG00000165695
panthera_leo,ENSG00000166569
panthera_leo,ENSG00000170464
panthera_leo,ENSG00000170477
panthera_leo,ENSG00000170903
panthera_leo,ENSG00000171722
panthera_leo,ENSG00000174307
panthera_leo,ENSG00000177189
panthera_leo,ENSG00000179915
panthera_leo,ENSG00000188760
panthera_leo,ENSG00000196504
panthera_leo,ENSG00000196968
panthera_leo,ENSG00000197136
panthera_leo,ENSG00000197150
panthera_leo,ENSG00000227345
panthera_leo,ENSG00000243708
panthera_leo,ENSG00000247626
panthera_leo,ENSG00000284862
panthera_pardus,ENSG00000005884
panthera_pardus,ENSG00000009790
panthera_pardus,ENSG00000052850
panthera_pardus,ENSG00000055813
panthera_pardus,ENSG00000074803
panthera_pardus,ENSG00000083782
panthera_pardus,ENSG00000085449
panthera_pardus,ENSG00000090104
panthera_pardus,ENSG00000100439
panthera_pardus,ENSG00000101871
panthera_pardus,ENSG00000104327
panthera_pardus,ENSG00000104419
panthera_pardus,ENSG00000106113
panthera_pardus,ENSG00000106799
panthera_pardus,ENSG00000108231
panthera_pardus,ENSG00000112992
panthera_pardus,ENSG00000114302
panthera_pardus,ENSG00000115827
panthera_pardus,ENSG00000116745
panthera_pardus,ENSG00000119969
panthera_pardus,ENSG00000126775
panthera_pardus,ENSG00000133059
panthera_pardus,ENSG00000135272
panthera_pardus,ENSG00000135966
panthera_pardus,ENSG00000138303
panthera_pardus,ENSG00000139746
panthera_pardus,ENSG00000140285
panthera_pardus,ENSG00000146197
panthera_pardus,ENSG00000148484
panthera_pardus,ENSG00000151790
panthera_pardus,ENSG00000151962
panthera_pardus,ENSG00000152137
panthera_pardus,ENSG00000152253
panthera_pardus,ENSG00000153162
panthera_pardus,ENSG00000154930
panthera_pardus,ENSG00000156469
panthera_pardus,ENSG00000156471
panthera_pardus,ENSG00000159387
panthera_pardus,ENSG00000164291
panthera_pardus,ENSG00000164325
panthera_pardus,ENSG00000164600
panthera_pardus,ENSG00000164953
panthera_pardus,ENSG00000165695
panthera_pardus,ENSG00000166569
panthera_pardus,ENSG00000170464
panthera_pardus,ENSG00000170477
panthera_pardus,ENSG00000170903
panthera_pardus,ENSG00000171722
panthera_pardus,ENSG00000174307
panthera_pardus,ENSG00000177189
panthera_pardus,ENSG00000188760
panthera_pardus,ENSG00000196504
panthera_pardus,ENSG00000196968
panthera_pardus,ENSG00000197136
panthera_pardus,ENSG00000197150
panthera_pardus,ENSG00000227345
panthera_pardus,ENSG00000243708
panthera_pardus,ENSG00000247626
panthera_pardus,ENSG00000284862
phascolarctos_cinereus,ENSG00000005884
phascolarctos_cinereus,ENSG00000009790
phascolarctos_cinereus,ENSG00000052850
phascolarctos_cinereus,ENSG00000055813
phascolarctos_cinereus,ENSG00000074803
phascolarctos_cinereus,ENSG00000085449
phascolarctos_cinereus,ENSG00000090104
phascolarctos_cinereus,ENSG00000100439
phascolarctos_cinereus,ENSG00000101871
phascolarctos_cinereus,ENSG00000104327
phascolarctos_cinereus,ENSG00000106113
phascolarctos_cinereus,ENSG00000106799
phascolarctos_cinereus,ENSG00000108231
phascolarctos_cinereus,ENSG00000112992
phascolarctos_cinereus,ENSG00000114302
phascolarctos_cinereus,ENSG00000115827
phascolarctos_cinereus,ENSG00000116745
phascolarctos_cinereus,ENSG00000119969
phascolarctos_cinereus,ENSG00000126775
phascolarctos_cinereus,ENSG00000133059
phascolarctos_cinereus,ENSG00000135272
phascolarctos_cinereus,ENSG00000135966
phascolarctos_cinereus,ENSG00000138303
phascolarctos_cinereus,ENSG00000139746
phascolarctos_cinereus,ENSG00000140285
phascolarctos_cinereus,ENSG00000146197
phascolarctos_cinereus,ENSG00000148484
phascolarctos_cinereus,ENSG00000151790
phascolarctos_cinereus,ENSG00000151962
phascolarctos_cinereus,ENSG00000152137
phascolarctos_cinereus,ENSG00000152253
phascolarctos_cinereus,ENSG00000153162
phascolarctos_cinereus,ENSG00000154930
phascolarctos_cinereus,ENSG00000156469
phascolarctos_cinereus,ENSG00000156471
phascolarctos_cinereus,ENSG00000159387
phascolarctos_cinereus,ENSG00000164291
phascolarctos_cinereus,ENSG00000164325
phascolarctos_cinereus,ENSG00000164600
phascolarctos_cinereus,ENSG00000164953
phascolarctos_cinereus,ENSG00000165695
phascolarctos_cinereus,ENSG00000166569
phascolarctos_cinereus,ENSG00000170477
phascolarctos_cinereus,ENSG00000170903
phascolarctos_cinereus,ENSG00000171722
phascolarctos_cinereus,ENSG00000174307
phascolarctos_cinereus,ENSG00000177189
phascolarctos_cinereus,ENSG00000188760
phascolarctos_cinereus,ENSG00000196504
phascolarctos_cinereus,ENSG00000196968
phascolarctos_cinereus,ENSG00000197136
phascolarctos_cinereus,ENSG00000197150
phascolarctos_cinereus,ENSG00000227345
phascolarctos_cinereus,ENSG00000243708
phascolarctos_cinereus,ENSG00000247626
physeter_catodon,ENSG00000005884
physeter_catodon,ENSG00000009790
physeter_catodon,ENSG00000052850
physeter_catodon,ENSG00000055813
physeter_catodon,ENSG00000074803
physeter_catodon,ENSG00000085449
physeter_catodon,ENSG00000090104
physeter_catodon,ENSG00000100439
physeter_catodon,ENSG00000101871
physeter_catodon,ENSG00000104327
physeter_catodon,ENSG00000104419
physeter_catodon,ENSG00000106113
physeter_catodon,ENSG00000106799
physeter_catodon,ENSG00000108231
physeter_catodon,ENSG00000112992
physeter_catodon,ENSG00000114302
physeter_catodon,ENSG00000115827
physeter_catodon,ENSG00000116745
physeter_catodon,ENSG00000119969
physeter_catodon,ENSG00000122035
physeter_catodon,ENSG00000126775
physeter_catodon,ENSG00000133059
physeter_catodon,ENSG00000134709
physeter_catodon,ENSG00000135966
physeter_catodon,ENSG00000137801
physeter_catodon,ENSG00000138303
physeter_catodon,ENSG00000139746
physeter_catodon,ENSG00000140285
physeter_catodon,ENSG00000146197
physeter_catodon,ENSG00000148484
physeter_catodon,ENSG00000151790
physeter_catodon,ENSG00000151962
physeter_catodon,ENSG00000152137
physeter_catodon,ENSG00000152253
physeter_catodon,ENSG00000153162
physeter_catodon,ENSG00000154928
physeter_catodon,ENSG00000154930
physeter_catodon,ENSG00000156469
physeter_catodon,ENSG00000156471
physeter_catodon,ENSG00000159387
physeter_catodon,ENSG00000164291
physeter_catodon,ENSG00000164325
physeter_catodon,ENSG00000164600
physeter_catodon,ENSG00000164953
physeter_catodon,ENSG00000165695
physeter_catodon,ENSG00000166569
physeter_catodon,ENSG00000170464
physeter_catodon,ENSG00000170477
physeter_catodon,ENSG00000170903
physeter_catodon,ENSG00000171722
physeter_catodon,ENSG00000174307
physeter_catodon,ENSG00000177189
physeter_catodon,ENSG00000183475
physeter_catodon,ENSG00000188760
physeter_catodon,ENSG00000196504
physeter_catodon,ENSG00000196968
physeter_catodon,ENSG00000197136
physeter_catodon,ENSG00000197150
physeter_catodon,ENSG00000203965
physeter_catodon,ENSG00000227345
physeter_catodon,ENSG00000243708
physeter_catodon,ENSG00000247626
physeter_catodon,ENSG00000275700
physeter_catodon,ENSG00000284862
rattus_norvegicus,ENSG00000005884
rattus_norvegicus,ENSG00000027075
rattus_norvegicus,ENSG00000044524
rattus_norvegicus,ENSG00000055813
rattus_norvegicus,ENSG00000074803
rattus_norvegicus,ENSG00000085449
rattus_norvegicus,ENSG00000100439
rattus_norvegicus,ENSG00000101871
rattus_norvegicus,ENSG00000106113
rattus_norvegicus,ENSG00000106799
rattus_norvegicus,ENSG00000108231
rattus_norvegicus,ENSG00000119969
rattus_norvegicus,ENSG00000122692
rattus_norvegicus,ENSG00000126775
rattus_norvegicus,ENSG00000133059
rattus_norvegicus,ENSG00000135966
rattus_norvegicus,ENSG00000138303
rattus_norvegicus,ENSG00000139746
rattus_norvegicus,ENSG00000140285
rattus_norvegicus,ENSG00000145685
rattus_norvegicus,ENSG00000151790
rattus_norvegicus,ENSG00000152253
rattus_norvegicus,ENSG00000153162
rattus_norvegicus,ENSG00000154930
rattus_norvegicus,ENSG00000156469
rattus_norvegicus,ENSG00000156471
rattus_norvegicus,ENSG00000164291
rattus_norvegicus,ENSG00000164325
rattus_norvegicus,ENSG00000165695
rattus_norvegicus,ENSG00000166569
rattus_norvegicus,ENSG00000170477
rattus_norvegicus,ENSG00000171722
rattus_norvegicus,ENSG00000177189
rattus_norvegicus,ENSG00000196504
rattus_norvegicus,ENSG00000197136
rattus_norvegicus,ENSG00000243708
rattus_norvegicus,ENSG00000247626
rhinolophus_ferrumequinum,ENSG00000005884
rhinolophus_ferrumequinum,ENSG00000009790
rhinolophus_ferrumequinum,ENSG00000052850
rhinolophus_ferrumequinum,ENSG00000055813
rhinolophus_ferrumequinum,ENSG00000071967
rhinolophus_ferrumequinum,ENSG00000074803
rhinolophus_ferrumequinum,ENSG00000085449
rhinolophus_ferrumequinum,ENSG00000090104
rhinolophus_ferrumequinum,ENSG00000100439
rhinolophus_ferrumequinum,ENSG00000101871
rhinolophus_ferrumequinum,ENSG00000104327
rhinolophus_ferrumequinum,ENSG00000106113
rhinolophus_ferrumequinum,ENSG00000106799
rhinolophus_ferrumequinum,ENSG00000108231
rhinolophus_ferrumequinum,ENSG00000112992
rhinolophus_ferrumequinum,ENSG00000114302
rhinolophus_ferrumequinum,ENSG00000115827
rhinolophus_ferrumequinum,ENSG00000116745
rhinolophus_ferrumequinum,ENSG00000119689
rhinolophus_ferrumequinum,ENSG00000119969
rhinolophus_ferrumequinum,ENSG00000126775
rhinolophus_ferrumequinum,ENSG00000133059
rhinolophus_ferrumequinum,ENSG00000135272
rhinolophus_ferrumequinum,ENSG00000135966
rhinolophus_ferrumequinum,ENSG00000138303
rhinolophus_ferrumequinum,ENSG00000139746
rhinolophus_ferrumequinum,ENSG00000140285
rhinolophus_ferrumequinum,ENSG00000145331
rhinolophus_ferrumequinum,ENSG00000145685
rhinolophus_ferrumequinum,ENSG00000146197
rhinolophus_ferrumequinum,ENSG00000148484
rhinolophus_ferrumequinum,ENSG00000151790
rhinolophus_ferrumequinum,ENSG00000151962
rhinolophus_ferrumequinum,ENSG00000152137
rhinolophus_ferrumequinum,ENSG00000152253
rhinolophus_ferrumequinum,ENSG00000153162
rhinolophus_ferrumequinum,ENSG00000154930
rhinolophus_ferrumequinum,ENSG00000156469
rhinolophus_ferrumequinum,ENSG00000156471
rhinolophus_ferrumequinum,ENSG00000158816
rhinolophus_ferrumequinum,ENSG00000159387
rhinolophus_ferrumequinum,ENSG00000163848
rhinolophus_ferrumequinum,ENSG00000164291
rhinolophus_ferrumequinum,ENSG00000164325
rhinolophus_ferrumequinum,ENSG00000164332
rhinolophus_ferrumequinum,ENSG00000164600
rhinolophus_ferrumequinum,ENSG00000164953
rhinolophus_ferrumequinum,ENSG00000165695
rhinolophus_ferrumequinum,ENSG00000166569
rhinolophus_ferrumequinum,ENSG00000170477
rhinolophus_ferrumequinum,ENSG00000170903
rhinolophus_ferrumequinum,ENSG00000171722
rhinolophus_ferrumequinum,ENSG00000174307
rhinolophus_ferrumequinum,ENSG00000177189
rhinolophus_ferrumequinum,ENSG00000188760
rhinolophus_ferrumequinum,ENSG00000196504
rhinolophus_ferrumequinum,ENSG00000196968
rhinolophus_ferrumequinum,ENSG00000197136
rhinolophus_ferrumequinum,ENSG00000197150
rhinolophus_ferrumequinum,ENSG00000227345
rhinolophus_ferrumequinum,ENSG00000243708
rhinolophus_ferrumequinum,ENSG00000247626
rhinolophus_ferrumequinum,ENSG00000284862
rhinopithecus_roxellana,ENSG00000005884
rhinopithecus_roxellana,ENSG00000009790
rhinopithecus_roxellana,ENSG00000052850
rhinopithecus_roxellana,ENSG00000055813
rhinopithecus_roxellana,ENSG00000074803
rhinopithecus_roxellana,ENSG00000085449
rhinopithecus_roxellana,ENSG00000090104
rhinopithecus_roxellana,ENSG00000100439
rhinopithecus_roxellana,ENSG00000101871
rhinopithecus_roxellana,ENSG00000104327
rhinopithecus_roxellana,ENSG00000106113
rhinopithecus_roxellana,ENSG00000106799
rhinopithecus_roxellana,ENSG00000108231
rhinopithecus_roxellana,ENSG00000114302
rhinopithecus_roxellana,ENSG00000115827
rhinopithecus_roxellana,ENSG00000116745
rhinopithecus_roxellana,ENSG00000119285
rhinopithecus_roxellana,ENSG00000119969
rhinopithecus_roxellana,ENSG00000126775
rhinopithecus_roxellana,ENSG00000133059
rhinopithecus_roxellana,ENSG00000135966
rhinopithecus_roxellana,ENSG00000138303
rhinopithecus_roxellana,ENSG00000139746
rhinopithecus_roxellana,ENSG00000140285
rhinopithecus_roxellana,ENSG00000146197
rhinopithecus_roxellana,ENSG00000148484
rhinopithecus_roxellana,ENSG00000151790
rhinopithecus_roxellana,ENSG00000151962
rhinopithecus_roxellana,ENSG00000152137
rhinopithecus_roxellana,ENSG00000152253
rhinopithecus_roxellana,ENSG00000153162
rhinopithecus_roxellana,ENSG00000154930
rhinopithecus_roxellana,ENSG00000156469
rhinopithecus_roxellana,ENSG00000156471
rhinopithecus_roxellana,ENSG00000159387
rhinopithecus_roxellana,ENSG00000164291
rhinopithecus_roxellana,ENSG00000164325
rhinopithecus_roxellana,ENSG00000164600
rhinopithecus_roxellana,ENSG00000164953
rhinopithecus_roxellana,ENSG00000165695
rhinopithecus_roxellana,ENSG00000166569
rhinopithecus_roxellana,ENSG00000170477
rhinopithecus_roxellana,ENSG00000170903
rhinopithecus_roxellana,ENSG00000171722
rhinopithecus_roxellana,ENSG00000174307
rhinopithecus_roxellana,ENSG00000177189
rhinopithecus_roxellana,ENSG00000188760
rhinopithecus_roxellana,ENSG00000196504
rhinopithecus_roxellana,ENSG00000196968
rhinopithecus_roxellana,ENSG00000197136
rhinopithecus_roxellana,ENSG00000197150
rhinopithecus_roxellana,ENSG00000227345
rhinopithecus_roxellana,ENSG00000243708
rhinopithecus_roxellana,ENSG00000247626
rhinopithecus_roxellana,ENSG00000284862
sarcophilus_harrisii,ENSG00000005884
sarcophilus_harrisii,ENSG00000009790
sarcophilus_harrisii,ENSG00000018625
sarcophilus_harrisii,ENSG00000031081
sarcophilus_harrisii,ENSG00000052850
sarcophilus_harrisii,ENSG00000055813
sarcophilus_harrisii,ENSG00000074803
sarcophilus_harrisii,ENSG00000085449
sarcophilus_harrisii,ENSG00000090104
sarcophilus_harrisii,ENSG00000100439
sarcophilus_harrisii,ENSG00000101871
sarcophilus_harrisii,ENSG00000104327
sarcophilus_harrisii,ENSG00000106113
sarcophilus_harrisii,ENSG00000106799
sarcophilus_harrisii,ENSG00000106952
sarcophilus_harrisii,ENSG00000108231
sarcophilus_harrisii,ENSG00000115827
sarcophilus_harrisii,ENSG00000116745
sarcophilus_harrisii,ENSG00000119969
sarcophilus_harrisii,ENSG00000126775
sarcophilus_harrisii,ENSG00000133059
sarcophilus_harrisii,ENSG00000138303
sarcophilus_harrisii,ENSG00000139746
sarcophilus_harrisii,ENSG00000140285
sarcophilus_harrisii,ENSG00000145685
sarcophilus_harrisii,ENSG00000146197
sarcophilus_harrisii,ENSG00000151790
sarcophilus_harrisii,ENSG00000151962
sarcophilus_harrisii,ENSG00000152137
sarcophilus_harrisii,ENSG00000152253
sarcophilus_harrisii,ENSG00000153162
sarcophilus_harrisii,ENSG00000154930
sarcophilus_harrisii,ENSG00000156469
sarcophilus_harrisii,ENSG00000156471
sarcophilus_harrisii,ENSG00000158816
sarcophilus_harrisii,ENSG00000159387
sarcophilus_harrisii,ENSG00000164291
sarcophilus_harrisii,ENSG00000164325
sarcophilus_harrisii,ENSG00000164600
sarcophilus_harrisii,ENSG00000165695
sarcophilus_harrisii,ENSG00000166569
sarcophilus_harrisii,ENSG00000170477
sarcophilus_harrisii,ENSG00000170903
sarcophilus_harrisii,ENSG00000171722
sarcophilus_harrisii,ENSG00000174307
sarcophilus_harrisii,ENSG00000174448
sarcophilus_harrisii,ENSG00000176040
sarcophilus_harrisii,ENSG00000177189
sarcophilus_harrisii,ENSG00000179915
sarcophilus_harrisii,ENSG00000188760
sarcophilus_harrisii,ENSG00000196504
sarcophilus_harrisii,ENSG00000196968
sarcophilus_harrisii,ENSG00000197136
sarcophilus_harrisii,ENSG00000227345
sarcophilus_harrisii,ENSG00000243708
sarcophilus_harrisii,ENSG00000247626
sciurus_vulgaris,ENSG00000005884
sciurus_vulgaris,ENSG00000009790
sciurus_vulgaris,ENSG00000044524
sciurus_vulgaris,ENSG00000052850
sciurus_vulgaris,ENSG00000055813
sciurus_vulgaris,ENSG00000071967
sciurus_vulgaris,ENSG00000074803
sciurus_vulgaris,ENSG00000083782
sciurus_vulgaris,ENSG00000085449
sciurus_vulgaris,ENSG00000090104
sciurus_vulgaris,ENSG00000100439
sciurus_vulgaris,ENSG00000101871
sciurus_vulgaris,ENSG00000104327
sciurus_vulgaris,ENSG00000104419
sciurus_vulgaris,ENSG00000106113
sciurus_vulgaris,ENSG00000106799
sciurus_vulgaris,ENSG00000108231
sciurus_vulgaris,ENSG00000114302
sciurus_vulgaris,ENSG00000115827
sciurus_vulgaris,ENSG00000116745
sciurus_vulgaris,ENSG00000119969
sciurus_vulgaris,ENSG00000122692
sciurus_vulgaris,ENSG00000126775
sciurus_vulgaris,ENSG00000133059
sciurus_vulgaris,ENSG00000133107
sciurus_vulgaris,ENSG00000134253
sciurus_vulgaris,ENSG00000135272
sciurus_vulgaris,ENSG00000135966
sciurus_vulgaris,ENSG00000138182
sciurus_vulgaris,ENSG00000138303
sciurus_vulgaris,ENSG00000139746
sciurus_vulgaris,ENSG00000140285
sciurus_vulgaris,ENSG00000145331
sciurus_vulgaris,ENSG00000145358
sciurus_vulgaris,ENSG00000146197
sciurus_vulgaris,ENSG00000148484
sciurus_vulgaris,ENSG00000151790
sciurus_vulgaris,ENSG00000151962
sciurus_vulgaris,ENSG00000152137
sciurus_vulgaris,ENSG00000152253
sciurus_vulgaris,ENSG00000153162
sciurus_vulgaris,ENSG00000154928
sciurus_vulgaris,ENSG00000154930
sciurus_vulgaris,ENSG00000156469
sciurus_vulgaris,ENSG00000156471
sciurus_vulgaris,ENSG00000159387
sciurus_vulgaris,ENSG00000164291
sciurus_vulgaris,ENSG00000164325
sciurus_vulgaris,ENSG00000164532
sciurus_vulgaris,ENSG00000164600
sciurus_vulgaris,ENSG00000165695
sciurus_vulgaris,ENSG00000166569
sciurus_vulgaris,ENSG00000170464
sciurus_vulgaris,ENSG00000170477
sciurus_vulgaris,ENSG00000170903
sciurus_vulgaris,ENSG00000171408
sciurus_vulgaris,ENSG00000171722
sciurus_vulgaris,ENSG00000174307
sciurus_vulgaris,ENSG00000177189
sciurus_vulgaris,ENSG00000179915
sciurus_vulgaris,ENSG00000188760
sciurus_vulgaris,ENSG00000196123
sciurus_vulgaris,ENSG00000196504
sciurus_vulgaris,ENSG00000196968
sciurus_vulgaris,ENSG00000197136
sciurus_vulgaris,ENSG00000227345
sciurus_vulgaris,ENSG00000243708
sciurus_vulgaris,ENSG00000247626
sciurus_vulgaris,ENSG00000284862
sus_scrofa,ENSG00000005884
sus_scrofa,ENSG00000009790
sus_scrofa,ENSG00000052850
sus_scrofa,ENSG00000055813
sus_scrofa,ENSG00000074803
sus_scrofa,ENSG00000083782
sus_scrofa,ENSG00000085449
sus_scrofa,ENSG00000090104
sus_scrofa,ENSG00000100439
sus_scrofa,ENSG00000101871
sus_scrofa,ENSG00000106113
sus_scrofa,ENSG00000106799
sus_scrofa,ENSG00000108231
sus_scrofa,ENSG00000114302
sus_scrofa,ENSG00000115827
sus_scrofa,ENSG00000116745
sus_scrofa,ENSG00000119969
sus_scrofa,ENSG00000126775
sus_scrofa,ENSG00000133059
sus_scrofa,ENSG00000138303
sus_scrofa,ENSG00000139746
sus_scrofa,ENSG00000140285
sus_scrofa,ENSG00000145331
sus_scrofa,ENSG00000146197
sus_scrofa,ENSG00000148484
sus_scrofa,ENSG00000151790
sus_scrofa,ENSG00000151962
sus_scrofa,ENSG00000152137
sus_scrofa,ENSG00000152253
sus_scrofa,ENSG00000153162
sus_scrofa,ENSG00000154928
sus_scrofa,ENSG00000154930
sus_scrofa,ENSG00000156469
sus_scrofa,ENSG00000156471
sus_scrofa,ENSG00000159387
sus_scrofa,ENSG00000164291
sus_scrofa,ENSG00000164325
sus_scrofa,ENSG00000164600
sus_scrofa,ENSG00000164953
sus_scrofa,ENSG00000165695
sus_scrofa,ENSG00000166569
sus_scrofa,ENSG00000170477
sus_scrofa,ENSG00000170903
sus_scrofa,ENSG00000171722
sus_scrofa,ENSG00000174307
sus_scrofa,ENSG00000177189
sus_scrofa,ENSG00000188760
sus_scrofa,ENSG00000196504
sus_scrofa,ENSG00000196968
sus_scrofa,ENSG00000197136
sus_scrofa,ENSG00000197150
sus_scrofa,ENSG00000227345
sus_scrofa,ENSG00000243708
sus_scrofa,ENSG00000247626
sus_scrofa,ENSG00000284862
ursus_maritimus,ENSG00000005884
ursus_maritimus,ENSG00000009790
ursus_maritimus,ENSG00000052850
ursus_maritimus,ENSG00000055813
ursus_maritimus,ENSG00000074803
ursus_maritimus,ENSG00000083782
ursus_maritimus,ENSG00000085449
ursus_maritimus,ENSG00000090104
ursus_maritimus,ENSG00000100439
ursus_maritimus,ENSG00000101871
ursus_maritimus,ENSG00000104327
ursus_maritimus,ENSG00000104419
ursus_maritimus,ENSG00000106113
ursus_maritimus,ENSG00000106799
ursus_maritimus,ENSG00000108231
ursus_maritimus,ENSG00000112992
ursus_maritimus,ENSG00000114302
ursus_maritimus,ENSG00000115827
ursus_maritimus,ENSG00000116745
ursus_maritimus,ENSG00000119969
ursus_maritimus,ENSG00000126775
ursus_maritimus,ENSG00000133059
ursus_maritimus,ENSG00000135272
ursus_maritimus,ENSG00000135966
ursus_maritimus,ENSG00000138303
ursus_maritimus,ENSG00000139746
ursus_maritimus,ENSG00000140285
ursus_maritimus,ENSG00000146197
ursus_maritimus,ENSG00000148484
ursus_maritimus,ENSG00000151790
ursus_maritimus,ENSG00000151962
ursus_maritimus,ENSG00000152137
ursus_maritimus,ENSG00000152253
ursus_maritimus,ENSG00000153162
ursus_maritimus,ENSG00000154930
ursus_maritimus,ENSG00000156469
ursus_maritimus,ENSG00000156471
ursus_maritimus,ENSG00000159387
ursus_maritimus,ENSG00000164291
ursus_maritimus,ENSG00000164325
ursus_maritimus,ENSG00000164600
ursus_maritimus,ENSG00000165695
ursus_maritimus,ENSG00000166569
ursus_maritimus,ENSG00000170464
ursus_maritimus,ENSG00000170477
ursus_maritimus,ENSG00000170903
ursus_maritimus,ENSG00000171722
ursus_maritimus,ENSG00000174307
ursus_maritimus,ENSG00000177189
ursus_maritimus,ENSG00000179915
ursus_maritimus,ENSG00000188760
ursus_maritimus,ENSG00000196504
ursus_maritimus,ENSG00000196968
ursus_maritimus,ENSG00000197136
ursus_maritimus,ENSG00000197150
ursus_maritimus,ENSG00000203965
ursus_maritimus,ENSG00000227345
ursus_maritimus,ENSG00000243708
ursus_maritimus,ENSG00000247626
vombatus_ursinus,ENSG00000005884
vombatus_ursinus,ENSG00000009790
vombatus_ursinus,ENSG00000052850
vombatus_ursinus,ENSG00000055813
vombatus_ursinus,ENSG00000074803
vombatus_ursinus,ENSG00000085449
vombatus_ursinus,ENSG00000090104
vombatus_ursinus,ENSG00000100439
vombatus_ursinus,ENSG00000101871
vombatus_ursinus,ENSG00000103591
vombatus_ursinus,ENSG00000104327
vombatus_ursinus,ENSG00000106113
vombatus_ursinus,ENSG00000106799
vombatus_ursinus,ENSG00000108231
vombatus_ursinus,ENSG00000112992
vombatus_ursinus,ENSG00000114302
vombatus_ursinus,ENSG00000115827
vombatus_ursinus,ENSG00000116745
vombatus_ursinus,ENSG00000119689
vombatus_ursinus,ENSG00000119969
vombatus_ursinus,ENSG00000122035
vombatus_ursinus,ENSG00000126775
vombatus_ursinus,ENSG00000126950
vombatus_ursinus,ENSG00000133059
vombatus_ursinus,ENSG00000135272
vombatus_ursinus,ENSG00000135966
vombatus_ursinus,ENSG00000138182
vombatus_ursinus,ENSG00000138303
vombatus_ursinus,ENSG00000139746
vombatus_ursinus,ENSG00000140285
vombatus_ursinus,ENSG00000145331
vombatus_ursinus,ENSG00000146197
vombatus_ursinus,ENSG00000148484
vombatus_ursinus,ENSG00000151790
vombatus_ursinus,ENSG00000151962
vombatus_ursinus,ENSG00000152137
vombatus_ursinus,ENSG00000152253
vombatus_ursinus,ENSG00000153162
vombatus_ursinus,ENSG00000154928
vombatus_ursinus,ENSG00000154930
vombatus_ursinus,ENSG00000156469
vombatus_ursinus,ENSG00000156471
vombatus_ursinus,ENSG00000158987
vombatus_ursinus,ENSG00000159387
vombatus_ursinus,ENSG00000164291
vombatus_ursinus,ENSG00000164325
vombatus_ursinus,ENSG00000164600
vombatus_ursinus,ENSG00000164953
vombatus_ursinus,ENSG00000165695
vombatus_ursinus,ENSG00000165698
vombatus_ursinus,ENSG00000166569
vombatus_ursinus,ENSG00000170464
vombatus_ursinus,ENSG00000170477
vombatus_ursinus,ENSG00000170903
vombatus_ursinus,ENSG00000171722
vombatus_ursinus,ENSG00000173714
vombatus_ursinus,ENSG00000174307
vombatus_ursinus,ENSG00000177189
vombatus_ursinus,ENSG00000188760
vombatus_ursinus,ENSG00000196504
vombatus_ursinus,ENSG00000196968
vombatus_ursinus,ENSG00000197136
vombatus_ursinus,ENSG00000197150
vombatus_ursinus,ENSG00000227345
vombatus_ursinus,ENSG00000243708
vombatus_ursinus,ENSG00000247626
vombatus_ursinus,ENSG00000284862
vulpes_vulpes,ENSG00000005884
vulpes_vulpes,ENSG00000009790
vulpes_vulpes,ENSG00000052850
vulpes_vulpes,ENSG00000055813
vulpes_vulpes,ENSG00000074803
vulpes_vulpes,ENSG00000079134
vulpes_vulpes,ENSG00000085449
vulpes_vulpes,ENSG00000090104
vulpes_vulpes,ENSG00000100439
vulpes_vulpes,ENSG00000101871
vulpes_vulpes,ENSG00000104327
vulpes_vulpes,ENSG00000104419
vulpes_vulpes,ENSG00000106113
vulpes_vulpes,ENSG00000106799
vulpes_vulpes,ENSG00000108231
vulpes_vulpes,ENSG00000112992
vulpes_vulpes,ENSG00000114302
vulpes_vulpes,ENSG00000115827
vulpes_vulpes,ENSG00000116745
vulpes_vulpes,ENSG00000119969
vulpes_vulpes,ENSG00000126775
vulpes_vulpes,ENSG00000133059
vulpes_vulpes,ENSG00000135272
vulpes_vulpes,ENSG00000135966
vulpes_vulpes,ENSG00000138182
vulpes_vulpes,ENSG00000138303
vulpes_vulpes,ENSG00000139746
vulpes_vulpes,ENSG00000140285
vulpes_vulpes,ENSG00000146197
vulpes_vulpes,ENSG00000148484
vulpes_vulpes,ENSG00000151790
vulpes_vulpes,ENSG00000151962
vulpes_vulpes,ENSG00000152137
vulpes_vulpes,ENSG00000152253
vulpes_vulpes,ENSG00000153162
vulpes_vulpes,ENSG00000154930
vulpes_vulpes,ENSG00000156469
vulpes_vulpes,ENSG00000156471
vulpes_vulpes,ENSG00000159387
vulpes_vulpes,ENSG00000164291
vulpes_vulpes,ENSG00000164325
vulpes_vulpes,ENSG00000164600
vulpes_vulpes,ENSG00000164953
vulpes_vulpes,ENSG00000165695
vulpes_vulpes,ENSG00000166569
vulpes_vulpes,ENSG00000170464
vulpes_vulpes,ENSG00000170477
vulpes_vulpes,ENSG00000170903
vulpes_vulpes,ENSG00000171722
vulpes_vulpes,ENSG00000174307
vulpes_vulpes,ENSG00000177189
vulpes_vulpes,ENSG00000188760
vulpes_vulpes,ENSG00000196504
vulpes_vulpes,ENSG00000196968
vulpes_vulpes,ENSG00000197136
vulpes_vulpes,ENSG00000197150
vulpes_vulpes,ENSG00000227345
vulpes_vulpes,ENSG00000243708
vulpes_vulpes,ENSG00000247626
