human_gene_id,gene_name
ENSG00000000457,SCYL3
ENSG00000001460,STPG1
ENSG00000001561,ENPP4
ENSG00000002587,HS3ST1
ENSG00000002745,WNT16
ENSG00000003393,ALS2
ENSG00000003436,TFPI
ENSG00000003756,RBM5
ENSG00000004142,POLDIP2
ENSG00000004700,RECQL
ENSG00000004766,VPS50
ENSG00000004799,PDK4
ENSG00000004864,SLC25A13
ENSG00000004948,CALCR
ENSG00000005020,SKAP2
ENSG00000005108,THSD7A
ENSG00000005156,LIG3
ENSG00000005175,RPAP3
ENSG00000005381,MPO
ENSG00000005421,PON1
ENSG00000005469,CROT
ENSG00000005700,IBTK
ENSG00000005812,FBXL3
ENSG00000005884,ITGA3
ENSG00000005981,ASB4
ENSG00000006042,TMEM98
ENSG00000006062,MAP3K14
ENSG00000006116,CACNG3
ENSG00000006283,CACNA1G
ENSG00000006468,ETV1
ENSG00000006555,TTC22
ENSG00000006576,PHTF2
ENSG00000006611,USH1C
ENSG00000006695,COX10
ENSG00000006715,VPS41
ENSG00000006740,ARHGAP44
ENSG00000006747,SCIN
ENSG00000007341,ST7L
ENSG00000007402,CACNA2D2
ENSG00000008086,CDKL5
ENSG00000008118,CAMK1G
ENSG00000008196,TFAP2B
ENSG00000008197,TFAP2D
ENSG00000008311,AASS
ENSG00000008513,ST3GAL1
ENSG00000008869,HEATR5B
ENSG00000009413,REV3L
ENSG00000009694,TENM1
ENSG00000009765,IYD
ENSG00000009790,TRAF3IP3
ENSG00000009830,POMT2
ENSG00000009844,VTA1
ENSG00000010319,SEMA3G
ENSG00000010671,BTK
ENSG00000010810,FYN
ENSG00000010818,HIVEP2
ENSG00000011083,SLC6A7
ENSG00000011114,BTBD7
ENSG00000011143,MKS1
ENSG00000011376,LARS2
ENSG00000011454,RABGAP1
ENSG00000011465,DCN
ENSG00000012174,MBTPS2
ENSG00000012232,EXTL3
ENSG00000012504,NR1H4
ENSG00000012822,CALCOCO1
ENSG00000013016,EHD3
ENSG00000013293,SLC7A14
ENSG00000013297,CLDN11
ENSG00000013375,PGM3
ENSG00000013392,RWDD2A
ENSG00000013503,POLR3B
ENSG00000013523,ANGEL1
ENSG00000014123,UFL1
ENSG00000014257,ACP3
ENSG00000014641,MDH1
ENSG00000014824,SLC30A9
ENSG00000014919,COX15
ENSG00000016082,ISL1
ENSG00000016402,IL20RA
ENSG00000017260,ATP2C1
ENSG00000017427,IGF1
ENSG00000018236,CNTN1
ENSG00000018510,AGPS
ENSG00000018625,ATP1A2
ENSG00000019505,SYT13
ENSG00000019991,HGF
ENSG00000021776,AQR
ENSG00000021826,CPS1
ENSG00000022277,RTF2
ENSG00000022355,GABRA1
ENSG00000023041,ZDHHC6
ENSG00000023228,NDUFS1
ENSG00000023318,ERP44
ENSG00000023516,AKAP11
ENSG00000023697,DERA
ENSG00000024526,DEPDC1
ENSG00000025156,HSF2
ENSG00000025434,NR1H3
ENSG00000027075,PRKCH
ENSG00000028528,SNX1
ENSG00000028839,TBPL1
ENSG00000029363,BCLAF1
ENSG00000029364,SLC39A9
ENSG00000029559,IBSP
ENSG00000029639,TFB1M
ENSG00000030304,MUSK
ENSG00000031081,ARHGAP31
ENSG00000033800,PIAS1
ENSG00000034152,MAP2K3
ENSG00000034533,ASTE1
ENSG00000034677,RNF19A
ENSG00000034693,PEX3
ENSG00000035664,DAPK2
ENSG00000036054,TBC1D23
ENSG00000036257,CUL3
ENSG00000036473,OTC
ENSG00000036565,SLC18A1
ENSG00000036828,CASR
ENSG00000037749,MFAP3
ENSG00000038002,AGA
ENSG00000038210,PI4K2B
ENSG00000038295,TLL1
ENSG00000038532,CLEC16A
ENSG00000038945,MSR1
ENSG00000039123,MTREX
ENSG00000039139,DNAH5
ENSG00000039537,C6
ENSG00000040731,CDH10
ENSG00000040933,INPP4A
ENSG00000041353,RAB27B
ENSG00000041982,TNC
ENSG00000042088,TDP1
ENSG00000042429,MED17
ENSG00000042980,ADAM28
ENSG00000043462,LCP2
ENSG00000044446,PHKA2
ENSG00000044524,EPHA3
ENSG00000046653,GPM6B
ENSG00000047365,ARAP2
ENSG00000047410,TPR
ENSG00000047578,KATNIP
ENSG00000047617,ANO2
ENSG00000047932,GOPC
ENSG00000048052,HDAC9
ENSG00000048342,CC2D2A
ENSG00000048540,LMO3
ENSG00000048649,RSF1
ENSG00000048740,CELF2
ENSG00000048991,R3HDM1
ENSG00000049130,KITLG
ENSG00000049759,NEDD4L
ENSG00000049883,PTCD2
ENSG00000050628,PTGER3
ENSG00000051009,FHIP1B
ENSG00000052795,FNIP2
ENSG00000052841,TTC17
ENSG00000052850,ALX4
ENSG00000053108,FSTL4
ENSG00000053770,AP5M1
ENSG00000054219,LY75
ENSG00000054690,PLEKHH1
ENSG00000054796,SPO11
ENSG00000054965,FAM168A
ENSG00000054967,RELT
ENSG00000055813,CCDC85A
ENSG00000055917,PUM2
ENSG00000055955,ITIH4
ENSG00000056586,RC3H2
ENSG00000057252,SOAT1
ENSG00000057657,PRDM1
ENSG00000057704,TMCC3
ENSG00000058272,PPP1R12A
ENSG00000058866,DGKG
ENSG00000059377,TBXAS1
ENSG00000059691,GATB
ENSG00000059728,MXD1
ENSG00000060140,STYK1
ENSG00000061676,NCKAP1
ENSG00000062598,ELMO2
ENSG00000063015,SEZ6
ENSG00000064102,INTS13
ENSG00000064199,SPA17
ENSG00000064309,CDON
ENSG00000064313,TAF2
ENSG00000064393,HIPK2
ENSG00000064419,TNPO3
ENSG00000064655,EYA2
ENSG00000064692,SNCAIP
ENSG00000064703,DDX20
ENSG00000064835,POU1F1
ENSG00000064933,PMS1
ENSG00000064989,CALCRL
ENSG00000064999,ANKS1A
ENSG00000065135,GNAI3
ENSG00000065183,WDR3
ENSG00000065325,GLP2R
ENSG00000065413,ANKRD44
ENSG00000065485,PDIA5
ENSG00000065491,TBC1D22B
ENSG00000065534,MYLK
ENSG00000065548,ZC3H15
ENSG00000065615,CYB5R4
ENSG00000065675,PRKCQ
ENSG00000066084,DIP2B
ENSG00000066135,KDM4A
ENSG00000066136,NFYC
ENSG00000066382,MPPED2
ENSG00000066405,CLDN18
ENSG00000066557,LRRC40
ENSG00000066629,EML1
ENSG00000066651,TRMT11
ENSG00000066827,ZFAT
ENSG00000066926,FECH
ENSG00000066933,MYO9A
ENSG00000067141,NEO1
ENSG00000067221,STOML1
ENSG00000067248,DHX29
ENSG00000067596,DHX8
ENSG00000067704,IARS2
ENSG00000067715,SYT1
ENSG00000067798,NAV3
ENSG00000068024,HDAC4
ENSG00000068305,MEF2A
ENSG00000068654,POLR1A
ENSG00000068912,ERLEC1
ENSG00000069018,TRPC7
ENSG00000069122,ADGRF5
ENSG00000069424,KCNAB2
ENSG00000069431,ABCC9
ENSG00000069535,MAOB
ENSG00000069667,RORA
ENSG00000069943,PIGB
ENSG00000070061,ELP1
ENSG00000070182,SPTB
ENSG00000070190,DAPP1
ENSG00000070193,FGF10
ENSG00000070214,SLC44A1
ENSG00000070269,TMEM260
ENSG00000070367,EXOC5
ENSG00000070501,POLB
ENSG00000070540,WIPI1
ENSG00000070718,AP3M2
ENSG00000070761,CFAP20
ENSG00000070808,CAMK2A
ENSG00000070882,OSBPL3
ENSG00000070915,SLC12A3
ENSG00000070950,RAD18
ENSG00000070961,ATP2B1
ENSG00000071051,NCK2
ENSG00000071189,SNX13
ENSG00000071243,ING3
ENSG00000071282,LMCD1
ENSG00000071794,HLTF
ENSG00000071909,MYO3B
ENSG00000071967,CYBRD1
ENSG00000072134,EPN2
ENSG00000072201,LNX1
ENSG00000072310,SREBF1
ENSG00000072422,RHOBTB1
ENSG00000072571,HMMR
ENSG00000072657,TRHDE
ENSG00000072756,TRNT1
ENSG00000072840,EVC
ENSG00000072858,SIDT1
ENSG00000072952,IRAG1
ENSG00000073111,MCM2
ENSG00000073282,TP63
ENSG00000073331,ALPK1
ENSG00000073734,ABCB11
ENSG00000073737,DHRS9
ENSG00000073803,MAP3K13
ENSG00000073849,ST6GAL1
ENSG00000073910,FRY
ENSG00000073921,PICALM
ENSG00000074054,CLASP1
ENSG00000074410,CA12
ENSG00000074582,BCS1L
ENSG00000074695,LMAN1
ENSG00000074706,IPCEF1
ENSG00000074771,NOX3
ENSG00000074803,SLC12A1
ENSG00000074935,TUBE1
ENSG00000075073,TACR2
ENSG00000075089,ACTR6
ENSG00000075188,NUP37
ENSG00000075213,SEMA3A
ENSG00000075223,SEMA3C
ENSG00000075336,TIMM21
ENSG00000075391,RASAL2
ENSG00000075420,FNDC3B
ENSG00000075539,FRYL
ENSG00000075643,MOCOS
ENSG00000075651,PLD1
ENSG00000075856,SART3
ENSG00000075884,ARHGAP15
ENSG00000075891,PAX2
ENSG00000076003,MCM6
ENSG00000076043,REXO2
ENSG00000076321,KLHL20
ENSG00000076641,PAG1
ENSG00000077063,CTTNBP2
ENSG00000077092,RARB
ENSG00000077097,TOP2B
ENSG00000077147,TM9SF3
ENSG00000077264,PAK3
ENSG00000077380,DYNC1I2
ENSG00000077498,TYR
ENSG00000077522,ACTN2
ENSG00000077942,FBLN1
ENSG00000078018,MAP2
ENSG00000078098,FAP
ENSG00000078114,NEBL
ENSG00000078246,TULP3
ENSG00000078328,RBFOX1
ENSG00000078401,EDN1
ENSG00000078549,ADCYAP1R1
ENSG00000078618,NRDC
ENSG00000078687,TNRC6C
ENSG00000078725,BRINP1
ENSG00000079101,CLUL1
ENSG00000079102,RUNX1T1
ENSG00000079112,CDH17
ENSG00000079134,THOC1
ENSG00000079156,OSBPL6
ENSG00000079215,SLC1A3
ENSG00000079246,XRCC5
ENSG00000079689,SCGN
ENSG00000079819,EPB41L2
ENSG00000079931,MOXD1
ENSG00000080166,DCT
ENSG00000080189,SLC35H1
ENSG00000080298,RFX3
ENSG00000080493,SLC4A4
ENSG00000080608,PUM3
ENSG00000080802,CNOT4
ENSG00000080854,IGSF9B
ENSG00000081019,RSBN1
ENSG00000081051,AFP
ENSG00000081138,CDH7
ENSG00000081181,ARG2
ENSG00000081189,MEF2C
ENSG00000081237,PTPRC
ENSG00000081277,PKP1
ENSG00000081320,STK17B
ENSG00000081791,DELE1
ENSG00000081800,SLC13A1
ENSG00000081923,ATP8B1
ENSG00000082126,MPP4
ENSG00000082146,STRADB
ENSG00000082196,C1QTNF3
ENSG00000082213,C5orf22
ENSG00000082258,CCNT2
ENSG00000082269,FAM135A
ENSG00000082438,COBLL1
ENSG00000082512,TRAF5
ENSG00000082516,GEMIN5
ENSG00000082684,SEMA5B
ENSG00000082701,GSK3B
ENSG00000082898,XPO1
ENSG00000083067,TRPM3
ENSG00000083097,DOP1A
ENSG00000083520,DIS3
ENSG00000083535,PIBF1
ENSG00000083782,EPYC
ENSG00000083937,CHMP2B
ENSG00000084110,HAL
ENSG00000084652,TXLNA
ENSG00000084676,NCOA1
ENSG00000084754,HADHA
ENSG00000084764,MAPRE3
ENSG00000085274,MYNN
ENSG00000085433,WDR47
ENSG00000085449,WDFY1
ENSG00000085511,MAP3K4
ENSG00000085719,CPNE3
ENSG00000085741,WNT11
ENSG00000085840,ORC1
ENSG00000085978,ATG16L1
ENSG00000086062,B4GALT1
ENSG00000086189,DIMT1
ENSG00000086570,FAT2
ENSG00000086589,RBM22
ENSG00000087111,PIGS
ENSG00000087253,LPCAT2
ENSG00000087301,TXNDC16
ENSG00000087502,ERGIC2
ENSG00000088035,ALG6
ENSG00000088179,PTPN4
ENSG00000088325,TPX2
ENSG00000088356,PDRG1
ENSG00000088387,DOCK9
ENSG00000088543,C3orf18
ENSG00000088756,ARHGAP28
ENSG00000088930,XRN2
ENSG00000089048,ESF1
ENSG00000089057,SLC23A2
ENSG00000089101,CFAP61
ENSG00000089123,TASP1
ENSG00000089169,RPH3A
ENSG00000089225,TBX5
ENSG00000089723,OTUB2
ENSG00000089916,GPATCH2L
ENSG00000090104,RGS1
ENSG00000090273,NUDC
ENSG00000090376,IRAK3
ENSG00000090402,SI
ENSG00000090861,AARS1
ENSG00000090905,TNRC6A
ENSG00000090975,PITPNM2
ENSG00000090989,EXOC1
ENSG00000091039,OSBPL8
ENSG00000091129,NRCAM
ENSG00000091136,LAMB1
ENSG00000091137,SLC26A4
ENSG00000091138,SLC26A3
ENSG00000091157,WDR7
ENSG00000091164,TXNL1
ENSG00000091181,IL5RA
ENSG00000091262,ABCC6
ENSG00000091409,ITGA6
ENSG00000091428,RAPGEF4
ENSG00000091482,SMPX
ENSG00000091664,SLC17A6
ENSG00000091704,CPA1
ENSG00000091732,ZC3HC1
ENSG00000091844,RGS17
ENSG00000091986,CCDC80
ENSG00000092067,CEBPE
ENSG00000092098,RNF31
ENSG00000092108,SCFD1
ENSG00000092140,G2E3
ENSG00000092208,GEMIN2
ENSG00000092421,SEMA6A
ENSG00000092439,TRPM7
ENSG00000092529,CAPN3
ENSG00000092969,TGFB2
ENSG00000092978,GPATCH2
ENSG00000093183,SEC22C
ENSG00000094755,GABRP
ENSG00000094804,CDC6
ENSG00000094880,CDC23
ENSG00000094975,SUCO
ENSG00000095261,PSMD5
ENSG00000095383,TBC1D2
ENSG00000095464,PDE6C
ENSG00000095585,BLNK
ENSG00000095587,TLL2
ENSG00000095637,SORBS1
ENSG00000095906,NUBP2
ENSG00000096401,CDC5L
ENSG00000096872,IFT74
ENSG00000097046,CDC7
ENSG00000099204,ABLIM1
ENSG00000099219,ERMP1
ENSG00000099250,NRP1
ENSG00000099954,CECR2
ENSG00000100109,TFIP11
ENSG00000100234,TIMP3
ENSG00000100280,AP1B1
ENSG00000100330,MTMR3
ENSG00000100351,GRAP2
ENSG00000100353,EIF3D
ENSG00000100359,SGSM3
ENSG00000100372,SLC25A17
ENSG00000100439,ABHD4
ENSG00000100473,COCH
ENSG00000100483,VCPKMT
ENSG00000100505,TRIM9
ENSG00000100577,GSTZ1
ENSG00000100578,KIAA0586
ENSG00000100592,DAAM1
ENSG00000100605,ITPK1
ENSG00000100629,CEP128
ENSG00000100644,HIF1A
ENSG00000100647,SUSD6
ENSG00000100652,SLC10A1
ENSG00000100697,DICER1
ENSG00000100815,TRIP11
ENSG00000100884,CPNE6
ENSG00000100889,PCK2
ENSG00000100897,DCAF11
ENSG00000100941,PNN
ENSG00000100982,PCIF1
ENSG00000100983,GSS
ENSG00000101109,STK4
ENSG00000101134,DOK5
ENSG00000101138,CSTF1
ENSG00000101146,RAE1
ENSG00000101194,SLC17A9
ENSG00000101247,NDUFAF5
ENSG00000101251,SEL1L2
ENSG00000101310,SEC23B
ENSG00000101323,HAO1
ENSG00000101333,PLCB4
ENSG00000101343,CRNKL1
ENSG00000101349,PAK5
ENSG00000101384,JAG1
ENSG00000101407,TTI1
ENSG00000101413,RPRD1B
ENSG00000101438,SLC32A1
ENSG00000101442,ACTR5
ENSG00000101445,PPP1R16B
ENSG00000101447,FAM83D
ENSG00000101452,DHX35
ENSG00000101463,SYNDIG1
ENSG00000101474,APMAP
ENSG00000101542,CDH20
ENSG00000101577,LPIN2
ENSG00000101605,MYOM1
ENSG00000101639,CEP192
ENSG00000101654,RNMT
ENSG00000101782,RIOK3
ENSG00000101844,ATG4A
ENSG00000101868,POLA1
ENSG00000101871,MID1
ENSG00000101958,GLRA2
ENSG00000101974,ATP11C
ENSG00000101997,CCDC22
ENSG00000102081,FMR1
ENSG00000102104,RS1
ENSG00000102174,PHEX
ENSG00000102239,BRS3
ENSG00000102245,CD40LG
ENSG00000102359,SRPX2
ENSG00000102385,DRP2
ENSG00000102452,NALCN
ENSG00000102468,HTR2A
ENSG00000102524,TNFSF13B
ENSG00000102547,CAB39L
ENSG00000102580,DNAJC3
ENSG00000102755,FLT1
ENSG00000102794,ACOD1
ENSG00000102802,MEDAG
ENSG00000102837,OLFM4
ENSG00000102890,ELMO3
ENSG00000102908,NFAT5
ENSG00000103037,SETD6
ENSG00000103043,VAC14
ENSG00000103051,COG4
ENSG00000103056,SMPD3
ENSG00000103089,FA2H
ENSG00000103174,NAGPA
ENSG00000103266,STUB1
ENSG00000103274,NUBP1
ENSG00000103365,GGA2
ENSG00000103375,AQP8
ENSG00000103429,BFAR
ENSG00000103479,RBL2
ENSG00000103494,RPGRIP1L
ENSG00000103507,BCKDK
ENSG00000103540,CCP110
ENSG00000103544,VPS35L
ENSG00000103569,AQP9
ENSG00000103591,AAGAB
ENSG00000103647,CORO2B
ENSG00000103657,HERC1
ENSG00000103671,TRIP4
ENSG00000103978,TMEM87A
ENSG00000103995,CEP152
ENSG00000104043,ATP8B4
ENSG00000104047,DTWD1
ENSG00000104112,SCG3
ENSG00000104164,BLOC1S6
ENSG00000104219,ZDHHC2
ENSG00000104221,BRF2
ENSG00000104228,TRIM35
ENSG00000104299,INTS9
ENSG00000104313,EYA1
ENSG00000104324,CPQ
ENSG00000104327,CALB1
ENSG00000104356,POP1
ENSG00000104375,STK3
ENSG00000104412,EMC2
ENSG00000104419,NDRG1
ENSG00000104447,TRPS1
ENSG00000104537,ANXA13
ENSG00000104611,SH2D4A
ENSG00000104635,SLC39A14
ENSG00000104756,KCTD9
ENSG00000105223,PLD3
ENSG00000105402,NAPA
ENSG00000105792,CFAP69
ENSG00000105810,CDK6
ENSG00000105821,DNAJC2
ENSG00000105851,PIK3CG
ENSG00000105852,PON3
ENSG00000105855,ITGB8
ENSG00000105856,HBP1
ENSG00000105865,DUS4L
ENSG00000105875,WDR91
ENSG00000105880,DLX5
ENSG00000105887,MTPN
ENSG00000105967,TFEC
ENSG00000105974,CAV1
ENSG00000105976,MET
ENSG00000105989,WNT2
ENSG00000106004,HOXA5
ENSG00000106025,TSPAN12
ENSG00000106034,CPED1
ENSG00000106066,CPVL
ENSG00000106070,GRB10
ENSG00000106100,NOD1
ENSG00000106105,GARS1
ENSG00000106113,CRHR2
ENSG00000106123,EPHB6
ENSG00000106144,CASP2
ENSG00000106278,PTPRZ1
ENSG00000106299,WASL
ENSG00000106302,HYAL4
ENSG00000106341,PPP1R17
ENSG00000106366,SERPINE1
ENSG00000106477,CEP41
ENSG00000106483,SFRP4
ENSG00000106511,MEOX2
ENSG00000106524,ANKMY2
ENSG00000106541,AGR2
ENSG00000106546,AHR
ENSG00000106692,FKTN
ENSG00000106771,TMEM245
ENSG00000106799,TGFBR1
ENSG00000106809,OGN
ENSG00000106819,ASPN
ENSG00000106927,AMBP
ENSG00000106952,TNFSF8
ENSG00000106993,CDC37L1
ENSG00000107020,PLGRKT
ENSG00000107099,DOCK8
ENSG00000107105,ELAVL2
ENSG00000107242,PIP5K1B
ENSG00000107371,EXOSC3
ENSG00000107443,CCNJ
ENSG00000107447,DNTT
ENSG00000107521,HPS1
ENSG00000107566,ERLIN1
ENSG00000107593,PKD2L1
ENSG00000107611,CUBN
ENSG00000107643,MAPK8
ENSG00000107669,ATE1
ENSG00000107679,PLEKHA1
ENSG00000107779,BMPR1A
ENSG00000107796,ACTA2
ENSG00000107807,TLX1
ENSG00000107816,LZTS2
ENSG00000107854,TNKS2
ENSG00000107938,EDRF1
ENSG00000107960,STN1
ENSG00000108018,SORCS1
ENSG00000108055,SMC3
ENSG00000108091,CCDC6
ENSG00000108175,ZMIZ1
ENSG00000108231,LGI1
ENSG00000108244,KRT23
ENSG00000108375,RNF43
ENSG00000108384,RAD51C
ENSG00000108395,TRIM37
ENSG00000108406,DHX40
ENSG00000108423,TUBD1
ENSG00000108443,RPS6KB1
ENSG00000108469,RECQL5
ENSG00000108588,CCDC47
ENSG00000108848,LUC7L3
ENSG00000108878,CACNG1
ENSG00000108883,EFTUD2
ENSG00000108960,MMD
ENSG00000108984,MAP2K6
ENSG00000109063,MYH3
ENSG00000109072,VTN
ENSG00000109079,TNFAIP1
ENSG00000109099,PMP22
ENSG00000109101,FOXN1
ENSG00000109107,ALDOC
ENSG00000109118,PHF12
ENSG00000109133,TMEM33
ENSG00000109158,GABRA4
ENSG00000109220,CHIC2
ENSG00000109320,NFKB1
ENSG00000109321,AREG
ENSG00000109323,MANBA
ENSG00000109339,MAPK10
ENSG00000109452,INPP4B
ENSG00000109458,GAB1
ENSG00000109511,ANXA10
ENSG00000109572,CLCN3
ENSG00000109618,SEPSECS
ENSG00000109667,SLC2A9
ENSG00000109670,FBXW7
ENSG00000109674,NEIL3
ENSG00000109689,STIM2
ENSG00000109771,LRP2BP
ENSG00000109805,NCAPG
ENSG00000109819,PPARGC1A
ENSG00000109832,DDX25
ENSG00000109851,DBX1
ENSG00000109861,CTSC
ENSG00000109906,ZBTB16
ENSG00000109911,ELP4
ENSG00000109927,TECTA
ENSG00000109943,CRTAM
ENSG00000110013,SIAE
ENSG00000110060,PUS3
ENSG00000110107,PRPF19
ENSG00000110108,TMEM109
ENSG00000110169,HPX
ENSG00000110171,TRIM3
ENSG00000110243,APOA5
ENSG00000110315,RNF141
ENSG00000110328,GALNT18
ENSG00000110344,UBE4A
ENSG00000110435,PDHX
ENSG00000110436,SLC1A2
ENSG00000110442,COMMD9
ENSG00000110675,ELMOD1
ENSG00000110693,SOX6
ENSG00000110756,HPS5
ENSG00000110768,GTF2H1
ENSG00000110777,POU2AF1
ENSG00000110844,PRPF40B
ENSG00000110906,KCTD10
ENSG00000110921,MVK
ENSG00000111011,RSRC2
ENSG00000111046,MYF6
ENSG00000111049,MYF5
ENSG00000111052,LIN7A
ENSG00000111058,ACSS3
ENSG00000111144,LTA4H
ENSG00000111181,SLC6A12
ENSG00000111218,PRMT8
ENSG00000111224,PARP11
ENSG00000111231,GPN3
ENSG00000111241,FGF6
ENSG00000111249,CUX2
ENSG00000111262,KCNA1
ENSG00000111276,CDKN1B
ENSG00000111348,ARHGDIB
ENSG00000111424,VDR
ENSG00000111490,TBC1D30
ENSG00000111530,CAND1
ENSG00000111554,MDM1
ENSG00000111596,CNOT2
ENSG00000111725,PRKAB1
ENSG00000111728,ST8SIA1
ENSG00000111731,C2CD5
ENSG00000111785,RIC8B
ENSG00000111790,FGFR1OP2
ENSG00000111799,COL12A1
ENSG00000111816,FRK
ENSG00000111817,DSE
ENSG00000111834,RSPH4A
ENSG00000111845,PAK1IP1
ENSG00000111859,NEDD9
ENSG00000111860,CEP85L
ENSG00000111879,FAM184A
ENSG00000111897,SERINC1
ENSG00000111912,NCOA7
ENSG00000111913,RIPOR2
ENSG00000111961,SASH1
ENSG00000111962,UST
ENSG00000112038,OPRM1
ENSG00000112077,RHAG
ENSG00000112078,KCTD20
ENSG00000112079,STK38
ENSG00000112118,MCM3
ENSG00000112146,FBXO9
ENSG00000112159,MDN1
ENSG00000112175,BMP5
ENSG00000112182,BACH2
ENSG00000112186,CAP2
ENSG00000112200,ZNF451
ENSG00000112214,FHL5
ENSG00000112234,FBXL4
ENSG00000112246,SIM1
ENSG00000112249,ASCC3
ENSG00000112280,COL9A1
ENSG00000112282,MED23
ENSG00000112290,WASF1
ENSG00000112308,C6orf62
ENSG00000112319,EYA4
ENSG00000112333,NR2E1
ENSG00000112339,HBS1L
ENSG00000112357,PEX7
ENSG00000112367,FIG4
ENSG00000112414,ADGRG6
ENSG00000112419,PHACTR2
ENSG00000112499,SLC22A2
ENSG00000112562,SMOC2
ENSG00000112761,CCN6
ENSG00000112769,LAMA4
ENSG00000112796,ENPP5
ENSG00000112837,TBX18
ENSG00000112874,NUDT12
ENSG00000112893,MAN2A1
ENSG00000112902,SEMA5A
ENSG00000112984,KIF20A
ENSG00000112992,NNT
ENSG00000112996,MRPS30
ENSG00000113048,MRPS27
ENSG00000113119,TMCO6
ENSG00000113140,SPARC
ENSG00000113163,CERT1
ENSG00000113196,HAND1
ENSG00000113263,ITK
ENSG00000113272,THG1L
ENSG00000113282,CLINT1
ENSG00000113302,IL12B
ENSG00000113312,TTC1
ENSG00000113319,RASGRF2
ENSG00000113327,GABRG2
ENSG00000113360,DROSHA
ENSG00000113361,CDH6
ENSG00000113391,ARB2A
ENSG00000113407,TARS1
ENSG00000113441,LNPEP
ENSG00000113456,RAD1
ENSG00000113460,BRIX1
ENSG00000113492,AGXT2
ENSG00000113494,PRLR
ENSG00000113522,RAD50
ENSG00000113525,IL5
ENSG00000113532,ST8SIA4
ENSG00000113555,PCDH12
ENSG00000113578,FGF1
ENSG00000113593,PPWD1
ENSG00000113595,TRIM23
ENSG00000113597,TRAPPC13
ENSG00000113600,C9
ENSG00000113643,RARS1
ENSG00000113658,SMAD5
ENSG00000113716,HMGXB3
ENSG00000113721,PDGFRB
ENSG00000113722,CDX1
ENSG00000113739,STC2
ENSG00000113742,CPEB4
ENSG00000113749,HRH2
ENSG00000113805,CNTN3
ENSG00000113838,TBCCD1
ENSG00000113845,TIMMDC1
ENSG00000113851,CRBN
ENSG00000113924,HGD
ENSG00000113946,CLDN16
ENSG00000113966,ARL6
ENSG00000114019,AMOTL2
ENSG00000114023,FAM162A
ENSG00000114030,KPNA1
ENSG00000114062,UBE3A
ENSG00000114113,RBP2
ENSG00000114124,GRK7
ENSG00000114200,BCHE
ENSG00000114251,WNT5A
ENSG00000114279,FGF12
ENSG00000114302,PRKAR2A
ENSG00000114331,ACAP2
ENSG00000114395,CYB561D2
ENSG00000114423,CBLB
ENSG00000114439,BBX
ENSG00000114446,IFT57
ENSG00000114541,FRMD4B
ENSG00000114648,KLHL18
ENSG00000114686,MRPL3
ENSG00000114735,HEMK1
ENSG00000114737,CISH
ENSG00000114738,MAPKAPK3
ENSG00000114742,WDR48
ENSG00000114757,PEX5L
ENSG00000114805,PLCH1
ENSG00000114812,VIPR1
ENSG00000114861,FOXP1
ENSG00000114904,NEK4
ENSG00000114956,DGUOK
ENSG00000115020,PIKFYVE
ENSG00000115042,FAHD2A
ENSG00000115137,DNAJC27
ENSG00000115155,OTOF
ENSG00000115165,CYTIP
ENSG00000115170,ACVR1
ENSG00000115183,TANC1
ENSG00000115207,GTF3C2
ENSG00000115211,EIF2B4
ENSG00000115221,ITGB6
ENSG00000115232,ITGA4
ENSG00000115252,PDE1A
ENSG00000115263,GCG
ENSG00000115267,IFIH1
ENSG00000115271,GCA
ENSG00000115306,SPTBN1
ENSG00000115310,RTN4
ENSG00000115317,HTRA2
ENSG00000115318,LOXL3
ENSG00000115325,DOK1
ENSG00000115339,GALNT3
ENSG00000115392,FANCL
ENSG00000115414,FN1
ENSG00000115415,STAT1
ENSG00000115446,UNC50
ENSG00000115474,KCNJ13
ENSG00000115504,EHBP1
ENSG00000115514,TXNDC9
ENSG00000115524,SF3B1
ENSG00000115556,PLCD4
ENSG00000115590,IL1R2
ENSG00000115657,ABCB6
ENSG00000115661,STK16
ENSG00000115806,GORASP2
ENSG00000115816,CEBPZ
ENSG00000115825,PRKD3
ENSG00000115827,DCAF17
ENSG00000115828,QPCT
ENSG00000115840,SLC25A12
ENSG00000115866,DARS1
ENSG00000115896,PLCL1
ENSG00000115919,KYNU
ENSG00000115942,ORC2
ENSG00000115956,PLEK
ENSG00000115963,RND3
ENSG00000115966,ATF2
ENSG00000116106,EPHA4
ENSG00000116117,PARD3B
ENSG00000116132,PRRX1
ENSG00000116147,TNR
ENSG00000116194,ANGPTL1
ENSG00000116205,TCEANC2
ENSG00000116218,NPHS2
ENSG00000116221,MRPL37
ENSG00000116455,WDR77
ENSG00000116668,SWT1
ENSG00000116675,DNAJC6
ENSG00000116678,LEPR
ENSG00000116679,IVNS1ABP
ENSG00000116698,SMG7
ENSG00000116701,NCF2
ENSG00000116703,PDC
ENSG00000116717,GADD45A
ENSG00000116729,WLS
ENSG00000116745,RPE65
ENSG00000116747,RO60
ENSG00000116748,AMPD1
ENSG00000116754,SRSF11
ENSG00000116774,OLFML3
ENSG00000116783,TNNI3K
ENSG00000116857,TMEM9
ENSG00000116874,WARS2
ENSG00000116885,OSCP1
ENSG00000116906,GNPAT
ENSG00000116981,NT5C1A
ENSG00000116984,MTR
ENSG00000116991,SIPA1L2
ENSG00000117000,RLF
ENSG00000117009,KMO
ENSG00000117016,RIMS3
ENSG00000117069,ST6GALNAC5
ENSG00000117114,ADGRL2
ENSG00000117151,CTBS
ENSG00000117154,IGSF21
ENSG00000117155,SSX2IP
ENSG00000117222,RBBP5
ENSG00000117394,SLC2A1
ENSG00000117475,BLZF1
ENSG00000117479,SLC19A2
ENSG00000117528,ABCD3
ENSG00000117543,DPH5
ENSG00000117569,PTBP2
ENSG00000117593,DARS2
ENSG00000117594,HSD11B1
ENSG00000117595,IRF6
ENSG00000117597,UTP25
ENSG00000117600,PLPPR4
ENSG00000117601,SERPINC1
ENSG00000118017,A4GNT
ENSG00000118113,MMP8
ENSG00000118217,ATF6
ENSG00000118245,TNP1
ENSG00000118246,FASTKD2
ENSG00000118257,NRP2
ENSG00000118263,KLF7
ENSG00000118271,TTR
ENSG00000118402,ELOVL4
ENSG00000118407,FILIP1
ENSG00000118420,UBE3D
ENSG00000118434,SPACA1
ENSG00000118454,ANKRD13C
ENSG00000118491,ZC2HC1B
ENSG00000118492,ADGB
ENSG00000118495,PLAGL1
ENSG00000118496,FBXO30
ENSG00000118514,ALDH8A1
ENSG00000118520,ARG1
ENSG00000118526,TCF21
ENSG00000118557,PMFBP1
ENSG00000118596,SLC16A7
ENSG00000118689,FOXO3
ENSG00000118690,ARMC2
ENSG00000118705,RPN2
ENSG00000118729,CASQ2
ENSG00000118733,OLFM3
ENSG00000118855,MFSD1
ENSG00000118900,UBN1
ENSG00000118922,KLF12
ENSG00000118946,PCDH17
ENSG00000119203,CPSF3
ENSG00000119285,HEATR1
ENSG00000119321,FKBP15
ENSG00000119328,ABITRAM
ENSG00000119397,CNTRL
ENSG00000119401,TRIM32
ENSG00000119408,NEK6
ENSG00000119487,MAPKAP1
ENSG00000119508,NR4A3
ENSG00000119509,INVS
ENSG00000119523,ALG2
ENSG00000119681,LTBP2
ENSG00000119684,MLH3
ENSG00000119689,DLST
ENSG00000119718,EIF2B2
ENSG00000119720,NRDE2
ENSG00000119723,COQ6
ENSG00000119812,FAM98A
ENSG00000119844,AFTPH
ENSG00000119865,CNRIP1
ENSG00000119913,TECTB
ENSG00000119919,NKX2-3
ENSG00000119927,GPAM
ENSG00000119929,CUTC
ENSG00000119938,PPP1R3C
ENSG00000119943,PYROXD2
ENSG00000119969,HELLS
ENSG00000120008,WDR11
ENSG00000120051,CFAP58
ENSG00000120053,GOT1
ENSG00000120057,SFRP5
ENSG00000120075,HOXB5
ENSG00000120094,HOXB1
ENSG00000120129,DUSP1
ENSG00000120156,TEK
ENSG00000120158,RCL1
ENSG00000120217,CD274
ENSG00000120279,MYCT1
ENSG00000120332,TNN
ENSG00000120334,CENPL
ENSG00000120370,GORAB
ENSG00000120451,SNX19
ENSG00000120457,KCNJ5
ENSG00000120526,NUDCD1
ENSG00000120594,PLXDC2
ENSG00000120658,ENOX1
ENSG00000120659,TNFSF11
ENSG00000120685,PROSER1
ENSG00000120694,HSPH1
ENSG00000120697,ALG5
ENSG00000120708,TGFBI
ENSG00000120709,FAM53C
ENSG00000120725,SIL1
ENSG00000120727,PAIP2
ENSG00000120729,MYOT
ENSG00000120756,PLS1
ENSG00000120800,UTP20
ENSG00000120820,GLT8D2
ENSG00000120860,WASHC3
ENSG00000120899,PTK2B
ENSG00000120903,CHRNA2
ENSG00000120942,UBIAD1
ENSG00000121281,ADCY7
ENSG00000121316,PLBD1
ENSG00000121361,KCNJ8
ENSG00000121440,PDZRN3
ENSG00000121454,LHX4
ENSG00000121542,SEC22A
ENSG00000121577,POPDC2
ENSG00000121578,B4GALT4
ENSG00000121634,GJA8
ENSG00000121691,CAT
ENSG00000121742,GJB6
ENSG00000121775,TMEM39B
ENSG00000121879,PIK3CA
ENSG00000121940,CLCC1
ENSG00000121957,GPSM2
ENSG00000121964,QTMAN
ENSG00000121966,CXCR4
ENSG00000122008,POLK
ENSG00000122012,SV2C
ENSG00000122033,MTIF3
ENSG00000122035,RASL11A
ENSG00000122042,UBL3
ENSG00000122121,XPNPEP2
ENSG00000122122,SASH3
ENSG00000122176,FMOD
ENSG00000122218,COPA
ENSG00000122417,ODF2L
ENSG00000122420,PTGFR
ENSG00000122435,TRMT13
ENSG00000122477,LRRC39
ENSG00000122481,RWDD3
ENSG00000122482,ZNF644
ENSG00000122547,EEPD1
ENSG00000122584,NXPH1
ENSG00000122592,HOXA7
ENSG00000122641,INHBA
ENSG00000122692,SMU1
ENSG00000122707,RECK
ENSG00000122735,DNAI1
ENSG00000122756,CNTFR
ENSG00000122786,CALD1
ENSG00000122877,EGR2
ENSG00000122965,RBM19
ENSG00000123094,RASSF8
ENSG00000123096,SSPN
ENSG00000123104,ITPR2
ENSG00000123106,CCDC91
ENSG00000123124,WWP1
ENSG00000123219,CENPK
ENSG00000123407,HOXC12
ENSG00000123454,DBH
ENSG00000123473,STIL
ENSG00000123552,USP45
ENSG00000123600,METTL8
ENSG00000123607,TTC21B
ENSG00000123636,BAZ2B
ENSG00000123700,KCNJ2
ENSG00000123737,EXOSC9
ENSG00000123836,PFKFB2
ENSG00000123892,RAB38
ENSG00000123992,DNPEP
ENSG00000124019,FAM124B
ENSG00000124120,TTPAL
ENSG00000124134,KCNS1
ENSG00000124145,SDC4
ENSG00000124151,NCOA3
ENSG00000124155,PIGT
ENSG00000124191,TOX2
ENSG00000124194,GDAP1L1
ENSG00000124214,STAU1
ENSG00000124228,DDX27
ENSG00000124232,RBPJL
ENSG00000124302,CHST8
ENSG00000124479,NDP
ENSG00000124491,F13A1
ENSG00000124496,TRERF1
ENSG00000124602,UNC5CL
ENSG00000124608,AARS2
ENSG00000124664,SPDEF
ENSG00000124701,APOBEC2
ENSG00000124743,KLHL31
ENSG00000124784,RIOK1
ENSG00000124786,SLC35B3
ENSG00000124788,ATXN1
ENSG00000124813,RUNX2
ENSG00000124818,OPN5
ENSG00000124882,EREG
ENSG00000125046,SSUH2
ENSG00000125124,BBS2
ENSG00000125245,GPR18
ENSG00000125266,EFNB2
ENSG00000125304,TM9SF2
ENSG00000125409,TEKT3
ENSG00000125447,GGA3
ENSG00000125484,GTF3C4
ENSG00000125485,DDX31
ENSG00000125629,INSIG2
ENSG00000125675,GRIA3
ENSG00000125780,TGM3
ENSG00000125798,FOXA2
ENSG00000125810,CD93
ENSG00000125814,NAPB
ENSG00000125818,PSMF1
ENSG00000125848,FLRT3
ENSG00000125863,MKKS
ENSG00000125869,LAMP5
ENSG00000125885,MCM8
ENSG00000125991,ERGIC3
ENSG00000125998,FAM83C
ENSG00000126010,GRPR
ENSG00000126062,TMEM115
ENSG00000126353,CCR7
ENSG00000126500,FLRT1
ENSG00000126602,TRAP1
ENSG00000126773,PCNX4
ENSG00000126775,ATG14
ENSG00000126785,RHOJ
ENSG00000126822,PLEKHG3
ENSG00000126860,EVI2A
ENSG00000126950,TMEM35A
ENSG00000127074,RGS13
ENSG00000127241,MASP1
ENSG00000127249,ATP13A4
ENSG00000127325,BEST3
ENSG00000127329,PTPRB
ENSG00000127580,WDR24
ENSG00000127585,FBXL16
ENSG00000127720,METTL25
ENSG00000127743,IL17B
ENSG00000127824,TUBA4A
ENSG00000127863,TNFRSF19
ENSG00000127954,STEAP4
ENSG00000127955,GNAI1
ENSG00000127980,PEX1
ENSG00000127993,RBM48
ENSG00000128052,KDR
ENSG00000128059,PPAT
ENSG00000128271,ADORA2A
ENSG00000128463,EMC4
ENSG00000128510,CPA4
ENSG00000128512,DOCK4
ENSG00000128573,FOXP2
ENSG00000128595,CALU
ENSG00000128606,LRRC17
ENSG00000128617,OPN1SW
ENSG00000128641,MYO1B
ENSG00000128652,HOXD3
ENSG00000128683,GAD1
ENSG00000128805,ARHGAP22
ENSG00000128815,WDFY4
ENSG00000128833,MYO5C
ENSG00000128849,CGNL1
ENSG00000128915,ICE2
ENSG00000128918,ALDH1A2
ENSG00000129009,ISLR
ENSG00000129048,ACKR4
ENSG00000129083,COPB1
ENSG00000129151,BBOX1
ENSG00000129152,MYOD1
ENSG00000129170,CSRP3
ENSG00000129173,E2F8
ENSG00000129295,DNAAF11
ENSG00000129467,ADCY4
ENSG00000129493,HEATR5A
ENSG00000129521,EGLN3
ENSG00000129535,NRL
ENSG00000129595,EPB41L4A
ENSG00000129988,LBP
ENSG00000130150,MOSPD2
ENSG00000130224,LRCH2
ENSG00000130227,XPO7
ENSG00000130234,ACE2
ENSG00000130340,SNX9
ENSG00000130347,RTN4IP1
ENSG00000130348,QRSL1
ENSG00000130762,ARHGEF16
ENSG00000130935,NOL11
ENSG00000131023,LATS1
ENSG00000131043,AAR2
ENSG00000131067,GGT7
ENSG00000131095,GFAP
ENSG00000131378,RFTN1
ENSG00000131386,GALNT15
ENSG00000131389,SLC6A6
ENSG00000131459,GFPT2
ENSG00000131634,TMEM204
ENSG00000131730,CKMT2
ENSG00000131747,TOP2A
ENSG00000131844,MCCC2
ENSG00000131951,LRRC9
ENSG00000132170,PPARG
ENSG00000132254,ARFIP2
ENSG00000132259,CNGA4
ENSG00000132275,RRP8
ENSG00000132294,EFR3A
ENSG00000132300,PTCD3
ENSG00000132305,IMMT
ENSG00000132321,DRC11
ENSG00000132394,EEFSEC
ENSG00000132424,PNISR
ENSG00000132429,POPDC3
ENSG00000132437,DDC
ENSG00000132464,ENAM
ENSG00000132466,ANKRD17
ENSG00000132600,PRMT7
ENSG00000132623,ANKEF1
ENSG00000132639,SNAP25
ENSG00000132640,BTBD3
ENSG00000132669,RIN2
ENSG00000132670,PTPRA
ENSG00000132792,CTNNBL1
ENSG00000132821,VSTM2L
ENSG00000132823,OSER1
ENSG00000132837,DMGDH
ENSG00000132855,ANGPTL3
ENSG00000132874,SLC14A2
ENSG00000132911,NMUR2
ENSG00000132912,DCTN4
ENSG00000132915,PDE6A
ENSG00000132965,ALOX5AP
ENSG00000132970,WASF3
ENSG00000133020,MYH8
ENSG00000133048,CHI3L1
ENSG00000133055,MYBPH
ENSG00000133059,DSTYK
ENSG00000133083,DCLK1
ENSG00000133104,SPART
ENSG00000133105,RXFP2
ENSG00000133107,TRPC4
ENSG00000133110,POSTN
ENSG00000133119,RFC3
ENSG00000133121,STARD13
ENSG00000133302,SLF1
ENSG00000133392,MYH11
ENSG00000133636,NTS
ENSG00000133641,RLIG1
ENSG00000133704,IPO8
ENSG00000133773,CCDC59
ENSG00000133794,BMAL1
ENSG00000133800,LYVE1
ENSG00000133835,HSD17B4
ENSG00000133858,ZFC3H1
ENSG00000133935,ERG28
ENSG00000134013,LOXL2
ENSG00000134014,ELP3
ENSG00000134028,ADAMDEC1
ENSG00000134061,CD180
ENSG00000134115,CNTN6
ENSG00000134198,TSPAN2
ENSG00000134200,TSHB
ENSG00000134222,PSRC1
ENSG00000134242,PTPN22
ENSG00000134245,WNT2B
ENSG00000134247,PTGFRN
ENSG00000134253,TRIM45
ENSG00000134255,CEPT1
ENSG00000134256,CD101
ENSG00000134258,VTCN1
ENSG00000134259,NGF
ENSG00000134324,LPIN1
ENSG00000134343,ANO3
ENSG00000134352,IL6ST
ENSG00000134444,RELCH
ENSG00000134480,CCNH
ENSG00000134516,DOCK2
ENSG00000134532,SOX5
ENSG00000134533,RERG
ENSG00000134602,STK26
ENSG00000134640,MTNR1B
ENSG00000134690,CDCA8
ENSG00000134697,GNL2
ENSG00000134709,HOOK1
ENSG00000134744,TUT4
ENSG00000134748,PRPF38A
ENSG00000134759,ELP2
ENSG00000134760,DSG1
ENSG00000134765,DSC1
ENSG00000134769,DTNA
ENSG00000134775,FHOD3
ENSG00000134852,CLOCK
ENSG00000134871,COL4A2
ENSG00000134882,UBAC2
ENSG00000134909,ARHGAP32
ENSG00000134954,ETS1
ENSG00000134982,APC
ENSG00000134987,WDR36
ENSG00000135048,CEMIP2
ENSG00000135049,AGTPBP1
ENSG00000135164,DMTF1
ENSG00000135211,TMEM60
ENSG00000135269,TES
ENSG00000135272,MDFIC
ENSG00000135299,ANKRD6
ENSG00000135312,HTR1B
ENSG00000135315,CEP162
ENSG00000135324,MRAP2
ENSG00000135334,AKIRIN2
ENSG00000135336,ORC3
ENSG00000135341,MAP3K7
ENSG00000135362,PRR5L
ENSG00000135363,LMO2
ENSG00000135372,NAT10
ENSG00000135373,EHF
ENSG00000135374,ELF5
ENSG00000135423,GLS2
ENSG00000135443,KRT85
ENSG00000135472,FAIM2
ENSG00000135521,LTV1
ENSG00000135525,MAP7
ENSG00000135540,NHSL1
ENSG00000135547,HEY2
ENSG00000135577,NMBR
ENSG00000135596,MICAL1
ENSG00000135622,SEMA4F
ENSG00000135655,USP15
ENSG00000135740,SLC9A5
ENSG00000135775,COG2
ENSG00000135823,STX6
ENSG00000135824,RGS8
ENSG00000135829,DHX9
ENSG00000135837,CEP350
ENSG00000135900,MRPL44
ENSG00000135905,DOCK10
ENSG00000135913,USP37
ENSG00000135914,HTR2B
ENSG00000135924,DNAJB2
ENSG00000135931,ARMC9
ENSG00000135945,REV1
ENSG00000135956,TMEM127
ENSG00000135960,EDAR
ENSG00000135966,TGFBRAP1
ENSG00000136010,ALDH1L2
ENSG00000136011,STAB2
ENSG00000136044,APPL2
ENSG00000136051,WASHC4
ENSG00000136141,LRCH1
ENSG00000136160,EDNRB
ENSG00000136161,RCBTB2
ENSG00000136167,LCP1
ENSG00000136169,SETDB2
ENSG00000136193,SCRN1
ENSG00000136237,RAPGEF5
ENSG00000136261,BZW2
ENSG00000136267,DGKB
ENSG00000136305,CIDEB
ENSG00000136352,NKX2-1
ENSG00000136404,TM6SF1
ENSG00000136504,KAT7
ENSG00000136527,TRA2B
ENSG00000136535,TBR1
ENSG00000136541,ERMN
ENSG00000136560,TANK
ENSG00000136573,BLK
ENSG00000136574,GATA4
ENSG00000136634,IL10
ENSG00000136770,DNAJC1
ENSG00000136824,SMC2
ENSG00000136828,RALGPS1
ENSG00000136842,TMOD1
ENSG00000136859,ANGPTL2
ENSG00000136872,ALDOB
ENSG00000136878,USP20
ENSG00000136895,GARNL3
ENSG00000136925,TSTD2
ENSG00000136935,GOLGA1
ENSG00000136936,XPA
ENSG00000136937,NCBP1
ENSG00000136960,ENPP2
ENSG00000136982,DSCC1
ENSG00000136986,DERL1
ENSG00000137055,PLAA
ENSG00000137145,DENND4C
ENSG00000137171,KLC4
ENSG00000137207,YIPF3
ENSG00000137251,TINAG
ENSG00000137252,HCRTR2
ENSG00000137265,IRF4
ENSG00000137269,LRRC1
ENSG00000137473,TTC29
ENSG00000137478,FCHSD2
ENSG00000137491,SLCO2B1
ENSG00000137502,RAB30
ENSG00000137507,LRRC32
ENSG00000137509,PRCP
ENSG00000137513,NARS2
ENSG00000137558,PI15
ENSG00000137573,SULF1
ENSG00000137601,NEK1
ENSG00000137672,TRPC6
ENSG00000137692,DCUN1D5
ENSG00000137699,TRIM29
ENSG00000137747,TMPRSS13
ENSG00000137764,MAP2K5
ENSG00000137801,THBS1
ENSG00000137807,KIF23
ENSG00000137809,ITGA11
ENSG00000137819,PAQR5
ENSG00000137821,LRRC49
ENSG00000137822,TUBGCP4
ENSG00000137831,UACA
ENSG00000137841,PLCB2
ENSG00000137868,STRA6
ENSG00000137869,CYP19A1
ENSG00000137872,SEMA6D
ENSG00000137941,TTLL7
ENSG00000137942,FNBP1L
ENSG00000137968,SLC44A5
ENSG00000137975,CLCA2
ENSG00000137976,DNASE2B
ENSG00000137996,RTCA
ENSG00000138029,HADHB
ENSG00000138036,DYNC2LI1
ENSG00000138039,LHCGR
ENSG00000138071,ACTR2
ENSG00000138074,SLC5A6
ENSG00000138075,ABCG5
ENSG00000138081,FBXO11
ENSG00000138085,ATRAID
ENSG00000138134,STAMBPL1
ENSG00000138152,BTBD16
ENSG00000138160,KIF11
ENSG00000138172,CALHM2
ENSG00000138182,KIF20B
ENSG00000138190,EXOC6
ENSG00000138193,PLCE1
ENSG00000138207,RBP4
ENSG00000138231,DBR1
ENSG00000138246,DNAJC13
ENSG00000138271,GPR87
ENSG00000138303,ASCC1
ENSG00000138311,ZNF365
ENSG00000138315,OIT3
ENSG00000138347,MYPN
ENSG00000138356,AOX1
ENSG00000138375,SMARCAL1
ENSG00000138378,STAT4
ENSG00000138379,MSTN
ENSG00000138395,CDK15
ENSG00000138400,MDH1B
ENSG00000138411,HECW2
ENSG00000138435,CHRNA1
ENSG00000138448,ITGAV
ENSG00000138449,SLC40A1
ENSG00000138459,SLC35A5
ENSG00000138592,USP8
ENSG00000138593,SECISBP2L
ENSG00000138600,SPPL2A
ENSG00000138604,GLCE
ENSG00000138614,INTS14
ENSG00000138615,CILP
ENSG00000138623,SEMA7A
ENSG00000138639,ARHGAP24
ENSG00000138650,PCDH10
ENSG00000138663,COPS4
ENSG00000138670,RASGEF1B
ENSG00000138674,SEC31A
ENSG00000138675,FGF5
ENSG00000138686,BBS7
ENSG00000138696,BMPR1B
ENSG00000138698,RAP1GDS1
ENSG00000138722,MMRN1
ENSG00000138750,NUP54
ENSG00000138757,G3BP2
ENSG00000138758,SEPTIN11
ENSG00000138764,CCNG2
ENSG00000138769,CDKL2
ENSG00000138780,GSTCD
ENSG00000138795,LEF1
ENSG00000138796,HADH
ENSG00000138814,PPP3CA
ENSG00000138821,SLC39A8
ENSG00000138823,MTTP
ENSG00000139053,PDE6H
ENSG00000139055,ERP27
ENSG00000139083,ETV6
ENSG00000139116,KIF21A
ENSG00000139155,SLCO1C1
ENSG00000139163,ETNK1
ENSG00000139174,PRICKLE1
ENSG00000139209,SLC38A4
ENSG00000139263,LRIG3
ENSG00000139304,PTPRQ
ENSG00000139318,DUSP6
ENSG00000139323,POC1B
ENSG00000139324,TMTC3
ENSG00000139329,LUM
ENSG00000139330,KERA
ENSG00000139344,AMDHD1
ENSG00000139350,NEDD1
ENSG00000139354,GAS2L3
ENSG00000139372,TDG
ENSG00000139428,MMAB
ENSG00000139436,GIT2
ENSG00000139505,MTMR6
ENSG00000139508,SLC46A3
ENSG00000139514,SLC7A1
ENSG00000139517,LNX2
ENSG00000139668,WDFY2
ENSG00000139679,LPAR6
ENSG00000139687,RB1
ENSG00000139719,VPS33A
ENSG00000139746,RBM26
ENSG00000139767,SRRM4
ENSG00000139793,MBNL2
ENSG00000139826,ABHD13
ENSG00000139874,SSTR1
ENSG00000139899,CBLN3
ENSG00000139908,TSSK4
ENSG00000139946,PELI2
ENSG00000140015,KCNH5
ENSG00000140025,EFCAB11
ENSG00000140030,GPR65
ENSG00000140043,PTGR2
ENSG00000140265,ZSCAN29
ENSG00000140274,DUOXA2
ENSG00000140279,DUOX2
ENSG00000140285,FGF7
ENSG00000140287,HDC
ENSG00000140332,TLE3
ENSG00000140382,HMG20A
ENSG00000140396,NCOA2
ENSG00000140470,ADAMTS17
ENSG00000140471,LINS1
ENSG00000140519,RHCG
ENSG00000140522,RLBP1
ENSG00000140543,DET1
ENSG00000140557,ST8SIA2
ENSG00000140563,MCTP2
ENSG00000140632,GLYR1
ENSG00000140691,ARMC5
ENSG00000140694,PARN
ENSG00000140718,FTO
ENSG00000140829,DHX38
ENSG00000140836,ZFHX3
ENSG00000140848,CPNE2
ENSG00000140937,CDH11
ENSG00000140955,ADAD2
ENSG00000141298,SSH2
ENSG00000141367,CLTC
ENSG00000141376,BCAS3
ENSG00000141378,PTRH2
ENSG00000141424,SLC39A6
ENSG00000141425,RPRD1A
ENSG00000141431,ASXL3
ENSG00000141469,SLC14A1
ENSG00000141655,TNFRSF11A
ENSG00000141665,FBXO15
ENSG00000141699,RETREG3
ENSG00000142192,APP
ENSG00000142319,SLC6A3
ENSG00000142623,PADI1
ENSG00000142871,CCN1
ENSG00000142875,PRKACB
ENSG00000143033,MTF2
ENSG00000143036,SLC44A3
ENSG00000143079,CTTNBP2NL
ENSG00000143093,STRIP1
ENSG00000143105,KCNA10
ENSG00000143106,PSMA5
ENSG00000143156,NME7
ENSG00000143167,GPA33
ENSG00000143171,RXRG
ENSG00000143196,DPT
ENSG00000143199,ADCY10
ENSG00000143228,NUF2
ENSG00000143258,USP21
ENSG00000143322,ABL2
ENSG00000143324,XPR1
ENSG00000143341,HMCN1
ENSG00000143344,RGL1
ENSG00000143353,LYPLAL1
ENSG00000143476,DTL
ENSG00000143479,DYRK3
ENSG00000143493,INTS7
ENSG00000143498,TAF1A
ENSG00000143702,CEP170
ENSG00000143797,MBOAT2
ENSG00000143842,SOX13
ENSG00000143850,PLEKHA6
ENSG00000143919,CAMKMT
ENSG00000143921,ABCG8
ENSG00000143924,EML4
ENSG00000143951,WDPCP
ENSG00000143995,MEIS1
ENSG00000144021,CIAO1
ENSG00000144045,DQX1
ENSG00000144191,CNGA3
ENSG00000144227,NXPH2
ENSG00000144229,THSD7B
ENSG00000144278,GALNT13
ENSG00000144283,PKP4
ENSG00000144285,SCN1A
ENSG00000144290,SLC4A10
ENSG00000144320,LNPK
ENSG00000144331,ZNF385B
ENSG00000144366,GULP1
ENSG00000144369,FAM171B
ENSG00000144445,KANSL1L
ENSG00000144452,ABCA12
ENSG00000144460,NYAP2
ENSG00000144468,RHBDD1
ENSG00000144476,ACKR3
ENSG00000144481,TRPM8
ENSG00000144535,DIS3L2
ENSG00000144580,CNOT9
ENSG00000144583,MARCHF4
ENSG00000144591,GMPPA
ENSG00000144619,CNTN4
ENSG00000144642,RBMS3
ENSG00000144644,GADL1
ENSG00000144747,TMF1
ENSG00000144771,LRTM1
ENSG00000144810,COL8A1
ENSG00000144824,PHLDB2
ENSG00000144827,ABHD10
ENSG00000144834,TAGLN3
ENSG00000144840,RABL3
ENSG00000144847,IGSF11
ENSG00000144891,AGTR1
ENSG00000144895,EIF2A
ENSG00000144935,TRPC1
ENSG00000144962,SPATA16
ENSG00000145012,LPP
ENSG00000145050,MANF
ENSG00000145088,EAF2
ENSG00000145103,ILDR1
ENSG00000145147,SLIT2
ENSG00000145244,CORIN
ENSG00000145246,ATP10D
ENSG00000145283,SLC10A6
ENSG00000145321,GC
ENSG00000145331,TRMT10A
ENSG00000145348,TBCK
ENSG00000145358,DDIT4L
ENSG00000145375,AFG2A
ENSG00000145390,USP53
ENSG00000145416,MARCHF1
ENSG00000145431,PDGFC
ENSG00000145439,CBR4
ENSG00000145451,GLRA3
ENSG00000145555,MYO10
ENSG00000145675,PIK3R1
ENSG00000145681,HAPLN1
ENSG00000145685,LHFPL2
ENSG00000145715,RASA1
ENSG00000145721,LIX1
ENSG00000145723,GIN1
ENSG00000145725,PPIP5K2
ENSG00000145730,PAM
ENSG00000145757,SPATA9
ENSG00000145794,MEGF10
ENSG00000145817,YIPF5
ENSG00000145819,ARHGAP26
ENSG00000145832,SLC25A48
ENSG00000145860,RNF145
ENSG00000145863,GABRA6
ENSG00000145864,GABRB2
ENSG00000145868,FBXO38
ENSG00000145888,GLRA1
ENSG00000145901,TNIP1
ENSG00000145934,TENM2
ENSG00000145936,KCNMB1
ENSG00000145982,FARS2
ENSG00000145996,CDKAL1
ENSG00000146005,PSD2
ENSG00000146006,LRRTM2
ENSG00000146021,KLHL3
ENSG00000146038,DCDC2
ENSG00000146070,PLA2G7
ENSG00000146072,TNFRSF21
ENSG00000146085,MMUT
ENSG00000146151,HMGCLL1
ENSG00000146166,LGSN
ENSG00000146197,SCUBE3
ENSG00000146233,CYP39A1
ENSG00000146263,MMS22L
ENSG00000146281,PM20D2
ENSG00000146282,RARS2
ENSG00000146285,SCML4
ENSG00000146350,TBC1D32
ENSG00000146352,CLVS2
ENSG00000146374,RSPO3
ENSG00000146410,MTFR2
ENSG00000146411,SLC2A12
ENSG00000146414,SHPRH
ENSG00000146618,FERD3L
ENSG00000146648,EGFR
ENSG00000146674,IGFBP3
ENSG00000146842,TMEM209
ENSG00000146857,STRA8
ENSG00000147113,DIPK2B
ENSG00000147408,CSGALNACT1
ENSG00000147416,ATP6V1B2
ENSG00000147419,CCDC25
ENSG00000147421,HMBOX1
ENSG00000147439,BIN3
ENSG00000147454,SLC25A37
ENSG00000147459,DOCK5
ENSG00000147488,ST18
ENSG00000147573,TRIM55
ENSG00000147588,PMP2
ENSG00000147606,SLC26A7
ENSG00000147647,DPYS
ENSG00000147655,RSPO2
ENSG00000147677,EIF3H
ENSG00000147679,UTP23
ENSG00000147684,NDUFB9
ENSG00000147687,TATDN1
ENSG00000147862,NFIB
ENSG00000147869,CER1
ENSG00000147894,C9orf72
ENSG00000148053,NTRK2
ENSG00000148123,PLPPR1
ENSG00000148143,ZNF462
ENSG00000148156,ACTL7B
ENSG00000148175,STOM
ENSG00000148180,GSN
ENSG00000148225,WDR31
ENSG00000148459,PDSS1
ENSG00000148484,RSU1
ENSG00000148541,FAM13C
ENSG00000148584,A1CF
ENSG00000148634,HERC4
ENSG00000148655,LRMDA
ENSG00000148677,ANKRD1
ENSG00000148688,RPP30
ENSG00000148700,ADD3
ENSG00000148702,HABP2
ENSG00000148798,INA
ENSG00000148841,ITPRIP
ENSG00000148843,PDCD11
ENSG00000148848,ADAM12
ENSG00000148935,GAS2
ENSG00000148942,SLC5A12
ENSG00000148948,LRRC4C
ENSG00000149084,HSD17B12
ENSG00000149089,APIP
ENSG00000149090,PAMR1
ENSG00000149187,CELF1
ENSG00000149201,CCDC81
ENSG00000149256,TENM4
ENSG00000149257,SERPINH1
ENSG00000149260,CAPN5
ENSG00000149294,NCAM1
ENSG00000149295,DRD2
ENSG00000149380,P4HA3
ENSG00000149403,GRIK4
ENSG00000149488,TMC2
ENSG00000149564,ESAM
ENSG00000149571,KIRREL3
ENSG00000149573,MPZL2
ENSG00000149968,MMP3
ENSG00000150054,MPP7
ENSG00000150347,ARID5B
ENSG00000150394,CDH8
ENSG00000150456,EEF1AKMT1
ENSG00000150471,ADGRL3
ENSG00000150556,LYPD6B
ENSG00000150593,PDCD4
ENSG00000150625,GPM6A
ENSG00000150627,WDR17
ENSG00000150628,SPATA4
ENSG00000150656,CNDP1
ENSG00000150681,RGS18
ENSG00000150722,PPP1R1C
ENSG00000150750,POU2AF2
ENSG00000150756,ATPSCKMT
ENSG00000150773,PIH1D2
ENSG00000150893,FREM2
ENSG00000151012,SLC7A11
ENSG00000151023,ENKUR
ENSG00000151065,DCP1B
ENSG00000151090,THRB
ENSG00000151148,UBE3B
ENSG00000151240,DIP2C
ENSG00000151276,MAGI1
ENSG00000151320,AKAP6
ENSG00000151332,MBIP
ENSG00000151376,ME3
ENSG00000151379,MSGN1
ENSG00000151418,ATP6V1G3
ENSG00000151445,VIPAS39
ENSG00000151465,CDC123
ENSG00000151474,FRMD4A
ENSG00000151475,SLC25A31
ENSG00000151490,PTPRO
ENSG00000151491,EPS8
ENSG00000151498,ACAD8
ENSG00000151500,THYN1
ENSG00000151532,VTI1A
ENSG00000151552,QDPR
ENSG00000151576,QTRT2
ENSG00000151577,DRD3
ENSG00000151611,MMAA
ENSG00000151617,EDNRA
ENSG00000151665,PIGF
ENSG00000151687,ANKAR
ENSG00000151689,INPP1
ENSG00000151690,MFSD6
ENSG00000151692,RNF144A
ENSG00000151694,ADAM17
ENSG00000151702,FLI1
ENSG00000151704,KCNJ1
ENSG00000151779,NBAS
ENSG00000151790,TDO2
ENSG00000151806,GUF1
ENSG00000151812,SLC35F4
ENSG00000151834,GABRA2
ENSG00000151876,FBXO4
ENSG00000151892,GFRA1
ENSG00000151893,CACUL1
ENSG00000151962,RBM46
ENSG00000152092,ASTN1
ENSG00000152104,PTPN14
ENSG00000152127,MGAT5
ENSG00000152133,GPATCH11
ENSG00000152137,HSPB8
ENSG00000152193,OBI1
ENSG00000152208,GRID2
ENSG00000152242,ARK2N
ENSG00000152253,SPC25
ENSG00000152254,G6PC2
ENSG00000152377,SPOCK1
ENSG00000152380,FAM151B
ENSG00000152413,HOMER1
ENSG00000152422,XRCC4
ENSG00000152495,CAMK4
ENSG00000152527,PLEKHH2
ENSG00000152601,MBNL1
ENSG00000152611,CAPSL
ENSG00000152620,NADK2
ENSG00000152661,GJA1
ENSG00000152689,RASGRP3
ENSG00000152760,DYNLT5
ENSG00000152763,DNAI4
ENSG00000152766,ANKRD22
ENSG00000152779,SLC16A12
ENSG00000152785,BMP3
ENSG00000152818,UTRN
ENSG00000152910,CNTNAP4
ENSG00000152932,RAB3C
ENSG00000152952,PLOD2
ENSG00000153002,CPB1
ENSG00000153006,SREK1IP1
ENSG00000153015,CWC27
ENSG00000153060,TEKT5
ENSG00000153071,DAB2
ENSG00000153140,CETN3
ENSG00000153147,SMARCA5
ENSG00000153162,BMP6
ENSG00000153233,PTPRR
ENSG00000153234,NR4A2
ENSG00000153246,PLA2R1
ENSG00000153253,SCN3A
ENSG00000153266,FEZF2
ENSG00000153292,ADGRF1
ENSG00000153317,ASAP1
ENSG00000153391,INO80C
ENSG00000153707,PTPRD
ENSG00000153714,LURAP1L
ENSG00000153767,GTF2E1
ENSG00000153814,JAZF1
ENSG00000153820,SPHKAP
ENSG00000153822,KCNJ16
ENSG00000153823,PID1
ENSG00000153898,MCOLN2
ENSG00000153930,ANKFN1
ENSG00000153936,HS2ST1
ENSG00000153956,CACNA2D1
ENSG00000153993,SEMA3D
ENSG00000154001,PPP2R5E
ENSG00000154007,ASB17
ENSG00000154080,CHST9
ENSG00000154133,ROBO4
ENSG00000154143,PANX3
ENSG00000154153,RETREG1
ENSG00000154165,GPR15
ENSG00000154174,TOMM70
ENSG00000154188,ANGPT1
ENSG00000154227,CERS3
ENSG00000154240,CEP112
ENSG00000154265,ABCA5
ENSG00000154310,TNIK
ENSG00000154319,FAM167A
ENSG00000154415,PPP1R3A
ENSG00000154479,CFAP210
ENSG00000154553,PDLIM3
ENSG00000154556,SORBS2
ENSG00000154611,PSMA8
ENSG00000154646,TMPRSS15
ENSG00000154654,NCAM2
ENSG00000154678,PDE1C
ENSG00000154734,ADAMTS1
ENSG00000154736,ADAMTS5
ENSG00000154767,XPC
ENSG00000154928,EPHB1
ENSG00000154930,ACSS1
ENSG00000155011,DKK2
ENSG00000155016,CYP2U1
ENSG00000155066,PROM2
ENSG00000155087,ODF1
ENSG00000155097,ATP6V1C1
ENSG00000155099,PIP4P2
ENSG00000155229,MMS19
ENSG00000155252,PI4K2A
ENSG00000155287,SLC25A28
ENSG00000155304,HSPA13
ENSG00000155511,GRIA1
ENSG00000155561,NUP205
ENSG00000155666,KDM8
ENSG00000155755,TMEM237
ENSG00000155827,RNF20
ENSG00000155886,SLC24A2
ENSG00000155890,TRIM42
ENSG00000155897,ADCY8
ENSG00000155926,SLA
ENSG00000155957,TMBIM4
ENSG00000155974,GRIP1
ENSG00000155975,VPS37A
ENSG00000156011,PSD3
ENSG00000156017,CARNMT1
ENSG00000156030,MIDEAS
ENSG00000156049,GNA14
ENSG00000156097,GPR61
ENSG00000156103,MMP16
ENSG00000156110,ADK
ENSG00000156127,BATF
ENSG00000156150,ALX3
ENSG00000156463,SH3RF2
ENSG00000156469,MTERF3
ENSG00000156471,PTDSS1
ENSG00000156475,PPP2R2B
ENSG00000156510,HKDC1
ENSG00000156642,NPTN
ENSG00000156671,SAMD8
ENSG00000156687,UNC5D
ENSG00000156711,MAPK13
ENSG00000156787,TBC1D31
ENSG00000156804,FBXO32
ENSG00000156831,NSMCE2
ENSG00000156869,FRRS1
ENSG00000156876,SASS6
ENSG00000156931,VPS8
ENSG00000156958,GALK2
ENSG00000157005,SST
ENSG00000157077,ZFYVE9
ENSG00000157087,ATP2B2
ENSG00000157103,SLC6A1
ENSG00000157119,KLHL40
ENSG00000157150,TIMP4
ENSG00000157152,SYN2
ENSG00000157168,NRG1
ENSG00000157181,ODR4
ENSG00000157214,STEAP2
ENSG00000157379,DHRS1
ENSG00000157423,HYDIN
ENSG00000157426,AASDH
ENSG00000157450,RNF111
ENSG00000157483,MYO1E
ENSG00000157510,AFAP1L1
ENSG00000157542,KCNJ6
ENSG00000157551,KCNJ15
ENSG00000157554,ERG
ENSG00000157570,TSPAN18
ENSG00000157625,TAB3
ENSG00000157657,ZNF618
ENSG00000157796,WDR19
ENSG00000157827,FMNL2
ENSG00000157890,MEGF11
ENSG00000158055,GRHL3
ENSG00000158089,GALNT14
ENSG00000158125,XDH
ENSG00000158296,SLC13A3
ENSG00000158417,EIF5B
ENSG00000158435,CNOT11
ENSG00000158467,AHCYL2
ENSG00000158486,DNAH3
ENSG00000158555,GDPD5
ENSG00000158560,DYNC1I1
ENSG00000158636,EMSY
ENSG00000158716,DUSP23
ENSG00000158816,VWA5B1
ENSG00000158850,B4GALT3
ENSG00000158966,CACHD1
ENSG00000158987,RAPGEF6
ENSG00000159082,SYNJ1
ENSG00000159167,STC1
ENSG00000159200,RCAN1
ENSG00000159216,RUNX1
ENSG00000159248,GJD2
ENSG00000159377,PSMB4
ENSG00000159387,IRX6
ENSG00000159388,BTG2
ENSG00000159479,MED8
ENSG00000159556,ISL2
ENSG00000159579,RSPRY1
ENSG00000160124,MIX23
ENSG00000160183,TMPRSS3
ENSG00000160185,UBASH3A
ENSG00000160207,HSF2BP
ENSG00000160563,MED27
ENSG00000160584,SIK3
ENSG00000160588,MPZL3
ENSG00000160703,NLRX1
ENSG00000160838,LRRC71
ENSG00000160883,HK3
ENSG00000161405,IKZF3
ENSG00000161850,KRT82
ENSG00000161940,BCL6B
ENSG00000161999,JMJD8
ENSG00000162009,SSTR5
ENSG00000162032,SPSB3
ENSG00000162139,NEU3
ENSG00000162144,CYB561A3
ENSG00000162267,ITIH3
ENSG00000162374,ELAVL4
ENSG00000162398,CIMAP2
ENSG00000162407,PLPP3
ENSG00000162434,JAK1
ENSG00000162456,KNCN
ENSG00000162600,OMA1
ENSG00000162601,MYSM1
ENSG00000162616,DNAJB4
ENSG00000162618,ADGRL4
ENSG00000162624,LHX8
ENSG00000162630,B3GALT2
ENSG00000162631,NTNG1
ENSG00000162643,DNAI3
ENSG00000162670,BRINP3
ENSG00000162687,KCNT2
ENSG00000162694,EXTL2
ENSG00000162695,SLC30A7
ENSG00000162706,CADM3
ENSG00000162728,KCNJ9
ENSG00000162729,IGSF8
ENSG00000162733,DDR2
ENSG00000162736,NCSTN
ENSG00000162763,LRRC52
ENSG00000162775,RBM15
ENSG00000162777,DENND2D
ENSG00000162782,TDRD5
ENSG00000162813,BPNT1
ENSG00000162814,SPATA17
ENSG00000162873,KLHDC8A
ENSG00000162891,IL20
ENSG00000162924,REL
ENSG00000162944,RFTN2
ENSG00000162971,TYW5
ENSG00000162972,MAIP1
ENSG00000162981,LRATD1
ENSG00000162992,NEUROD1
ENSG00000162998,FRZB
ENSG00000162999,DUSP19
ENSG00000163001,CFAP36
ENSG00000163002,NUP35
ENSG00000163017,ACTG2
ENSG00000163072,NOSTRIN
ENSG00000163082,SGPP2
ENSG00000163092,XIRP2
ENSG00000163106,HPGDS
ENSG00000163138,PACRGL
ENSG00000163145,C1QTNF7
ENSG00000163161,ERCC3
ENSG00000163166,IWS1
ENSG00000163171,CDC42EP3
ENSG00000163214,DHX57
ENSG00000163217,BMP10
ENSG00000163219,ARHGAP25
ENSG00000163235,TGFA
ENSG00000163251,FZD5
ENSG00000163281,GNPDA2
ENSG00000163285,GABRG1
ENSG00000163297,ANTXR2
ENSG00000163312,HELQ
ENSG00000163328,GPR155
ENSG00000163347,CLDN1
ENSG00000163349,HIPK1
ENSG00000163376,KBTBD8
ENSG00000163378,EOGT
ENSG00000163380,LMOD3
ENSG00000163393,SLC22A15
ENSG00000163394,CCKAR
ENSG00000163399,ATP1A1
ENSG00000163449,TMEM169
ENSG00000163482,STK36
ENSG00000163491,NEK10
ENSG00000163507,CIP2A
ENSG00000163512,AZI2
ENSG00000163521,GLB1L
ENSG00000163527,STT3B
ENSG00000163536,SERPINI1
ENSG00000163545,NUAK2
ENSG00000163554,SPTA1
ENSG00000163581,SLC2A2
ENSG00000163599,CTLA4
ENSG00000163600,ICOS
ENSG00000163607,GTPBP8
ENSG00000163617,CCDC191
ENSG00000163625,WDFY3
ENSG00000163630,SYNPR
ENSG00000163638,ADAMTS9
ENSG00000163646,CLRN1
ENSG00000163681,SLMAP
ENSG00000163689,CFAP20DC
ENSG00000163697,APBB2
ENSG00000163751,CPA3
ENSG00000163811,WDR43
ENSG00000163833,FBXO40
ENSG00000163848,ZNF148
ENSG00000163864,NMNAT3
ENSG00000163873,GRIK3
ENSG00000163914,RHO
ENSG00000163918,RFC4
ENSG00000163946,TASOR
ENSG00000163947,ARHGEF3
ENSG00000164023,SGMS2
ENSG00000164039,BDH2
ENSG00000164062,APEH
ENSG00000164066,INTU
ENSG00000164070,HSPA4L
ENSG00000164081,TEX264
ENSG00000164087,POC1A
ENSG00000164106,SCRG1
ENSG00000164113,ADAD1
ENSG00000164116,GUCY1A1
ENSG00000164117,FBXO8
ENSG00000164118,CEP44
ENSG00000164120,HPGD
ENSG00000164122,ASB5
ENSG00000164124,TMEM144
ENSG00000164136,IL15
ENSG00000164142,FHIP1A
ENSG00000164151,ICE1
ENSG00000164162,ANAPC10
ENSG00000164168,TMEM184C
ENSG00000164171,ITGA2
ENSG00000164180,TMEM161B
ENSG00000164181,ELOVL7
ENSG00000164187,LMBRD2
ENSG00000164188,RANBP3L
ENSG00000164190,NIPBL
ENSG00000164197,RNF180
ENSG00000164211,STARD4
ENSG00000164219,PGGT1B
ENSG00000164220,F2RL2
ENSG00000164252,AGGF1
ENSG00000164253,WDR41
ENSG00000164258,NDUFS4
ENSG00000164265,SCGB3A2
ENSG00000164283,ESM1
ENSG00000164291,ARSK
ENSG00000164294,GPX8
ENSG00000164303,ENPP6
ENSG00000164307,ERAP1
ENSG00000164325,TMEM174
ENSG00000164326,CARTPT
ENSG00000164327,RICTOR
ENSG00000164331,ANKRA2
ENSG00000164332,UBLCP1
ENSG00000164338,UTP15
ENSG00000164342,TLR3
ENSG00000164418,GRIK2
ENSG00000164438,TLX3
ENSG00000164440,TXLNB
ENSG00000164484,TMEM200A
ENSG00000164485,IL22RA2
ENSG00000164494,PDSS2
ENSG00000164532,TBX20
ENSG00000164574,GALNT10
ENSG00000164597,COG5
ENSG00000164600,NEUROD6
ENSG00000164609,SLU7
ENSG00000164619,BMPER
ENSG00000164620,RELL2
ENSG00000164654,MIOS
ENSG00000164684,ZNF704
ENSG00000164692,COL1A2
ENSG00000164694,FNDC1
ENSG00000164695,CHMP4C
ENSG00000164715,LMTK2
ENSG00000164741,DLC1
ENSG00000164751,PEX2
ENSG00000164754,RAD21
ENSG00000164758,MED30
ENSG00000164761,TNFRSF11B
ENSG00000164794,KCNV1
ENSG00000164796,CSMD3
ENSG00000164815,ORC5
ENSG00000164830,OXR1
ENSG00000164841,TMEM74
ENSG00000164850,GPER1
ENSG00000164920,OSR2
ENSG00000164930,FZD6
ENSG00000164938,TP53INP1
ENSG00000164953,TMEM67
ENSG00000164961,WASHC5
ENSG00000164970,FAM219A
ENSG00000164978,NUDT2
ENSG00000165023,DIRAS2
ENSG00000165029,ABCA1
ENSG00000165066,NKX6-3
ENSG00000165072,MAMDC2
ENSG00000165091,TMC1
ENSG00000165124,SVEP1
ENSG00000165152,PGAP4
ENSG00000165185,KIAA1958
ENSG00000165195,PIGA
ENSG00000165259,HDX
ENSG00000165282,PIGO
ENSG00000165376,CLDN2
ENSG00000165379,LRFN5
ENSG00000165383,LRRC18
ENSG00000165409,TSHR
ENSG00000165474,GJB2
ENSG00000165475,CRYL1
ENSG00000165478,HEPACAM
ENSG00000165494,PCF11
ENSG00000165495,PKNOX2
ENSG00000165606,DRGX
ENSG00000165633,VSTM4
ENSG00000165646,SLC18A2
ENSG00000165675,ENOX2
ENSG00000165694,FRMD7
ENSG00000165695,AK8
ENSG00000165698,SPACA9
ENSG00000165806,CASP7
ENSG00000165813,CCDC186
ENSG00000165832,TRUB1
ENSG00000165868,HSPA12A
ENSG00000165887,ANKRD2
ENSG00000165899,OTOGL
ENSG00000165929,TC2N
ENSG00000165934,CPSF2
ENSG00000165970,SLC6A5
ENSG00000166025,AMOTL1
ENSG00000166035,LIPC
ENSG00000166068,SPRED1
ENSG00000166073,GPR176
ENSG00000166086,JAM3
ENSG00000166106,ADAMTS15
ENSG00000166128,RAB8B
ENSG00000166147,FBN1
ENSG00000166159,LRTM2
ENSG00000166171,DPCD
ENSG00000166199,ALKBH3
ENSG00000166200,COPS2
ENSG00000166206,GABRB3
ENSG00000166225,FRS2
ENSG00000166257,SCN3B
ENSG00000166263,STXBP4
ENSG00000166292,TMEM100
ENSG00000166333,ILK
ENSG00000166340,TPP1
ENSG00000166348,USP54
ENSG00000166349,RAG1
ENSG00000166387,PPFIBP2
ENSG00000166405,RIC3
ENSG00000166407,LMO1
ENSG00000166436,TRIM66
ENSG00000166444,DENND2B
ENSG00000166446,CDYL2
ENSG00000166478,ZNF143
ENSG00000166509,CLEC3A
ENSG00000166510,CCDC68
ENSG00000166569,CPLX4
ENSG00000166676,TVP23A
ENSG00000166689,PLEKHA7
ENSG00000166747,AP1G1
ENSG00000166793,YPEL4
ENSG00000166828,SCNN1G
ENSG00000166833,NAV2
ENSG00000166887,VPS39
ENSG00000166889,PATL1
ENSG00000166912,MTMR10
ENSG00000166974,MAPRE2
ENSG00000167131,DNAAF19
ENSG00000167139,TBC1D21
ENSG00000167258,CDK12
ENSG00000167419,LPO
ENSG00000167549,CORO6
ENSG00000167566,NCKAP5L
ENSG00000167780,SOAT2
ENSG00000167910,CYP7A1
ENSG00000168026,TTC21A
ENSG00000168077,SCARA3
ENSG00000168137,SETD5
ENSG00000168143,FAM83B
ENSG00000168216,LMBRD1
ENSG00000168237,GLYCTK
ENSG00000168246,UBTD2
ENSG00000168263,KCNV2
ENSG00000168269,FOXI1
ENSG00000168280,KIF5C
ENSG00000168356,SCN11A
ENSG00000168386,FILIP1L
ENSG00000168418,KCNG4
ENSG00000168434,COG7
ENSG00000168497,CAVIN2
ENSG00000168530,MYL1
ENSG00000168538,TRAPPC11
ENSG00000168542,COL3A1
ENSG00000168566,SNRNP48
ENSG00000168615,ADAM9
ENSG00000168675,LDLRAD4
ENSG00000168679,SLC16A4
ENSG00000168685,IL7R
ENSG00000168702,LRP1B
ENSG00000168710,AHCYL1
ENSG00000168769,TET2
ENSG00000168813,ZNF507
ENSG00000168818,STX18
ENSG00000168827,GFM1
ENSG00000168874,ATOH8
ENSG00000168907,PLA2G4F
ENSG00000168917,SLC35G2
ENSG00000168918,INPP5D
ENSG00000168944,CEP120
ENSG00000168955,TM4SF20
ENSG00000169218,RSPO1
ENSG00000169247,SH3TC2
ENSG00000169252,ADRB2
ENSG00000169271,HSPB3
ENSG00000169282,KCNAB1
ENSG00000169302,STK32A
ENSG00000169306,IL1RAPL1
ENSG00000169313,P2RY12
ENSG00000169344,UMOD
ENSG00000169375,SIN3A
ENSG00000169435,RASSF6
ENSG00000169439,SDC2
ENSG00000169490,TM2D2
ENSG00000169507,SLC38A11
ENSG00000169508,GPR183
ENSG00000169519,METTL15
ENSG00000169604,ANTXR1
ENSG00000169621,APLF
ENSG00000169641,LUZP1
ENSG00000169744,LDB2
ENSG00000169760,NLGN1
ENSG00000169764,UGP2
ENSG00000169860,P2RY1
ENSG00000169918,OTUD7A
ENSG00000169933,FRMPD4
ENSG00000169946,ZFPM2
ENSG00000169967,MAP3K2
ENSG00000170017,ALCAM
ENSG00000170044,ZPLD1
ENSG00000170091,NSG2
ENSG00000170145,SIK2
ENSG00000170153,RNF150
ENSG00000170166,HOXD4
ENSG00000170214,ADRA1B
ENSG00000170222,ADPRM
ENSG00000170242,USP47
ENSG00000170381,SEMA3E
ENSG00000170417,TMEM182
ENSG00000170464,ENSG00000170464
ENSG00000170471,RALGAPB
ENSG00000170477,KRT4
ENSG00000170485,NPAS2
ENSG00000170584,NUDCD2
ENSG00000170624,SGCD
ENSG00000170633,RNF34
ENSG00000170759,KIF5B
ENSG00000170775,GPR37
ENSG00000170802,FOXN2
ENSG00000170807,LMOD2
ENSG00000170820,FSHR
ENSG00000170873,MTSS1
ENSG00000170876,TMEM43
ENSG00000170881,RNF139
ENSG00000170903,MSANTD4
ENSG00000170921,TANC2
ENSG00000170927,PKHD1
ENSG00000170955,CAVIN3
ENSG00000170962,PDGFD
ENSG00000170989,S1PR1
ENSG00000171109,MFN1
ENSG00000171174,RBKS
ENSG00000171189,GRIK1
ENSG00000171208,NETO2
ENSG00000171217,CLDN20
ENSG00000171243,SOSTDC1
ENSG00000171316,CHD7
ENSG00000171320,ESCO2
ENSG00000171385,KCND3
ENSG00000171408,PDE7B
ENSG00000171448,ZBTB26
ENSG00000171453,POLR1C
ENSG00000171488,LRRC8C
ENSG00000171492,LRRC8D
ENSG00000171503,ETFDH
ENSG00000171509,RXFP1
ENSG00000171517,LPAR3
ENSG00000171522,PTGER4
ENSG00000171540,OTP
ENSG00000171557,FGG
ENSG00000171564,FGB
ENSG00000171566,PLRG1
ENSG00000171617,ENC1
ENSG00000171681,ATF7IP
ENSG00000171722,SPATA46
ENSG00000171723,GPHN
ENSG00000171759,PAH
ENSG00000171763,AFG2B
ENSG00000171766,GATM
ENSG00000171806,METTL18
ENSG00000171819,ANGPTL7
ENSG00000171860,C3AR1
ENSG00000171914,TLN2
ENSG00000171956,FOXB1
ENSG00000171962,DRC3
ENSG00000171988,JMJD1C
ENSG00000172020,GAP43
ENSG00000172046,USP19
ENSG00000172137,CALB2
ENSG00000172167,MTBP
ENSG00000172175,MALT1
ENSG00000172197,MBOAT1
ENSG00000172209,GPR22
ENSG00000172215,CXCR6
ENSG00000172269,DPAGT1
ENSG00000172292,CERS6
ENSG00000172296,SPTLC3
ENSG00000172318,B3GALT1
ENSG00000172331,BPGM
ENSG00000172340,SUCLG2
ENSG00000172345,STARD5
ENSG00000172348,RCAN2
ENSG00000172380,GNG12
ENSG00000172399,MYOZ2
ENSG00000172456,FGGY
ENSG00000172461,FUT9
ENSG00000172469,MANEA
ENSG00000172497,ACOT12
ENSG00000172568,FNDC9
ENSG00000172572,PDE3A
ENSG00000172594,SMPDL3A
ENSG00000172673,THEMIS
ENSG00000172789,HOXC5
ENSG00000172878,METAP1D
ENSG00000172954,LCLAT1
ENSG00000172985,SH3RF3
ENSG00000172995,ARPP21
ENSG00000173064,HECTD4
ENSG00000173068,BNC2
ENSG00000173114,LRRN3
ENSG00000173212,MAB21L3
ENSG00000173226,IQCB1
ENSG00000173230,GOLGB1
ENSG00000173239,LIPM
ENSG00000173250,GPR151
ENSG00000173273,TNKS
ENSG00000173369,C1QB
ENSG00000173372,C1QA
ENSG00000173376,NDNF
ENSG00000173402,DAG1
ENSG00000173406,DAB1
ENSG00000173482,PTPRM
ENSG00000173517,PEAK1
ENSG00000173531,MST1
ENSG00000173545,ZNF622
ENSG00000173714,WFIKKN2
ENSG00000173769,TOPAZ1
ENSG00000173905,GOLIM4
ENSG00000173926,MARCHF3
ENSG00000173930,SLCO4C1
ENSG00000174015,CBY2
ENSG00000174132,FAM174A
ENSG00000174145,NWD2
ENSG00000174175,SELP
ENSG00000174307,PHLDA3
ENSG00000174343,CHRNA9
ENSG00000174348,PODN
ENSG00000174417,TRHR
ENSG00000174429,ABRA
ENSG00000174442,ZWILCH
ENSG00000174448,STARD6
ENSG00000174453,VWC2L
ENSG00000174482,LINGO2
ENSG00000174485,DENND4A
ENSG00000174502,SLC26A9
ENSG00000174611,KY
ENSG00000174640,SLCO2A1
ENSG00000174697,LEP
ENSG00000174705,SH3PXD2B
ENSG00000174720,LARP7
ENSG00000174804,FZD4
ENSG00000174839,DENND6A
ENSG00000174842,GLMN
ENSG00000174944,P2RY14
ENSG00000174946,GPR171
ENSG00000174948,GPR149
ENSG00000174953,DHX36
ENSG00000175048,ZDHHC14
ENSG00000175065,DSG4
ENSG00000175077,RTP1
ENSG00000175084,DES
ENSG00000175097,RAG2
ENSG00000175104,TRAF6
ENSG00000175105,ZNF654
ENSG00000175110,MRPS22
ENSG00000175115,PACS1
ENSG00000175161,CADM2
ENSG00000175220,ARHGAP1
ENSG00000175267,VWA3A
ENSG00000175311,ANKS4B
ENSG00000175426,PCSK1
ENSG00000175471,MCTP1
ENSG00000175497,DPP10
ENSG00000175595,ERCC4
ENSG00000175662,TOM1L2
ENSG00000175893,ZDHHC21
ENSG00000175928,LRRN1
ENSG00000175946,KLHL38
ENSG00000176040,TMPRSS7
ENSG00000176049,JAKMIP2
ENSG00000176055,MBLAC2
ENSG00000176105,YES1
ENSG00000176142,TMEM39A
ENSG00000176148,TCP11L1
ENSG00000176177,ENTHD1
ENSG00000176225,RTTN
ENSG00000176386,CDC26
ENSG00000176399,DMRTA1
ENSG00000176641,RNF152
ENSG00000176658,MYO1D
ENSG00000176697,BDNF
ENSG00000176771,NCKAP5
ENSG00000176853,FAM91A1
ENSG00000176971,FIBIN
ENSG00000177034,MTX3
ENSG00000177054,ZDHHC13
ENSG00000177103,DSCAML1
ENSG00000177150,FAM210A
ENSG00000177189,RPS6KA3
ENSG00000177272,KCNA3
ENSG00000177311,ZBTB38
ENSG00000177463,NR2C2
ENSG00000177508,IRX3
ENSG00000177511,ST8SIA3
ENSG00000177551,NHLH2
ENSG00000177565,TBL1XR1
ENSG00000177669,MBOAT4
ENSG00000177694,NAALADL2
ENSG00000177752,YIPF7
ENSG00000177791,MYOZ1
ENSG00000177888,ZBTB41
ENSG00000177917,ARL6IP6
ENSG00000178031,ADAMTSL1
ENSG00000178033,CALHM5
ENSG00000178053,MLF1
ENSG00000178074,C2orf69
ENSG00000178075,GRAMD1C
ENSG00000178175,ZNF366
ENSG00000178562,CD28
ENSG00000178568,ERBB4
ENSG00000178645,C10orf53
ENSG00000178662,CSRNP3
ENSG00000179044,EXOC3L1
ENSG00000179071,CCDC89
ENSG00000179104,TMTC2
ENSG00000179241,LDLRAD3
ENSG00000179387,ELMOD2
ENSG00000179454,KLHL28
ENSG00000179520,SLC17A8
ENSG00000179600,GPHB5
ENSG00000179776,CDH5
ENSG00000179796,LRRC3B
ENSG00000179902,CFAP276
ENSG00000179915,NRXN1
ENSG00000179941,BBS10
ENSG00000180245,RRH
ENSG00000180251,SLC9A4
ENSG00000180269,GPR139
ENSG00000180316,PNPLA1
ENSG00000180318,ALX1
ENSG00000180332,KCTD4
ENSG00000180347,ITPRID1
ENSG00000180353,HCLS1
ENSG00000180357,ZNF609
ENSG00000180537,RNF182
ENSG00000180611,MB21D2
ENSG00000180660,MAB21L1
ENSG00000180667,YOD1
ENSG00000180773,SLC36A4
ENSG00000180801,ARSJ
ENSG00000180806,HOXC9
ENSG00000180818,HOXC10
ENSG00000180914,OXTR
ENSG00000181072,CHRM2
ENSG00000181092,ADIPOQ
ENSG00000181264,TLCD5
ENSG00000181291,TMEM132E
ENSG00000181541,MAB21L2
ENSG00000181631,P2RY13
ENSG00000181634,TNFSF15
ENSG00000181722,ZBTB20
ENSG00000181751,MACIR
ENSG00000181778,TMEM252
ENSG00000181826,RELL1
ENSG00000181830,SLC35C1
ENSG00000181915,ADO
ENSG00000181982,CCDC149
ENSG00000182022,CHST15
ENSG00000182050,MGAT4C
ENSG00000182134,TDRKH
ENSG00000182158,CREB3L2
ENSG00000182168,UNC5C
ENSG00000182173,TSEN54
ENSG00000182185,RAD51B
ENSG00000182263,FIGN
ENSG00000182359,KBTBD3
ENSG00000182389,CACNB4
ENSG00000182447,OTOL1
ENSG00000182463,TSHZ2
ENSG00000182473,EXOC7
ENSG00000182533,CAV3
ENSG00000182541,LIMK2
ENSG00000182578,CSF1R
ENSG00000182621,PLCB1
ENSG00000182645,CCDC172
ENSG00000182747,SLC35D3
ENSG00000182836,PLCXD3
ENSG00000182885,ADGRG3
ENSG00000182919,C11orf54
ENSG00000182923,CEP63
ENSG00000182985,CADM1
ENSG00000183023,SLC8A1
ENSG00000183032,SLC25A21
ENSG00000183036,PCP4
ENSG00000183091,NEB
ENSG00000183111,ARHGEF37
ENSG00000183273,CCDC60
ENSG00000183324,REC114
ENSG00000183395,PMCH
ENSG00000183423,LRIT3
ENSG00000183454,GRIN2A
ENSG00000183475,ASB7
ENSG00000183508,TENT5C
ENSG00000183513,COA5
ENSG00000183607,GKN2
ENSG00000183671,CMKLR2
ENSG00000183715,OPCML
ENSG00000183742,MACC1
ENSG00000183775,KCTD16
ENSG00000183780,SLC35F3
ENSG00000183826,BTBD9
ENSG00000183833,CFAP91
ENSG00000183853,KIRREL1
ENSG00000183862,CNGA2
ENSG00000183876,ARSI
ENSG00000183891,TTC32
ENSG00000184144,CNTN2
ENSG00000184156,KCNQ3
ENSG00000184220,CMSS1
ENSG00000184226,PCDH9
ENSG00000184254,ALDH1A3
ENSG00000184304,PRKD1
ENSG00000184349,EFNA5
ENSG00000184374,COLEC10
ENSG00000184384,MAML2
ENSG00000184432,COPB2
ENSG00000184445,KNTC1
ENSG00000184588,PDE4B
ENSG00000184611,KCNH7
ENSG00000184677,ZBTB40
ENSG00000184828,ZBTB7C
ENSG00000185002,RFX6
ENSG00000185008,ROBO2
ENSG00000185009,AP3M1
ENSG00000185013,NT5C1B
ENSG00000185033,SEMA4B
ENSG00000185052,SLC24A3
ENSG00000185053,SGCZ
ENSG00000185070,FLRT2
ENSG00000185133,INPP5J
ENSG00000185238,PRMT3
ENSG00000185261,KIAA0825
ENSG00000185278,ZBTB37
ENSG00000185305,ARL15
ENSG00000185313,SCN10A
ENSG00000185480,PARPBP
ENSG00000185483,ROR1
ENSG00000185518,SV2B
ENSG00000185532,PRKG1
ENSG00000185565,LSAMP
ENSG00000185630,PBX1
ENSG00000185652,NTF3
ENSG00000185753,CXorf38
ENSG00000185774,KCNIP4
ENSG00000185909,KLHDC8B
ENSG00000185933,CALHM1
ENSG00000186073,CDIN1
ENSG00000186106,ANKRD46
ENSG00000186130,ZBTB6
ENSG00000186190,BPIFB3
ENSG00000186231,KLHL32
ENSG00000186260,MRTFB
ENSG00000186283,TOR3A
ENSG00000186329,TMEM212
ENSG00000186350,RXRA
ENSG00000186417,GLDN
ENSG00000186635,ARAP1
ENSG00000186638,KIF24
ENSG00000186889,TMEM17
ENSG00000187003,ACTL7A
ENSG00000187045,TMPRSS6
ENSG00000187054,TMPRSS11A
ENSG00000187079,TEAD1
ENSG00000187098,MITF
ENSG00000187164,SHTN1
ENSG00000187231,SESTD1
ENSG00000187239,FNBP1
ENSG00000187323,DCC
ENSG00000187522,HSPA14
ENSG00000187546,AGMO
ENSG00000187715,KBTBD12
ENSG00000187720,THSD4
ENSG00000187783,TMEM72
ENSG00000187796,CARD9
ENSG00000187821,HELT
ENSG00000187955,COL14A1
ENSG00000188001,TPRG1
ENSG00000188089,PLA2G4E
ENSG00000188158,NHS
ENSG00000188162,OTOG
ENSG00000188175,HEPACAM2
ENSG00000188316,ENO4
ENSG00000188467,SLC24A5
ENSG00000188517,COL25A1
ENSG00000188641,DPYD
ENSG00000188647,PTAR1
ENSG00000188687,SLC4A5
ENSG00000188716,DUSP29
ENSG00000188729,OSTN
ENSG00000188760,TMEM198
ENSG00000188811,NHLRC3
ENSG00000188816,HMX2
ENSG00000188869,TMC3
ENSG00000188906,LRRK2
ENSG00000188916,INSYN2A
ENSG00000188981,MSANTD1
ENSG00000189007,ADAT2
ENSG00000189046,ALKBH2
ENSG00000189091,SF3B3
ENSG00000189184,PCDH18
ENSG00000189195,BTBD8
ENSG00000189320,FAM180A
ENSG00000189367,KIAA0408
ENSG00000196090,PTPRT
ENSG00000196091,MYBPC1
ENSG00000196092,PAX5
ENSG00000196123,MATCAP1
ENSG00000196141,SPATS2L
ENSG00000196151,WDSUB1
ENSG00000196159,FAT4
ENSG00000196220,SRGAP3
ENSG00000196284,SUPT3H
ENSG00000196353,CPNE4
ENSG00000196376,SLC35F1
ENSG00000196396,PTPN1
ENSG00000196482,ESRRG
ENSG00000196497,IPO4
ENSG00000196504,PRPF40A
ENSG00000196505,GDAP2
ENSG00000196510,ANAPC7
ENSG00000196586,MYO6
ENSG00000196611,MMP1
ENSG00000196639,HRH1
ENSG00000196689,TRPV1
ENSG00000196776,CD47
ENSG00000196811,CHRNG
ENSG00000196865,NHLRC2
ENSG00000196876,SCN8A
ENSG00000196878,LAMB3
ENSG00000196911,KPNA5
ENSG00000196914,ARHGEF12
ENSG00000196932,TMEM26
ENSG00000196943,NOP9
ENSG00000196968,POFUT4
ENSG00000196990,FAM163B
ENSG00000197057,DTHD1
ENSG00000197081,IGF2R
ENSG00000197106,SLC6A17
ENSG00000197121,PGAP1
ENSG00000197136,PCNX3
ENSG00000197142,ACSL5
ENSG00000197147,LRRC8B
ENSG00000197150,ABCB8
ENSG00000197157,SND1
ENSG00000197296,FITM2
ENSG00000197299,BLM
ENSG00000197329,PELI1
ENSG00000197415,VEPH1
ENSG00000197442,MAP3K5
ENSG00000197506,SLC28A3
ENSG00000197535,MYO5A
ENSG00000197548,ATG7
ENSG00000197555,SIPA1L1
ENSG00000197563,PIGN
ENSG00000197580,BCO2
ENSG00000197584,KCNMB2
ENSG00000197632,SERPINB2
ENSG00000197635,DPP4
ENSG00000197702,PARVA
ENSG00000197712,FAM114A1
ENSG00000197757,HOXC6
ENSG00000197852,INKA2
ENSG00000197872,CYRIA
ENSG00000197893,NRAP
ENSG00000197959,DNM3
ENSG00000197993,KEL
ENSG00000198018,ENTPD7
ENSG00000198130,HIBCH
ENSG00000198146,ZNF770
ENSG00000198160,MIER1
ENSG00000198216,CACNA1E
ENSG00000198231,DDX42
ENSG00000198246,SLC29A3
ENSG00000198315,ZKSCAN8
ENSG00000198353,HOXC4
ENSG00000198369,SPRED2
ENSG00000198382,UVRAG
ENSG00000198471,RTP2
ENSG00000198523,PLN
ENSG00000198542,ITGBL1
ENSG00000198554,WDHD1
ENSG00000198561,CTNND1
ENSG00000198570,RD3
ENSG00000198597,ZNF536
ENSG00000198624,CCDC69
ENSG00000198626,RYR2
ENSG00000198648,STK39
ENSG00000198677,SKIC3
ENSG00000198682,PAPSS2
ENSG00000198700,IPO9
ENSG00000198707,CEP290
ENSG00000198718,TOGARAM1
ENSG00000198730,CTR9
ENSG00000198734,F5
ENSG00000198739,LRRTM3
ENSG00000198742,SMURF1
ENSG00000198774,RASSF9
ENSG00000198785,GRIN3A
ENSG00000198797,BRINP2
ENSG00000198799,LRIG2
ENSG00000198807,PAX9
ENSG00000198815,FOXJ3
ENSG00000198821,CD247
ENSG00000198822,GRM3
ENSG00000198836,OPA1
ENSG00000198838,RYR3
ENSG00000198842,STYXL2
ENSG00000198855,FICD
ENSG00000198865,CCDC152
ENSG00000198890,PRMT6
ENSG00000198894,CIPC
ENSG00000198909,MAP3K3
ENSG00000198915,RASGEF1A
ENSG00000198919,DZIP3
ENSG00000198924,DCLRE1A
ENSG00000198948,MFAP3L
ENSG00000198961,PJA2
ENSG00000198963,RORB
ENSG00000203740,NTMT2
ENSG00000203965,EFCAB7
ENSG00000204020,LIPN
ENSG00000204120,GIGYF2
ENSG00000204262,COL5A2
ENSG00000204311,PJVK
ENSG00000204351,SKIC2
ENSG00000204356,NELFE
ENSG00000204381,LAYN
ENSG00000204406,MBD5
ENSG00000204438,GPANK1
ENSG00000204463,BAG6
ENSG00000204568,MRPS18B
ENSG00000204569,PPP1R10
ENSG00000204624,DISP3
ENSG00000204673,AKT1S1
ENSG00000204767,INSYN2B
ENSG00000204843,DCTN1
ENSG00000204856,FAM216A
ENSG00000204889,KRT40
ENSG00000204923,FBXO48
ENSG00000205038,PKHD1L1
ENSG00000205133,TRIQK
ENSG00000205213,LGR4
ENSG00000205302,SNX2
ENSG00000205678,TECRL
ENSG00000205726,ITSN1
ENSG00000205765,RIMOC1
ENSG00000205835,GMNC
ENSG00000206052,DOK6
ENSG00000206075,SERPINB5
ENSG00000206384,COL6A6
ENSG00000206538,VGLL3
ENSG00000206560,ANKRD28
ENSG00000213079,SCAF8
ENSG00000213139,CRYGS
ENSG00000213380,COG8
ENSG00000213533,STIMATE
ENSG00000213593,TMX2
ENSG00000213694,S1PR3
ENSG00000213699,SLC35F6
ENSG00000213722,DDAH2
ENSG00000213918,DNASE1
ENSG00000213949,ITGA1
ENSG00000213983,AP1G2
ENSG00000214013,GANC
ENSG00000214338,MTCL3
ENSG00000214415,GNAT3
ENSG00000214447,FAM187A
ENSG00000214517,PPME1
ENSG00000214595,EML6
ENSG00000214654,B3GALT9
ENSG00000214814,FER1L6
ENSG00000214944,ARHGEF28
ENSG00000214960,CRPPA
ENSG00000215114,UBXN2B
ENSG00000215203,GRXCR1
ENSG00000215475,SIAH3
ENSG00000215883,CYB5RL
ENSG00000218336,TENM3
ENSG00000221818,EBF2
ENSG00000225526,MKRN2OS
ENSG00000225830,ERCC6
ENSG00000227345,PARG
ENSG00000230873,STMND1
ENSG00000231213,PLSCR5
ENSG00000233670,PIRT
ENSG00000233932,CTXN2
ENSG00000235750,KIAA0040
ENSG00000237172,B3GNT9
ENSG00000239388,ASB14
ENSG00000240303,ACAD11
ENSG00000241399,CD302
ENSG00000241945,PWP2
ENSG00000242120,MDFIC2
ENSG00000242550,SERPINB10
ENSG00000242802,AP5Z1
ENSG00000243244,STON1
ENSG00000243284,VSIG8
ENSG00000243667,DNAAF10
ENSG00000243708,PLA2G4B
ENSG00000244045,VMA12
ENSG00000247626,MARS2
ENSG00000248905,FMN1
ENSG00000249581,CLRN2
ENSG00000250878,METTL21EP
ENSG00000253148,RGS21
ENSG00000254093,PINX1
ENSG00000256043,CTSO
ENSG00000256870,SLC5A8
ENSG00000257365,FNTB
ENSG00000259494,MRPL46
ENSG00000260916,CCPG1
ENSG00000261609,GAN
ENSG00000262246,CORO7
ENSG00000263155,MYZAP
ENSG00000263528,IKBKE
ENSG00000263761,GDF2
ENSG00000265107,GJA5
ENSG00000265203,RBP3
ENSG00000266094,RASSF5
ENSG00000266200,ENSG00000266200
ENSG00000272573,MUSTN1
ENSG00000273079,GRIN2B
ENSG00000273274,ZBTB8B
ENSG00000273540,AGBL1
ENSG00000275700,AATF
ENSG00000276600,RAB7B
ENSG00000280165,PCDH20
ENSG00000284844,TOMT
ENSG00000284862,CCDC39
