human_gene_id,gene_name,replicate,rho
ENSG00000100439,ABHD4,0,-0.09359003125196837
ENSG00000100439,ABHD4,1,0.10392790164004895
ENSG00000100439,ABHD4,2,-0.032049856124336376
ENSG00000100439,ABHD4,3,0.024034718152302542
ENSG00000100439,ABHD4,4,-0.14331813416743366
ENSG00000100439,ABHD4,5,-0.030046740116565347
ENSG00000100439,ABHD4,6,-0.0763324845022201
ENSG00000100439,ABHD4,7,-0.35762770435879804
ENSG00000100439,ABHD4,8,-0.15578058061677574
ENSG00000100439,ABHD4,9,-0.31482306588801245
ENSG00000151790,TDO2,0,-0.1361821369365991
ENSG00000151790,TDO2,1,-0.3449845929063259
ENSG00000151790,TDO2,2,-0.13728374611408392
ENSG00000151790,TDO2,3,-0.18813476635838233
ENSG00000151790,TDO2,4,-0.3076276596597227
ENSG00000151790,TDO2,5,-0.299362617801834
ENSG00000151790,TDO2,6,-0.15228355431032536
ENSG00000151790,TDO2,7,-0.24528963208751112
ENSG00000151790,TDO2,8,-0.2679834758329005
ENSG00000151790,TDO2,9,-0.18099040814224124
ENSG00000055813,CCDC85A,0,0.2548125085319604
ENSG00000055813,CCDC85A,1,0.20329364763663396
ENSG00000055813,CCDC85A,2,0.4100623431976018
ENSG00000055813,CCDC85A,3,0.28431483273143143
ENSG00000055813,CCDC85A,4,0.16377392483787234
ENSG00000055813,CCDC85A,5,0.18270835764606072
ENSG00000055813,CCDC85A,6,0.09479305975670328
ENSG00000055813,CCDC85A,7,0.02214555975962609
ENSG00000055813,CCDC85A,8,0.2019145196961047
ENSG00000055813,CCDC85A,9,0.2785444024037392
ENSG00000108231,LGI1,0,-0.2330186094674222
ENSG00000108231,LGI1,1,-0.39119671356526203
ENSG00000108231,LGI1,2,-0.2442468149992475
ENSG00000108231,LGI1,3,0.012834616795012835
ENSG00000108231,LGI1,4,-0.3658201170596837
ENSG00000108231,LGI1,5,-0.17722563565823773
ENSG00000108231,LGI1,6,-0.022460579391272464
ENSG00000108231,LGI1,7,-0.06251145842891652
ENSG00000108231,LGI1,8,0.19367263456395536
ENSG00000108231,LGI1,9,-0.36578657865786585
ENSG00000154930,ACSS1,0,-0.21554221687564523
ENSG00000154930,ACSS1,1,-0.14552737342930505
ENSG00000154930,ACSS1,2,-0.06030262721611876
ENSG00000154930,ACSS1,3,-0.1223990215655705
ENSG00000154930,ACSS1,4,0.016021362212400556
ENSG00000154930,ACSS1,5,-0.20743378588916098
ENSG00000154930,ACSS1,6,-0.18050300467393726
ENSG00000154930,ACSS1,7,0.00534104821377035
ENSG00000154930,ACSS1,8,-0.05095683259221843
ENSG00000154930,ACSS1,9,0.10726605162655452
ENSG00000126775,ATG14,0,-0.15932354644553884
ENSG00000126775,ATG14,1,0.10102358950597015
ENSG00000126775,ATG14,2,0.01179350273968374
ENSG00000126775,ATG14,3,-0.2318647142405747
ENSG00000126775,ATG14,4,0.05184690827068513
ENSG00000126775,ATG14,5,0.13351135177000462
ENSG00000126775,ATG14,6,-0.10413885438060361
ENSG00000126775,ATG14,7,-0.015355513614589757
ENSG00000126775,ATG14,8,0.062305297492668825
ENSG00000126775,ATG14,9,-0.14999443733671733
