human_gene_id,gene_id,ensembl_species,max_longevity_yrs,adult_weight_g,anage_order,original_expression_log_tpm,gene_name,native_expression_log_tpm,shuffled_mean_expression_log_tpm,shuffled_min_expression_log_tpm,shuffled_max_expression_log_tpm,shuffled_sd_expression_log_tpm
ENSG00000100439,ENSBMSG00010010078,balaenoptera_musculus,110.0,136000000.0,Cetacea,2.6804,ABHD4,2.6804,0.7898499999999999,0.193,2.3361,0.6120810934835351
ENSG00000100439,ENSBGRG00000008271,bos_grunniens,26.3,667000.0,Artiodactyla,3.0486,ABHD4,3.0486,0.9964500000000001,0.5798,1.5263,0.32272744348409194
ENSG00000100439,ENSCJAG00000008681,callithrix_jacchus,22.8,255.2,Primates,3.258,ABHD4,3.258,0.50461,0.1685,1.6129,0.41078246054193807
ENSG00000100439,ENSCHIG00000005601,capra_hircus,20.8,61000.0,Artiodactyla,3.0486,ABHD4,3.0486,1.21214,0.8117,1.8113,0.27219067336458586
ENSG00000100439,ENSCPOG00000000850,cavia_porcellus,12.0,728.0,Rodentia,3.5601,ABHD4,3.5601,0.30726,0.1197,1.0793,0.2821248549450717
ENSG00000100439,ENSCLAG00000012500,chinchilla_lanigera,17.2,642.5,Rodentia,3.2279,ABHD4,3.2279,0.74258,0.3794,1.0897,0.2668209128901922
ENSG00000100439,ENSDLEG00000010554,delphinapterus_leucas,40.0,1430000.0,Cetacea,2.5789,ABHD4,2.5789,0.7078599999999999,0.2351,2.7241,0.7298263221098868
ENSG00000100439,ENSG00000100439,homo_sapiens,122.5,62035.0,Primates,2.8561,ABHD4,2.8561,0.28928000000000004,0.1032,0.4467,0.12462567775364575
ENSG00000100439,ENSLAFG00000000661,loxodonta_africana,65.0,4800000.0,Proboscidea,2.8561,ABHD4,2.8561,1.3128699999999998,0.7226,1.9036,0.43107375767443273
ENSG00000100439,ENSMFAG00000001529,macaca_fascicularis,39.0,6362.5,Primates,2.9447,ABHD4,2.9447,0.5229099999999999,0.268,1.1502,0.26929729317449724
ENSG00000100439,ENSMMUG00000009441,macaca_mulatta,40.0,8235.0,Primates,2.9299,ABHD4,2.9299,0.41194,0.1336,0.9285,0.25644348391886357
ENSG00000100439,ENSMNEG00000033846,macaca_nemestrina,37.6,7912.5,Primates,2.7973,ABHD4,2.7973,0.36254,0.1545,0.837,0.18317899685523145
ENSG00000100439,ENSMODG00000005609,monodelphis_domestica,5.1,105.0,Didelphimorphia,3.6513,ABHD4,3.6513,0.31472,0.148,0.8832,0.21529091326234215
ENSG00000100439,ENSMMNG00015010536,monodon_monoceros,50.0,1250000.0,Cetacea,2.6658,ABHD4,2.6658,0.53487,0.24,1.1422,0.28770528921874977
ENSG00000100439,ENSMUSG00000040997,mus_musculus,4.0,20.5,Rodentia,3.4691,ABHD4,3.4691,0.27772,0.1326,0.6927,0.16352473683071791
ENSG00000100439,ENSMSIG00000016112,mus_spicilegus,3.5,19.9,Rodentia,3.7885,ABHD4,3.7885,0.4970800000000001,0.3133,0.7226,0.1329004874165462
ENSG00000100439,ENSMLUG00000003815,myotis_lucifugus,34.0,10.0,Chiroptera,2.9447,ABHD4,2.9447,0.86667,0.1614,2.4639,0.8569344264424333
ENSG00000100439,ENSOANG00000010726,ornithorhynchus_anatinus,22.6,1250.0,Monotremata,3.0933,ABHD4,3.0933,3.0428799999999994,2.5069,3.758,0.38090502694970513
ENSG00000100439,ENSOCUG00000014277,oryctolagus_cuniculus,13.0,1800.0,Lagomorpha,3.5146,ABHD4,3.5146,0.67804,0.3625,1.3477,0.29172558338273996
ENSG00000100439,ENSOARG00020062711,ovis_aries,22.8,80000.0,Artiodactyla,3.1231,ABHD4,3.1231,0.9140600000000001,0.661,1.2456,0.18327142712381547
ENSG00000100439,ENSPTRG00000006143,pan_troglodytes,68.0,44983.5,Primates,2.7533,ABHD4,2.7533,0.39357,0.1063,0.7289,0.16783670006553658
ENSG00000100439,ENSPLOG00000009213,panthera_leo,28.0,175000.0,Carnivora,3.0784,ABHD4,3.0784,1.02373,0.4113,2.5069,0.6218775228647877
ENSG00000100439,ENSRNOG00000009244,rattus_norvegicus,3.8,300.0,Rodentia,2.9299,ABHD4,2.9299,2.16926,0.9051,3.0486,0.657907655120889
ENSG00000100439,ENSRFEG00010000649,rhinolophus_ferrumequinum,30.5,22.875,Chiroptera,2.6513,ABHD4,2.6513,0.17845,0.0916,0.3316,0.07672864523761644
ENSG00000100439,ENSRROG00000030064,rhinopithecus_roxellana,29.5,14750.0,Primates,2.9151,ABHD4,2.9151,0.55278,0.2014,0.8809,0.2304681795341339
ENSG00000100439,ENSSHAG00000010507,sarcophilus_harrisii,13.0,6500.0,Dasyuromorphia,3.3181,ABHD4,3.3181,0.55354,0.227,1.0639,0.2560169838116214
ENSG00000100439,ENSSVLG00005003510,sciurus_vulgaris,14.8,600.0,Rodentia,3.2129,ABHD4,3.2129,0.7326499999999999,0.2318,1.9704,0.5182793717892139
ENSG00000100439,ENSSSCG00000002051,sus_scrofa,27.0,130000.0,Artiodactyla,3.243,ABHD4,3.243,0.71026,0.1747,1.6759,0.5001982922357447
ENSG00000100439,ENSUMAG00000013975,ursus_maritimus,43.8,475000.0,Carnivora,2.9299,ABHD4,2.9299,0.8474600000000001,0.2146,2.7826,0.852602213096927
ENSG00000100439,ENSVURG00010020492,vombatus_ursinus,30.0,25500.0,Diprotodontia,3.7122,ABHD4,3.7122,0.57562,0.2072,1.268,0.36592107467169593
ENSG00000151790,ENSBMSG00010004581,balaenoptera_musculus,110.0,136000000.0,Cetacea,5.9713,TDO2,5.9713,0.9976099999999999,0.2736,2.0721,0.4429903973125276
ENSG00000151790,ENSBGRG00000004794,bos_grunniens,26.3,667000.0,Artiodactyla,4.7896,TDO2,4.7896,1.9583499999999998,1.0512,3.288,0.6346737398940585
ENSG00000151790,ENSCJAG00000001672,callithrix_jacchus,22.8,255.2,Primates,4.542,TDO2,4.542,4.60082,4.295,4.7896,0.14533643574670307
ENSG00000151790,ENSCDRG00005006542,camelus_dromedarius,28.4,434000.0,Artiodactyla,6.1272,TDO2,6.1272,1.2738200000000002,0.4369,2.9447,0.8895350830630572
ENSG00000151790,ENSCHIG00000001171,capra_hircus,20.8,61000.0,Artiodactyla,4.2642,TDO2,4.2642,0.6794,0.0973,2.7241,0.8110512889659526
ENSG00000151790,ENSCLAG00000006927,chinchilla_lanigera,17.2,642.5,Rodentia,5.3796,TDO2,5.3796,1.4704000000000002,0.8359,2.3644,0.5435461750803187
ENSG00000151790,ENSDLEG00000003401,delphinapterus_leucas,40.0,1430000.0,Cetacea,5.2241,TDO2,5.2241,0.77973,0.4609,1.638,0.3499397854552186
ENSG00000151790,ENSDORG00000000529,dipodomys_ordii,9.9,57.0,Rodentia,4.0028,TDO2,4.0028,2.4117699999999997,1.2736,3.288,0.5630260444933056
ENSG00000151790,ENSHGLG00000005283,heterocephalus_glaber_female,31.0,35.0,Rodentia,4.4493,TDO2,4.4493,0.41721,0.1889,0.7409,0.176636019039782
ENSG00000151790,ENSG00000151790,homo_sapiens,122.5,62035.0,Primates,5.7532,TDO2,5.7532,0.63979,0.3577,1.2152,0.2720517534506175
ENSG00000151790,ENSMFAG00000031955,macaca_fascicularis,39.0,6362.5,Primates,4.8206,TDO2,4.8206,0.16061999999999999,0.0601,0.4928,0.1269441416966971
ENSG00000151790,ENSMMUG00000022018,macaca_mulatta,40.0,8235.0,Primates,4.6348,TDO2,4.6348,0.23062000000000005,0.0789,1.0159,0.2807763396172991
ENSG00000151790,ENSMICG00000013444,microcebus_murinus,18.2,64.8,Primates,4.141,TDO2,4.141,0.99718,0.5798,1.877,0.3923730956911065
ENSG00000151790,ENSMOCG00000021074,microtus_ochrogaster,5.3,40.0,Rodentia,0.9062,TDO2,0.9062,0.6001599999999999,0.2383,0.9961,0.2648872556810203
ENSG00000151790,ENSMMNG00015013022,monodon_monoceros,50.0,1250000.0,Cetacea,5.5041,TDO2,5.5041,0.6789,0.2192,1.5694,0.5121090964498353
ENSG00000151790,ENSMUSG00000028011,mus_musculus,4.0,20.5,Rodentia,4.2334,TDO2,4.2334,0.9203100000000001,0.3696,1.4959,0.35636524163341804
ENSG00000151790,ENSMSIG00000009912,mus_spicilegus,3.5,19.9,Rodentia,4.295,TDO2,4.295,1.36091,0.5967,3.1381,0.8313994660276798
ENSG00000151790,ENSMLUG00000012458,myotis_lucifugus,34.0,10.0,Chiroptera,3.9875,TDO2,3.9875,0.33794,0.1427,0.6848,0.17814814184954172
ENSG00000151790,ENSNLEG00000006259,nomascus_leucogenys,44.1,6000.0,Primates,5.3485,TDO2,5.3485,0.59678,0.2014,1.3133,0.3678589065268246
ENSG00000151790,ENSOANG00000015662,ornithorhynchus_anatinus,22.6,1250.0,Monotremata,5.0067,TDO2,5.0067,3.28147,1.727,4.0488,0.7377232258027999
ENSG00000151790,ENSOCUG00000015453,oryctolagus_cuniculus,13.0,1800.0,Lagomorpha,4.5729,TDO2,4.5729,0.25859,0.0658,1.2568,0.3560392314525652
ENSG00000151790,ENSOARG00020087545,ovis_aries,22.8,80000.0,Artiodactyla,4.2334,TDO2,4.2334,1.15981,0.4524,2.6368,0.5921495634081346
ENSG00000151790,ENSPPAG00000021027,pan_paniscus,55.0,39925.0,Primates,5.6597,TDO2,5.6597,0.48207999999999995,0.1917,1.6254,0.43132355681862156
ENSG00000151790,ENSPTRG00000016544,pan_troglodytes,68.0,44983.5,Primates,5.9713,TDO2,5.9713,0.59566,0.3327,0.8259,0.13919788631856286
ENSG00000151790,ENSPLOG00000006696,panthera_leo,28.0,175000.0,Carnivora,5.0378,TDO2,5.0378,0.07198000000000002,0.0398,0.1269,0.027512534517117024
ENSG00000151790,ENSPPRG00000001147,panthera_pardus,27.3,53750.0,Carnivora,5.5663,TDO2,5.5663,0.15091000000000002,0.0876,0.2318,0.04782550342419595
ENSG00000151790,ENSPCIG00000029612,phascolarctos_cinereus,22.1,9300.0,Diprotodontia,4.0181,TDO2,4.0181,1.7249700000000001,0.7527,3.454,0.8390790494477993
ENSG00000151790,ENSPCTG00005000472,physeter_catodon,77.0,28500000.0,Cetacea,5.6286,TDO2,5.6286,0.67893,0.3091,1.1236,0.268103918699862
ENSG00000151790,ENSRNOG00000011612,rattus_norvegicus,3.8,300.0,Rodentia,3.758,TDO2,3.758,1.12079,0.7743,1.9906,0.3459716123550537
ENSG00000151790,ENSRFEG00010009230,rhinolophus_ferrumequinum,30.5,22.875,Chiroptera,5.0688,TDO2,5.0688,0.20305,0.1162,0.4273,0.10509508128885534
ENSG00000151790,ENSSHAG00000003061,sarcophilus_harrisii,13.0,6500.0,Dasyuromorphia,2.322,TDO2,2.322,0.19055,0.0668,0.4538,0.1330104026842345
ENSG00000151790,ENSSVLG00005007702,sciurus_vulgaris,14.8,600.0,Rodentia,4.6967,TDO2,4.6967,1.44445,0.595,2.5789,0.7033160775924293
ENSG00000151790,ENSSSCG00000008868,sus_scrofa,27.0,130000.0,Artiodactyla,4.7276,TDO2,4.7276,0.30455,0.0302,2.21,0.6747167623858507
ENSG00000151790,ENSVURG00010012442,vombatus_ursinus,30.0,25500.0,Diprotodontia,5.8466,TDO2,5.8466,1.2906,0.602,2.2798,0.6289815206612459
ENSG00000151790,ENSVVUG00000024921,vulpes_vulpes,21.3,4131.7,Carnivora,4.0796,TDO2,4.0796,0.07221999999999999,0.038,0.1162,0.027642390956242872
ENSG00000055813,ENSAMEG00000003685,ailuropoda_melanoleuca,36.8,117500.0,Carnivora,2.3502,CCDC85A,2.3502,0.67518,0.2207,1.5632,0.3871587351748921
ENSG00000055813,ENSBMSG00010018948,balaenoptera_musculus,110.0,136000000.0,Cetacea,1.2512,CCDC85A,1.2512,0.26291,0.0958,0.9741,0.2560793039058192
ENSG00000055813,ENSBGRG00000005833,bos_grunniens,26.3,667000.0,Artiodactyla,0.3029,CCDC85A,0.3029,0.18635,0.0369,0.6786,0.1852020833216156
ENSG00000055813,ENSCJAG00000009663,callithrix_jacchus,22.8,255.2,Primates,0.5832,CCDC85A,0.5832,0.33062,0.0916,1.1933,0.3211688576296138
ENSG00000055813,ENSCHIG00000016770,capra_hircus,20.8,61000.0,Artiodactyla,0.5998,CCDC85A,0.5998,0.14979,0.0271,0.4113,0.11220292578874919
ENSG00000055813,ENSDLEG00000018123,delphinapterus_leucas,40.0,1430000.0,Cetacea,2.038,CCDC85A,2.038,0.20381000000000005,0.0629,0.4697,0.12438906213079098
ENSG00000055813,ENSHGLG00000006824,heterocephalus_glaber_female,31.0,35.0,Rodentia,0.2968,CCDC85A,0.2968,0.033960000000000004,0.0181,0.1002,0.023920293569361654
ENSG00000055813,ENSG00000055813,homo_sapiens,122.5,62035.0,Primates,1.1184,CCDC85A,1.1184,0.11478,0.0358,0.2948,0.08141062993655478
ENSG00000055813,ENSSTOG00000026098,ictidomys_tridecemlineatus,7.9,172.7,Rodentia,0.1346,CCDC85A,0.1346,0.09781999999999999,0.0225,0.3394,0.09840682903132282
ENSG00000055813,ENSMFAG00000044378,macaca_fascicularis,39.0,6362.5,Primates,0.755,CCDC85A,0.755,0.14596,0.0392,0.5449,0.14454699504928417
ENSG00000055813,ENSMMUG00000015888,macaca_mulatta,40.0,8235.0,Primates,0.7072,CCDC85A,0.7072,0.22762,0.0658,0.5105,0.13634848163600663
ENSG00000055813,ENSMNEG00000041770,macaca_nemestrina,37.6,7912.5,Primates,0.7386,CCDC85A,0.7386,0.08268,0.0375,0.1661,0.04129096753528549
ENSG00000055813,ENSMICG00000029777,microcebus_murinus,18.2,64.8,Primates,0.4233,CCDC85A,0.4233,0.16781,0.0944,0.2928,0.06020172478149332
ENSG00000055813,ENSMODG00000002041,monodelphis_domestica,5.1,105.0,Didelphimorphia,0.2812,CCDC85A,0.2812,0.11213,0.0336,0.24,0.06890657201360888
ENSG00000055813,ENSMMNG00015009675,monodon_monoceros,50.0,1250000.0,Cetacea,1.957,CCDC85A,1.957,0.18699,0.061,0.2626,0.06592043099238826
ENSG00000055813,ENSMUSG00000032878,mus_musculus,4.0,20.5,Rodentia,0.0541,CCDC85A,0.0541,0.14962,0.045,0.7612,0.2205390910171407
ENSG00000055813,ENSMSIG00000016517,mus_spicilegus,3.5,19.9,Rodentia,0.0689,CCDC85A,0.0689,0.15185,0.0658,0.4425,0.130954828938158
ENSG00000055813,ENSODEG00000012025,octodon_degus,14.0,235.0,Rodentia,0.8392,CCDC85A,0.8392,0.19424,0.0243,1.1369,0.3602702510307752
ENSG00000055813,ENSOANG00000011176,ornithorhynchus_anatinus,22.6,1250.0,Monotremata,1.0309,CCDC85A,1.0309,0.55219,0.1366,2.0858,0.5871611239212321
ENSG00000055813,ENSOARG00020082523,ovis_aries,22.8,80000.0,Artiodactyla,0.6918,CCDC85A,0.6918,0.19673,0.0668,0.6556,0.1715981096114471
ENSG00000055813,ENSPTRG00000011940,pan_troglodytes,68.0,44983.5,Primates,0.8031,CCDC85A,0.8031,0.20074,0.0743,0.6737,0.18736728755160129
ENSG00000055813,ENSPLOG00000001494,panthera_leo,28.0,175000.0,Carnivora,0.3207,CCDC85A,0.3207,0.056519999999999994,0.0225,0.1095,0.03157241411950206
ENSG00000055813,ENSPCIG00000010231,phascolarctos_cinereus,22.1,9300.0,Diprotodontia,0.2417,CCDC85A,0.2417,0.12426999999999999,0.0648,0.2626,0.058161423832487305
ENSG00000055813,ENSRNOG00000003374,rattus_norvegicus,3.8,300.0,Rodentia,0.0777,CCDC85A,0.0777,0.05179,0.0312,0.0838,0.01675784724970497
ENSG00000055813,ENSRFEG00010010546,rhinolophus_ferrumequinum,30.5,22.875,Chiroptera,0.4246,CCDC85A,0.4246,0.12531,0.0271,0.5176,0.1487224219066438
ENSG00000055813,ENSRROG00000024655,rhinopithecus_roxellana,29.5,14750.0,Primates,0.6113,CCDC85A,0.6113,0.18414,0.061,0.4974,0.1234368412500003
ENSG00000055813,ENSSHAG00000009530,sarcophilus_harrisii,13.0,6500.0,Dasyuromorphia,0.1437,CCDC85A,0.1437,0.10645,0.0423,0.2644,0.08177973465351915
ENSG00000055813,ENSSVLG00005024681,sciurus_vulgaris,14.8,600.0,Rodentia,0.2101,CCDC85A,0.2101,0.05541,0.0363,0.0973,0.018344932694222552
ENSG00000055813,ENSSSCG00000008396,sus_scrofa,27.0,130000.0,Artiodactyla,0.6376,CCDC85A,0.6376,0.07419,0.045,0.1288,0.02472522104159143
ENSG00000055813,ENSVURG00010013878,vombatus_ursinus,30.0,25500.0,Diprotodontia,0.1889,CCDC85A,0.1889,0.09812,0.028,0.2554,0.07612871848243459
ENSG00000108231,ENSBMSG00010021984,balaenoptera_musculus,110.0,136000000.0,Cetacea,0.0342,LGI1,0.0342,0.14757,0.0437,0.8436,0.2454097482895811
ENSG00000108231,ENSBGRG00000024504,bos_grunniens,26.3,667000.0,Artiodactyla,0.0689,LGI1,0.0689,0.16799,0.0404,1.0742,0.31951690078756223
ENSG00000108231,ENSCJAG00000015588,callithrix_jacchus,22.8,255.2,Primates,0.0443,LGI1,0.0443,0.05965,0.0247,0.1215,0.03385164529072241
ENSG00000108231,ENSCDRG00005013999,camelus_dromedarius,28.4,434000.0,Artiodactyla,0.1734,LGI1,0.1734,0.13210000000000002,0.0347,0.6782,0.19414773870546226
ENSG00000108231,ENSCHIG00000019806,capra_hircus,20.8,61000.0,Artiodactyla,0.1079,LGI1,0.1079,0.10445,0.0293,0.307,0.07968023942958227
ENSG00000108231,ENSDLEG00000018604,delphinapterus_leucas,40.0,1430000.0,Cetacea,0.0347,LGI1,0.0347,0.09505,0.0443,0.1416,0.03279726445232218
ENSG00000108231,ENSDORG00000023293,dipodomys_ordii,9.9,57.0,Rodentia,0.1179,LGI1,0.1179,0.12086999999999999,0.0398,0.4495,0.11913281150790399
ENSG00000108231,ENSHGLG00000034142,heterocephalus_glaber_female,31.0,35.0,Rodentia,0.0326,LGI1,0.0326,0.0514,0.0263,0.0863,0.024143276036565086
ENSG00000108231,ENSG00000108231,homo_sapiens,122.5,62035.0,Primates,0.0307,LGI1,0.0307,0.056810000000000006,0.0342,0.0813,0.015067511038286612
ENSG00000108231,ENSMFAG00000037131,macaca_fascicularis,39.0,6362.5,Primates,0.0229,LGI1,0.0229,0.041960000000000004,0.0215,0.0743,0.018090156930711733
ENSG00000108231,ENSMMUG00000001825,macaca_mulatta,40.0,8235.0,Primates,0.0288,LGI1,0.0288,0.06583000000000001,0.0267,0.1759,0.05734058190612765
ENSG00000108231,ENSMNEG00000036411,macaca_nemestrina,37.6,7912.5,Primates,0.0316,LGI1,0.0316,0.036460000000000006,0.0205,0.0557,0.011479953542298563
ENSG00000108231,ENSMICG00000005538,microcebus_murinus,18.2,64.8,Primates,0.0987,LGI1,0.0987,0.08659000000000001,0.0398,0.1685,0.04397121406860023
ENSG00000108231,ENSMOCG00000022416,microtus_ochrogaster,5.3,40.0,Rodentia,0.1579,LGI1,0.1579,0.06622000000000001,0.0347,0.181,0.04244433740533332
ENSG00000108231,ENSMMNG00015017034,monodon_monoceros,50.0,1250000.0,Cetacea,0.0187,LGI1,0.0187,0.0688,0.0316,0.1317,0.029573449052974682
ENSG00000108231,ENSMUSG00000067242,mus_musculus,4.0,20.5,Rodentia,0.071,LGI1,0.071,0.08099999999999999,0.0417,0.1673,0.03541929794147065
ENSG00000108231,ENSNLEG00000012889,nomascus_leucogenys,44.1,6000.0,Primates,0.0293,LGI1,0.0293,0.08485000000000001,0.0352,0.1889,0.052988054209311075
ENSG00000108231,ENSOANG00000038479,ornithorhynchus_anatinus,22.6,1250.0,Monotremata,0.062,LGI1,0.062,0.29891,0.0592,1.2596,0.4205717786537751
ENSG00000108231,ENSOARG00020082177,ovis_aries,22.8,80000.0,Artiodactyla,0.0777,LGI1,0.0777,0.09380999999999999,0.0592,0.1317,0.028799785878833663
ENSG00000108231,ENSPPAG00000035614,pan_paniscus,55.0,39925.0,Primates,0.0232,LGI1,0.0232,0.05116,0.0263,0.1568,0.04038347296715438
ENSG00000108231,ENSPTRG00000002771,pan_troglodytes,68.0,44983.5,Primates,0.0176,LGI1,0.0176,0.07732,0.0247,0.1785,0.052476318468429164
ENSG00000108231,ENSPLOG00000011601,panthera_leo,28.0,175000.0,Carnivora,0.0114,LGI1,0.0114,0.032240000000000005,0.0133,0.0789,0.018249152187308746
ENSG00000108231,ENSPCIG00000013336,phascolarctos_cinereus,22.1,9300.0,Diprotodontia,0.2014,LGI1,0.2014,0.12811999999999998,0.0601,0.227,0.06250924909341193
ENSG00000108231,ENSPCTG00005022126,physeter_catodon,77.0,28500000.0,Cetacea,0.0267,LGI1,0.0267,0.09829,0.0437,0.2485,0.05974929939152239
ENSG00000108231,ENSRNOG00000014758,rattus_norvegicus,3.8,300.0,Rodentia,0.061,LGI1,0.061,0.10023,0.0423,0.1649,0.044605681003407824
ENSG00000108231,ENSRFEG00010010383,rhinolophus_ferrumequinum,30.5,22.875,Chiroptera,0.0549,LGI1,0.0549,0.10595000000000002,0.0592,0.1944,0.03811710756194506
ENSG00000108231,ENSRROG00000026424,rhinopithecus_roxellana,29.5,14750.0,Primates,0.0592,LGI1,0.0592,0.10095000000000001,0.0302,0.5674,0.16556192698403419
ENSG00000108231,ENSSHAG00000016464,sarcophilus_harrisii,13.0,6500.0,Dasyuromorphia,0.3806,LGI1,0.3806,0.07483999999999999,0.0225,0.345,0.09612935960349353
ENSG00000108231,ENSSVLG00005000690,sciurus_vulgaris,14.8,600.0,Rodentia,0.0411,LGI1,0.0411,0.14536999999999997,0.0369,0.4287,0.1155444604182015
ENSG00000108231,ENSSSCG00000010481,sus_scrofa,27.0,130000.0,Artiodactyla,0.0863,LGI1,0.0863,0.12638,0.085,0.1747,0.030738097967614498
ENSG00000108231,ENSUMAG00000003989,ursus_maritimus,43.8,475000.0,Carnivora,0.0243,LGI1,0.0243,0.06459999999999999,0.0222,0.1785,0.04568897265448439
ENSG00000108231,ENSVVUG00000022494,vulpes_vulpes,21.3,4131.7,Carnivora,0.0352,LGI1,0.0352,0.09607000000000002,0.0263,0.5565,0.1628882101319798
ENSG00000154930,ENSBMSG00010012293,balaenoptera_musculus,110.0,136000000.0,Cetacea,3.258,ACSS1,3.258,0.34598000000000007,0.1534,0.6235,0.15999111642004793
ENSG00000154930,ENSBGRG00000008277,bos_grunniens,26.3,667000.0,Artiodactyla,2.1822,ACSS1,2.1822,0.78206,0.307,1.7399,0.42006979631696656
ENSG00000154930,ENSCJAG00000011837,callithrix_jacchus,22.8,255.2,Primates,1.7982,ACSS1,1.7982,0.20108,0.1386,0.3228,0.06170728031962228
ENSG00000154930,ENSCHIG00000021744,capra_hircus,20.8,61000.0,Artiodactyla,1.7657,ACSS1,1.7657,0.8153599999999999,0.3091,1.9839,0.5153379262408525
ENSG00000154930,ENSCPOG00000021704,cavia_porcellus,12.0,728.0,Rodentia,1.2097,ACSS1,1.2097,0.9794099999999999,0.4126,1.8047,0.39281600004186296
ENSG00000154930,ENSCLAG00000012190,chinchilla_lanigera,17.2,642.5,Rodentia,2.3079,ACSS1,2.3079,1.27595,0.5129,2.3927,0.5361854079203077
ENSG00000154930,ENSDNOG00000011785,dasypus_novemcinctus,22.3,5500.0,Cingulata,2.8267,ACSS1,2.8267,0.1707,0.0987,0.2192,0.03596708371707541
ENSG00000154930,ENSDLEG00000004910,delphinapterus_leucas,40.0,1430000.0,Cetacea,3.6057,ACSS1,3.6057,0.5713699999999999,0.285,1.1475,0.2979708227699857
ENSG00000154930,ENSG00000154930,homo_sapiens,122.5,62035.0,Primates,2.9447,ACSS1,2.9447,0.22414,0.0789,0.5004,0.12067618010379863
ENSG00000154930,ENSSTOG00000005944,ictidomys_tridecemlineatus,7.9,172.7,Rodentia,1.3944,ACSS1,1.3944,0.6233500000000001,0.1685,1.9704,0.5276303593531281
ENSG00000154930,ENSMFAG00000003063,macaca_fascicularis,39.0,6362.5,Primates,3.8496,ACSS1,3.8496,0.32538,0.1889,0.4667,0.10657997310314292
ENSG00000154930,ENSMMUG00000020597,macaca_mulatta,40.0,8235.0,Primates,3.5298,ACSS1,3.5298,0.29754,0.1269,0.4453,0.09704123064164244
ENSG00000154930,ENSMNEG00000042557,macaca_nemestrina,37.6,7912.5,Primates,3.5905,ACSS1,3.5905,0.32584,0.1534,0.54,0.11861159958265279
ENSG00000154930,ENSMODG00000006345,monodelphis_domestica,5.1,105.0,Didelphimorphia,0.9333,ACSS1,0.9333,0.21688000000000002,0.0486,0.6158,0.17058744124674333
ENSG00000154930,ENSMMNG00015013713,monodon_monoceros,50.0,1250000.0,Cetacea,3.0933,ACSS1,3.0933,0.38947,0.2014,0.6025,0.14607947646553382
ENSG00000154930,ENSMUSG00000027452,mus_musculus,4.0,20.5,Rodentia,0.7633,ACSS1,0.7633,0.11236000000000002,0.0583,0.2662,0.059328954894628715
ENSG00000154930,ENSODEG00000010733,octodon_degus,14.0,235.0,Rodentia,1.7593,ACSS1,1.7593,1.1501100000000002,0.3218,2.5213,0.6003507612684068
ENSG00000154930,ENSOANG00000003805,ornithorhynchus_anatinus,22.6,1250.0,Monotremata,3.3634,ACSS1,3.3634,0.20512000000000002,0.0347,0.9273,0.27041440132589917
ENSG00000154930,ENSOGAG00000008498,otolemur_garnettii,20.0,1300.0,Primates,3.4843,ACSS1,3.4843,0.42112000000000005,0.2057,1.0845,0.2782787243833859
ENSG00000154930,ENSOARG00020057812,ovis_aries,22.8,80000.0,Artiodactyla,1.5508,ACSS1,1.5508,0.9808900000000002,0.2417,2.1961,0.62873978798864
ENSG00000154930,ENSPTRG00000013336,pan_troglodytes,68.0,44983.5,Primates,2.7533,ACSS1,2.7533,0.33079000000000003,0.1326,0.7844,0.2078891876296921
ENSG00000154930,ENSPLOG00000000456,panthera_leo,28.0,175000.0,Carnivora,2.812,ACSS1,2.812,0.11952,0.0549,0.41,0.1054629034305428
ENSG00000154930,ENSPCIG00000025166,phascolarctos_cinereus,22.1,9300.0,Diprotodontia,1.8837,ACSS1,1.8837,0.4827100000000001,0.2755,0.8117,0.1928540694699262
ENSG00000154930,ENSRNOG00000007102,rattus_norvegicus,3.8,300.0,Rodentia,1.036,ACSS1,1.036,0.33809999999999996,0.1545,0.7229,0.1754709979202008
ENSG00000154930,ENSRFEG00010012326,rhinolophus_ferrumequinum,30.5,22.875,Chiroptera,1.557,ACSS1,1.557,0.10483,0.0443,0.227,0.05971610707710646
ENSG00000154930,ENSRROG00000043161,rhinopithecus_roxellana,29.5,14750.0,Primates,2.6949,ACSS1,2.6949,0.44776999999999995,0.259,0.6866,0.13577923298911035
ENSG00000154930,ENSSHAG00000004290,sarcophilus_harrisii,13.0,6500.0,Dasyuromorphia,0.5674,ACSS1,0.5674,0.18839,0.0743,0.5632,0.17591575919551192
ENSG00000154930,ENSSVLG00005012262,sciurus_vulgaris,14.8,600.0,Rodentia,1.6004,ACSS1,1.6004,0.3659,0.1626,0.5742,0.15264215232584566
ENSG00000154930,ENSSSCG00000007133,sus_scrofa,27.0,130000.0,Artiodactyla,2.7387,ACSS1,2.7387,0.34951,0.1579,0.6267,0.1680826942641958
ENSG00000154930,ENSVURG00010016164,vombatus_ursinus,30.0,25500.0,Diprotodontia,1.7335,ACSS1,1.7335,0.2578,0.1095,0.6042,0.1633238772772949
ENSG00000126775,ENSBMSG00010005829,balaenoptera_musculus,110.0,136000000.0,Cetacea,1.4477,ATG14,1.4477,0.6448999999999999,0.2101,1.1105,0.27030135856936505
ENSG00000126775,ENSBGRG00000003787,bos_grunniens,26.3,667000.0,Artiodactyla,1.6696,ATG14,1.6696,0.3908,0.0944,0.9285,0.27963197242089466
ENSG00000126775,ENSCJAG00000018362,callithrix_jacchus,22.8,255.2,Primates,2.0858,ATG14,2.0858,0.37864,0.0973,1.2345,0.32949012192240973
ENSG00000126775,ENSCDRG00005002589,camelus_dromedarius,28.4,434000.0,Artiodactyla,1.6633,ATG14,1.6633,0.79861,0.3228,1.4239,0.39449126296479053
ENSG00000126775,ENSCHIG00000015773,capra_hircus,20.8,61000.0,Artiodactyla,1.6823,ATG14,1.6823,0.9716100000000001,0.5184,1.957,0.43580504675574583
ENSG00000126775,ENSCPOG00000001010,cavia_porcellus,12.0,728.0,Rodentia,3.258,ATG14,3.258,0.41276,0.1179,0.8947,0.2836068609105844
ENSG00000126775,ENSDLEG00000006979,delphinapterus_leucas,40.0,1430000.0,Cetacea,1.371,ATG14,1.371,0.21503,0.0549,0.7542,0.19593959414971635
ENSG00000126775,ENSHGLG00000001414,heterocephalus_glaber_female,31.0,35.0,Rodentia,2.55,ATG14,2.55,0.75058,0.2662,1.2905,0.3412404880237201
ENSG00000126775,ENSG00000126775,homo_sapiens,122.5,62035.0,Primates,1.4298,ATG14,1.4298,0.62694,0.1346,1.3593,0.34665937235915667
ENSG00000126775,ENSLAFG00000017293,loxodonta_africana,65.0,4800000.0,Proboscidea,1.0871,ATG14,1.0871,0.32584,0.0876,0.7457,0.19855663731596138
ENSG00000126775,ENSMFAG00000045831,macaca_fascicularis,39.0,6362.5,Primates,1.7528,ATG14,1.7528,0.4971399999999999,0.1063,1.001,0.2977105200992699
ENSG00000126775,ENSMMUG00000065022,macaca_mulatta,40.0,8235.0,Primates,1.5632,ATG14,1.5632,0.30588,0.1215,0.5507,0.15888910038835963
ENSG00000126775,ENSMNEG00000031609,macaca_nemestrina,37.6,7912.5,Primates,1.3477,ATG14,1.3477,0.7781899999999999,0.2519,1.3651,0.3701875814292593
ENSG00000126775,ENSMICG00000000939,microcebus_murinus,18.2,64.8,Primates,2.0653,ATG14,2.0653,0.54478,0.2417,1.1475,0.3170545021496041
ENSG00000126775,ENSMODG00000007529,monodelphis_domestica,5.1,105.0,Didelphimorphia,2.2658,ATG14,2.2658,0.11371,0.0358,0.3745,0.1011152966777145
ENSG00000126775,ENSMMNG00015017545,monodon_monoceros,50.0,1250000.0,Cetacea,1.2317,ATG14,1.2317,0.35880999999999996,0.1251,0.7649,0.21336702051733406
ENSG00000126775,ENSMUSG00000037526,mus_musculus,4.0,20.5,Rodentia,2.4211,ATG14,2.4211,1.07273,0.5263,2.1407,0.44795886232257226
ENSG00000126775,ENSMLUG00000004893,myotis_lucifugus,34.0,10.0,Chiroptera,1.4537,ATG14,1.4537,0.8944300000000001,0.3382,1.7014,0.4230306478258992
ENSG00000126775,ENSOANG00000036379,ornithorhynchus_anatinus,22.6,1250.0,Monotremata,1.9906,ATG14,1.9906,0.29025,0.1944,0.4951,0.08705320531465545
ENSG00000126775,ENSOARG00020056831,ovis_aries,22.8,80000.0,Artiodactyla,1.6192,ATG14,1.6192,1.00975,0.5963,1.7142,0.3306604443298963
ENSG00000126775,ENSPTRG00000006375,pan_troglodytes,68.0,44983.5,Primates,1.6129,ATG14,1.6129,0.49235999999999996,0.285,0.8134,0.1539159814097722
ENSG00000126775,ENSPLOG00000004138,panthera_leo,28.0,175000.0,Carnivora,1.5019,ATG14,1.5019,0.61628,0.1416,1.254,0.40398986730967507
ENSG00000126775,ENSPCIG00000024411,phascolarctos_cinereus,22.1,9300.0,Diprotodontia,2.322,ATG14,2.322,0.48911999999999994,0.1614,0.8854,0.2780584303103696
ENSG00000126775,ENSRNOG00000011873,rattus_norvegicus,3.8,300.0,Rodentia,2.4782,ATG14,2.4782,1.11465,0.6109,1.9704,0.4709907695486186
ENSG00000126775,ENSRFEG00010000977,rhinolophus_ferrumequinum,30.5,22.875,Chiroptera,2.0584,ATG14,2.0584,0.76644,0.2988,1.1689,0.2490885839749921
ENSG00000126775,ENSRROG00000033562,rhinopithecus_roxellana,29.5,14750.0,Primates,1.9637,ATG14,1.9637,0.7509000000000001,0.2177,1.7722,0.5525066535547081
ENSG00000126775,ENSSHAG00000008798,sarcophilus_harrisii,13.0,6500.0,Dasyuromorphia,2.4069,ATG14,2.4069,0.23468999999999998,0.0524,0.6577,0.20345548489370674
ENSG00000126775,ENSSVLG00005004233,sciurus_vulgaris,14.8,600.0,Rodentia,1.4777,ATG14,1.4777,0.40342,0.1048,0.9309,0.27427367435545913
ENSG00000126775,ENSSSCG00000005058,sus_scrofa,27.0,130000.0,Artiodactyla,1.8969,ATG14,1.8969,0.8136699999999999,0.2207,2.3079,0.6223139169440309
ENSG00000126775,ENSVURG00010017599,vombatus_ursinus,30.0,25500.0,Diprotodontia,0.5582,ATG14,0.5582,0.47811999999999993,0.1944,0.9608,0.2318327931937154
