human_gene_id,gene_name,gene_id,ensembl_species,anage_name,anage_common_name,anage_order,max_longevity_yrs,adult_weight_g,expression_log_tpm,sequence_sha256,request_hash
ENSG00000055813,CCDC85A,ENSAMEG00000003685,ailuropoda_melanoleuca,Ailuropoda melanoleuca,Giant panda,Carnivora,36.8,117500.0,2.3502,ade2ce3a2ababf43d2f74e9754e2d3c51ef061088a6ff42ee74af19d1cde5f76,2ff3450530e8b61eeddc6421b6dd97fed75400affae9eaa2f2645277d6845183
ENSG00000055813,CCDC85A,ENSBMSG00010018948,balaenoptera_musculus,Balaenoptera musculus,Blue whale,Cetacea,110.0,136000000.0,1.2512,28c38b1064392bb98ca8454c2303f2b12e4e169c92d872f6cc4d65040044f312,aa230007fdd2d2760b93c988fe61f4525b25597db07ff40e14bc0df43403a11c
ENSG00000055813,CCDC85A,ENSBGRG00000005833,bos_grunniens,Bos grunniens,Yak,Artiodactyla,26.3,667000.0,0.3029,32783673d4669eae8a3c47c776593f27a45cdce36114c093f664ee56382431f9,af0435ca471e18387389bb25ec362a091a5305ff26ad3377d5f63cd0922d3722
ENSG00000055813,CCDC85A,ENSCJAG00000009663,callithrix_jacchus,Callithrix jacchus,White-tufted-ear marmoset,Primates,22.8,255.2,0.5832,213af88f1a7c0e70ccd9e42d4af5cbd173e43c717eb9a73bd2b009ac2b2f6ad9,32968cc5e515d4b26f8298650643c01acadde7f9d839385d52bce130618de2ee
ENSG00000055813,CCDC85A,ENSCHIG00000016770,capra_hircus,Capra hircus,Domestic goat,Artiodactyla,20.8,61000.0,0.5998,c38bfda412e22303d607a6b25dc6cfc6bde5eef6e00019b8b3f19aea87c810e1,bb3c635e7351985e53856eec2cd5ffda177c86b743fce50fbcf2b169247e4b30
ENSG00000055813,CCDC85A,ENSDLEG00000018123,delphinapterus_leucas,Delphinapterus leucas,Beluga,Cetacea,40.0,1430000.0,2.038,d4354080aaa92bb1afffdcae251b0c8d9c0beb06c299ed93287c67d58df265d8,d4ff198d0631bce15ba7a09ab781d0a4330d385122aa877b812a1c8a0e7a9d08
ENSG00000055813,CCDC85A,ENSHGLG00000006824,heterocephalus_glaber_female,Heterocephalus glaber,Naked mole-rat,Rodentia,31.0,35.0,0.2968,445d68d27d56df82276f27f2017b79ec089b01f1c38ad8ef24311da7170718b0,c32feaba906de7d7ceae33bc511e9be7eeae921dc4ce7bc1b701faba848e2ced
ENSG00000055813,CCDC85A,ENSG00000055813,homo_sapiens,Homo sapiens,Human,Primates,122.5,62035.0,1.1184,8d4ab0c44ec490b83485627105c72eb7a69e55806df8584e49aaafc14d1a580d,cc3cfde399900b29f2530133348b82d23adfdb5564ffc258cb6fc029f80e3aa8
ENSG00000055813,CCDC85A,ENSSTOG00000026098,ictidomys_tridecemlineatus,Ictidomys tridecemlineatus,Thirteen-lined ground squirrel,Rodentia,7.9,172.7,0.1346,b98db0b048ce1d0680dfe47a55f0616d10043d626738709977b6edae4b1b6115,3828495ee13ec8706c6048c6ba049f748cb69867670e7e2bd68ec415093816b1
ENSG00000055813,CCDC85A,ENSMFAG00000044378,macaca_fascicularis,Macaca fascicularis,Long-tailed macaque,Primates,39.0,6362.5,0.755,fff14f154718ce0a61f30dfa1408a276a443241fc7131b0eaa65833b34ebfe50,852800ed6a40d90c23dfd3bbad54bf09b379de9a54ccf7acb5aff24451587853
ENSG00000055813,CCDC85A,ENSMMUG00000015888,macaca_mulatta,Macaca mulatta,Rhesus monkey,Primates,40.0,8235.0,0.7072,77c9e2d7fc676bb689cbe203c797291b40823aa5ef17fc68b66a41e803e34c84,9b477226696a97e1dc47f86efbad657eac19f0ac75d1d44e83528799731b2863
ENSG00000055813,CCDC85A,ENSMNEG00000041770,macaca_nemestrina,Macaca nemestrina,"Southern pig-tailed macaque, or Pigtail macaque",Primates,37.6,7912.5,0.7386,6f61af88e5ceed82c266a4a86f5ad6c53dffe5f14d917b979d1b6386a49a6ddc,97d153c5f888dd4d9b31ca7470d85e2e38814a09db784ba7f212c69a97a1c8dc
ENSG00000055813,CCDC85A,ENSMICG00000029777,microcebus_murinus,Microcebus murinus,Gray mouse lemur,Primates,18.2,64.8,0.4233,aa6cff7f94a2c04dc340484460eefa2153f77b232895bc92e95082e84ea13e7b,816b2c5f7ca94e468bdf879b8ff7bb3ace6695207f2729b6bebcbf442260f841
ENSG00000055813,CCDC85A,ENSMODG00000002041,monodelphis_domestica,Monodelphis domestica,Gray short-tailed opossum,Didelphimorphia,5.1,105.0,0.2812,22df8b41a6ed8eacfeb4059cfaa914718c6165db5ff2d21200b6079377b83d16,2837921502e479ef6635e48c441672a3bcd406a1242775b6964d428360532a18
ENSG00000055813,CCDC85A,ENSMMNG00015009675,monodon_monoceros,Monodon monoceros,Narwhal,Cetacea,50.0,1250000.0,1.957,24583be22ebf5fe1161c8674c5a69370ad05d2a630dc181fd1b358efd1e25f32,f6c2d86dabec2cbfa3dd646db4f65a6d1d58d6434b146db6aab3c60db91dacd9
ENSG00000055813,Ccdc85a,ENSMUSG00000032878,mus_musculus,Mus musculus,House mouse,Rodentia,4.0,20.5,0.0541,6d637645e01b4e3164deb47b4531ccdc1c2bde7935d55e31948d903496e4416e,cf369afac8d943eb52cd31d60c92a9085996a2b60fca3c3b8114d025eb8ee3b6
ENSG00000055813,Ccdc85a,ENSMSIG00000016517,mus_spicilegus,Mus spicilegus,Mound-building mouse,Rodentia,3.5,19.9,0.0689,a9300646fb2f475497ee873673ae7016c51184811b41822ac90ad26083b59544,456cd746f0470c67351bd8ed30c114e5989cfbfff628fea69068d4a3e4baf993
ENSG00000055813,Ccdc85a,ENSODEG00000012025,octodon_degus,Octodon degus,Degu,Rodentia,14.0,235.0,0.8392,0f9402253e9bcd72a2dc74c9c7801d31c4189c30bbddd80a10c56f3b4920ec4a,b464c2ae0d1a7b3e4269952f0ac877375711a9e2d78cf91a0e6ea075ead12784
ENSG00000055813,CCDC85A,ENSOANG00000011176,ornithorhynchus_anatinus,Ornithorhynchus anatinus,Duck-billed platypus,Monotremata,22.6,1250.0,1.0309,86fdf509a2e6ed66ce8c318bbdbfd1da6dff4b8979de8b7a8fec3a29365e6d1e,57562afe3b4c961738825aaa071440350e03f18e343b0d159dbf1a6457dfc7c5
ENSG00000055813,CCDC85A,ENSOARG00020082523,ovis_aries,Ovis aries,"Domestic sheep, or Mouflon",Artiodactyla,22.8,80000.0,0.6918,512b13b1f8646e171f23d4ee1eca96e2cb1da23cf3d1ad22d5cd105253b29a21,b32ef142d9586d05feb25da50fa168e9ce3cbe8ac9092fce18b1457b1cc6cb94
ENSG00000055813,CCDC85A,ENSPTRG00000011940,pan_troglodytes,Pan troglodytes,Chimpanzee,Primates,68.0,44983.5,0.8031,7b83fd5c72008d6c948906c41e56a95a76d07f422b8b3b7e1784178bdc4f13d1,a4dfa3f2389c5e6c5e204afb6da6eacd40cd25b654271a2bbf42a0b96f551ef1
ENSG00000055813,CCDC85A,ENSPLOG00000001494,panthera_leo,Panthera leo,Lion,Carnivora,28.0,175000.0,0.3207,b64480f82ae9c7a17e3977df17105194dd4f565a93fef1670b8c710099b6c6d1,a3589edfc4b56781703dc3ba28ab59f08c183834ef805085a86a232f875b4804
ENSG00000055813,CCDC85A,ENSPCIG00000010231,phascolarctos_cinereus,Phascolarctos cinereus,Koala,Diprotodontia,22.1,9300.0,0.2417,c8fec7817ceed533124b0a2198a0c0ab4163c1067153af948cc4231b235355ad,feabc642b9e60bef50f59e3ec8999e5b0da2c84acaf49e33f7b73b2ba9f0a136
ENSG00000055813,Ccdc85a,ENSRNOG00000003374,rattus_norvegicus,Rattus norvegicus,Norway rat,Rodentia,3.8,300.0,0.0777,f73cf545ac9118d0cda31a925a3a99998cfb8afec7c75df81635388a33962708,4ef970ec98faaeb54ac13d434c0e817ed71530fddb257b0afc7e997f56833ddf
ENSG00000055813,CCDC85A,ENSRFEG00010010546,rhinolophus_ferrumequinum,Rhinolophus ferrumequinum,Greater horseshoe bat,Chiroptera,30.5,22.875,0.4246,245df950f912d1ef2419677c0dcc38ab73fc82d8d8831e917e4841390355bdf2,6409177cfeab753438a83c72bed172cffa9e3a8cbe87f7777483e320e0c8f9b1
ENSG00000055813,CCDC85A,ENSRROG00000024655,rhinopithecus_roxellana,Rhinopithecus roxellana,Golden snub-nosed monkey,Primates,29.5,14750.0,0.6113,bc948dae0b8022767c724b91ded6db792cd71f83f92e2fb35c903266e3b718ac,848a69cc91947e061e81df10ad34391ca7108303a24b1e880153e8ee428ebb0c
ENSG00000055813,CCDC85A,ENSSHAG00000009530,sarcophilus_harrisii,Sarcophilus harrisii,Tasmanian devil,Dasyuromorphia,13.0,6500.0,0.1437,f34f6162e8b6af7ededff72ac1d8991c1e1f08752c0afc5b86d16d5861e87034,96942d4afb17585d23bbac0c76e17655da5035ad19ab3a71de88c2d2c50850c5
ENSG00000055813,CCDC85A,ENSSVLG00005024681,sciurus_vulgaris,Sciurus vulgaris,Eurasian red squirrel,Rodentia,14.8,600.0,0.2101,a3fafa1aed4ad3c494c38708746e65b3402600d6ec24a5da5375546fd72d7177,216a934e08352cee9bf7dc3b2e9f8c57a36900d78c118bc697af18ccb3960895
ENSG00000055813,CCDC85A,ENSSSCG00000008396,sus_scrofa,Sus scrofa,Wild boar,Artiodactyla,27.0,130000.0,0.6376,b08aa210a9367602a205fc0652982964bf519021c428586a5d267959c00a66b3,454c42a98a8e37143c0029e22de2bd3faf5182b4004ab8755c97b4d502f7f325
ENSG00000055813,CCDC85A,ENSVURG00010013878,vombatus_ursinus,Vombatus ursinus,Coarse-haired wombat,Diprotodontia,30.0,25500.0,0.1889,ca414fb67e986e569507fa96f3c9274b991a61b376ee956c34b3fb8bdd56a4c8,a5a9f4e81b33bd508e6df35ed6293ef5c7dac01caaf994e4b7d5d175552092b6
ENSG00000100439,ABHD4,ENSBMSG00010010078,balaenoptera_musculus,Balaenoptera musculus,Blue whale,Cetacea,110.0,136000000.0,2.6804,2e0f8fcad5e8d96902b8215075a38133338edbb7579ab1164437364df0eb30d7,998ed442443fdfd49a20ecd3584eda8a04a44c7ac4c4ea7730b6612ad478c2b8
ENSG00000100439,ABHD4,ENSBGRG00000008271,bos_grunniens,Bos grunniens,Yak,Artiodactyla,26.3,667000.0,3.0486,95e16d4648ae0b6f09b9e1518f4e5f892fed06b35b1a8f408b75a7c7477b540e,4bf97906ca861f4ce1f6738a04048dc023eab9d3b6e1cad10ec8236fe5671978
ENSG00000100439,ABHD4,ENSCJAG00000008681,callithrix_jacchus,Callithrix jacchus,White-tufted-ear marmoset,Primates,22.8,255.2,3.258,11162cd9c4380d99df844bcfd01451c2d0931728e6d90490a4f0b4cd9586e56c,c0152924a88ede600a32589118c2a483e4e6209221433349b213aa5fda59feb6
ENSG00000100439,ABHD4,ENSCHIG00000005601,capra_hircus,Capra hircus,Domestic goat,Artiodactyla,20.8,61000.0,3.0486,c2b6b049df9be9f4335ca4d0af09fa452d104ee33445c1393cba32eb1693a2bc,c71dd189f141a14c850c6fd54e2be2224033def1b1596fc616bf324d12391a75
ENSG00000100439,ABHD4,ENSCPOG00000000850,cavia_porcellus,Cavia porcellus,Guinea pig,Rodentia,12.0,728.0,3.5601,d9c40f3a41810b9445488c0d90d16f99e9868c996242b7af41673c9430af43d4,aecaa4d2d6e29f57176db1569e1f527df2aa54bc5c58d531e1d14fbaa8980c2c
ENSG00000100439,ABHD4,ENSCLAG00000012500,chinchilla_lanigera,Chinchilla lanigera,Long-tailed chinchilla,Rodentia,17.2,642.5,3.2279,9ee7de99b5efb430e614f5235ab1d93112635cfb34e3622ecebad7d3adae820d,15744c0541fdd3690f6ecafcf0efebc024788bd660ae7f72c71e1341fa576e5f
ENSG00000100439,ABHD4,ENSDLEG00000010554,delphinapterus_leucas,Delphinapterus leucas,Beluga,Cetacea,40.0,1430000.0,2.5789,a40361ee0b6a88f61ee374713fb6e8e32736a7b2e8151926996948dca4669110,347b8109578a621c61d1e3b4e2472d98534a26bcede621cb95af3a51b3eb05cd
ENSG00000100439,ABHD4,ENSG00000100439,homo_sapiens,Homo sapiens,Human,Primates,122.5,62035.0,2.8561,0fd09c1fadcfc68cf8a332ad46ea4b4c1009d8a71749f232e0d667ff8e74693a,fcc1db0ca6ff06f5aea73326c8ec569fc9d8ca7a8086470eff925bfbcafb4142
ENSG00000100439,ABHD4,ENSLAFG00000000661,loxodonta_africana,Loxodonta africana,African bush elephant,Proboscidea,65.0,4800000.0,2.8561,487f0617a2ec9f52d39f4130cd4331acd2178c2038500201500fca722ee9cfe5,36a6d8e7e641eb6b42b428980ae2560fd3c729de5a32f92ada54a94a484bc373
ENSG00000100439,ABHD4,ENSMFAG00000001529,macaca_fascicularis,Macaca fascicularis,Long-tailed macaque,Primates,39.0,6362.5,2.9447,f85bd0eea585fe3ae89e713972d5b9e80363d856721c165ea664f540186ac665,d8d02bcbc367245091233074f8b80bfdc1f7d02ca8b1b916a28cbf0256494e3a
ENSG00000100439,ABHD4,ENSMMUG00000009441,macaca_mulatta,Macaca mulatta,Rhesus monkey,Primates,40.0,8235.0,2.9299,c5b5b9e7d6701bbf7c6b3049ae4e613981c54bc84f6a3d560c04ecef1f885e45,ac96897b4a549015edd0ab7821ecda6c3e7cd4716674103cb9810f581f92104e
ENSG00000100439,ABHD4,ENSMNEG00000033846,macaca_nemestrina,Macaca nemestrina,"Southern pig-tailed macaque, or Pigtail macaque",Primates,37.6,7912.5,2.7973,5febb0ff25af155d997b633427fd73d8895d13b45d9398507f7adf1da249652f,4f58a9c82a6338b4c1acee32cc63f54d2047bded668762148ae3f4e6da70b432
ENSG00000100439,ABHD4,ENSMODG00000005609,monodelphis_domestica,Monodelphis domestica,Gray short-tailed opossum,Didelphimorphia,5.1,105.0,3.6513,3ec8ed88c11a914a94ac99c9cc89e5244019afc3eee205871d910ad51b469a3c,c6cf0529c9e4f8e5df39689a3a0323f95493964c3e84ddd2fd2cc220c2fbeadf
ENSG00000100439,ABHD4,ENSMMNG00015010536,monodon_monoceros,Monodon monoceros,Narwhal,Cetacea,50.0,1250000.0,2.6658,b02a75d5592e8e334d28287bdf9b2d1fae8704387fd979d0ee49e07ef2c32181,09a4064735a90d9c896685a4a1451e8020b9176c7977c4864fbe7c9f171d69fb
ENSG00000100439,Abhd4,ENSMUSG00000040997,mus_musculus,Mus musculus,House mouse,Rodentia,4.0,20.5,3.4691,56c5935002678471ee55ab9c25917bf20c376eaf87fa0ac7faffbf82b3feb836,4bfeb538b0b356f810e97da2f055d15ee02b8bc10c194b8606be95fd9699cca2
ENSG00000100439,Abhd4,ENSMSIG00000016112,mus_spicilegus,Mus spicilegus,Mound-building mouse,Rodentia,3.5,19.9,3.7885,ca6171f59582588383891548cc6b92cbd6f8f7707c9c128fd916400755c25382,b821a1788deb06a2b7c194a8cc27c4ffc5453206ee35fd99d5eec6992011caf1
ENSG00000100439,ABHD4,ENSMLUG00000003815,myotis_lucifugus,Myotis lucifugus,Little brown bat,Chiroptera,34.0,10.0,2.9447,84a6aa84929e236acffb845f8401692fc6bc3a42dfda2e35d2444b2b12b4b9ad,de85c1f2ca7a02d0417619df6319a4f82a11bc0bfa78572c6ea35de2d44ae4a2
ENSG00000100439,ABHD4,ENSOANG00000010726,ornithorhynchus_anatinus,Ornithorhynchus anatinus,Duck-billed platypus,Monotremata,22.6,1250.0,3.0933,0080a014d5bc3818dc49718d460e27186a1031dcc2a67e7227891ab95de9b134,af247bee05db35e8677a09d25621c1e062ddbee16d0dd9abbef2c56d22e389f6
ENSG00000100439,ABHD4,ENSOCUG00000014277,oryctolagus_cuniculus,Oryctolagus cuniculus,European rabbit,Lagomorpha,13.0,1800.0,3.5146,0198e74cc6d393b32514e675c3d7045962f4525ce4fee37c01ea3a9dfb6eafae,ccaaf6671d88f76d981f6e5ee7679eeb220475fabdcb98b79823b769fd764b9a
ENSG00000100439,CASTOR2,ENSOARG00020062711,ovis_aries,Ovis aries,"Domestic sheep, or Mouflon",Artiodactyla,22.8,80000.0,3.1231,288979fa073e4b661f028f7d1f99be43bde3e4b1c8a846a67295c5b0e9ca4299,eecc954832fb8db36f0757ab107806e06df6833a3a21bb9e4a42e8ceeacdf8e1
ENSG00000100439,ABHD4,ENSPTRG00000006143,pan_troglodytes,Pan troglodytes,Chimpanzee,Primates,68.0,44983.5,2.7533,b225bb65ca95903fb90638d41f3334c7737aafffc5d1f85f663d1550d6c62e21,d322767cee3ee7fdebf5ff94d78106980707248727517ef2c775f1f280013a11
ENSG00000100439,ABHD4,ENSPLOG00000009213,panthera_leo,Panthera leo,Lion,Carnivora,28.0,175000.0,3.0784,70f48b476cb4baaa8e4c09b03c1373458e83f8f34db0815dc95beaed90a05b8b,4e561077fab8da995b3b27ab9233ce16d4c3db914444e8392153e1cf4e013e68
ENSG00000100439,Abhd4,ENSRNOG00000009244,rattus_norvegicus,Rattus norvegicus,Norway rat,Rodentia,3.8,300.0,2.9299,8a55be6308f788d685052188d98bf5c308c0e74823c3508ddd1e3eed437da46e,a08424e2037a6257fbe01b08ba12160a3fca87e0f654f91349cc4dfa5cb80015
ENSG00000100439,ABHD4,ENSRFEG00010000649,rhinolophus_ferrumequinum,Rhinolophus ferrumequinum,Greater horseshoe bat,Chiroptera,30.5,22.875,2.6513,f4e187b33d48a9b444148d5d3001af447bb18982a64e69ad55d66178acdf938e,f32ad6897ae1cdeb7327d05aedce5b61b2e2f25c96e79da27993e5307210ee69
ENSG00000100439,ABHD4,ENSRROG00000030064,rhinopithecus_roxellana,Rhinopithecus roxellana,Golden snub-nosed monkey,Primates,29.5,14750.0,2.9151,0b93ec5fc58f6bda7321fa1661c7ea751db85bf5feaff270aada1027bc887c18,55e631a7f82bed5591fd6360591ff5a82b4803e1d8c2a0e75c562c206db131f1
ENSG00000100439,ABHD4,ENSSHAG00000010507,sarcophilus_harrisii,Sarcophilus harrisii,Tasmanian devil,Dasyuromorphia,13.0,6500.0,3.3181,a5474c315b8181dcbc6552a38e9a5c3c08febab6cf6dfd27cf43b0609727b650,b091e491f6232f0748ff6bf012fd0fb5aae76ca98a780ffec15c8ee9b037cd97
ENSG00000100439,ABHD4,ENSSVLG00005003510,sciurus_vulgaris,Sciurus vulgaris,Eurasian red squirrel,Rodentia,14.8,600.0,3.2129,8da5b29fc31bb5cb7285e37dbe9312338922e9b307737bc126d1b2e56d9221a2,892375d93fae54a72959fad2f91a817c31520dfe4a2e0691744d7a4488044ba8
ENSG00000100439,ABHD4,ENSSSCG00000002051,sus_scrofa,Sus scrofa,Wild boar,Artiodactyla,27.0,130000.0,3.243,37c585051b1b0a068c75d9013fc016f7731ebaf61c382c955a0c24c24a8dbfc4,8ff225e8e4cc69a18e6695a9b35aa8e1669a7a47255bf111879c1c90183796b5
ENSG00000100439,ABHD4,ENSUMAG00000013975,ursus_maritimus,Ursus maritimus,Polar bear,Carnivora,43.8,475000.0,2.9299,c79af33f19664d49c85481d01041addc2dd49a27adab210b6511a8e7495d618c,7e5dc84c8911849f68bc78fc6b21eb028f590bc48eac2628fc6e5b4c840b53a2
ENSG00000100439,ABHD4,ENSVURG00010020492,vombatus_ursinus,Vombatus ursinus,Coarse-haired wombat,Diprotodontia,30.0,25500.0,3.7122,fa505c2ec00e0fb1b2b8f72b2a02624835b6d2f4fc273dcbbcf28cb1a2007760,2e171700d292b1d437718e399e1558794818628e0b035f46c569c27dbb21d359
ENSG00000108231,LGI1,ENSBMSG00010021984,balaenoptera_musculus,Balaenoptera musculus,Blue whale,Cetacea,110.0,136000000.0,0.0342,95e7977acbe72219358cd11fb8476e885b92a58b12de4cbcdd7ec8a67262ec31,9d2bf273ce3d7a5b0c46a214652526438c2b3f4feda43cb0363f9d5de92e7f80
ENSG00000108231,LGI1,ENSBGRG00000024504,bos_grunniens,Bos grunniens,Yak,Artiodactyla,26.3,667000.0,0.0689,4e6a88584f8d10758c3b0a6efd4d95dfdb623dc18adb82b1d6f09b8d8f126563,06c275d91db7b9d825e5e30c7b3cc893eb3def9e3493244e2cc610967db07371
ENSG00000108231,LGI1,ENSCJAG00000015588,callithrix_jacchus,Callithrix jacchus,White-tufted-ear marmoset,Primates,22.8,255.2,0.0443,29a9a056fae8d8c7b90df22e876e902e669d706475bb3ee383cd0665c40b392e,6b0873cb0eb689bbcc9bf3d2acab89b45450756e2f37d00d4beb2361770bf7eb
ENSG00000108231,LGI1,ENSCDRG00005013999,camelus_dromedarius,Camelus dromedarius,Dromedary,Artiodactyla,28.4,434000.0,0.1734,20d506e5599a4aab6d553b9edd03f9aa0fb61390a50ba6f89076c4990e5f3215,13cdfe0ef1c1e6e62ffcf392b4bd3d11fd74dc9b07f0410831cdfde9c8a0a37b
ENSG00000108231,LGI1,ENSCHIG00000019806,capra_hircus,Capra hircus,Domestic goat,Artiodactyla,20.8,61000.0,0.1079,dc1d6157fcea6e3ce1b0248e0fb25f3cb55033d53522191e9276eab6fe863d55,1d396464733d74fede9c4e7c932c83048e94fa1e5999c6d61ddca74e67c9b1bc
ENSG00000108231,LGI1,ENSDLEG00000018604,delphinapterus_leucas,Delphinapterus leucas,Beluga,Cetacea,40.0,1430000.0,0.0347,dff25b2fbbc82a631f684b58dda8b2a9eb4098db6b3974d3d100b3e02eecfdf3,1668f839e3558f53dd437445439b9cc26e01f963840b56d47b2b119333705571
ENSG00000108231,Lgi1,ENSDORG00000023293,dipodomys_ordii,Dipodomys ordii,Ord's kangaroo rat,Rodentia,9.9,57.0,0.1179,14b61b7596861e7d37e15c33ca7f327ab7d96f76bd86114084a057a31dd4d74a,3066485debf6e6d7c3f894e62058dd23f9068ab7b78c458c83b6325e9d3f2a0f
ENSG00000108231,Lgi1,ENSHGLG00000034142,heterocephalus_glaber_female,Heterocephalus glaber,Naked mole-rat,Rodentia,31.0,35.0,0.0326,4e31109bc284149913f6380a714d79cc2217eaa59891dd2fbe5376ee69f24a17,b9861bccccd9d0213b7c2ed6a269db4593b88ce42efd9700f82265a6ebee1442
ENSG00000108231,LGI1,ENSG00000108231,homo_sapiens,Homo sapiens,Human,Primates,122.5,62035.0,0.0307,bdceb71f6f53870784cd51bed0674eb7ccdc30a6dd96196058cb4ac0f49bbfd8,eef1f495915b11a451a6d1d97c42557ae9191a00b35f5675a12cff6baea71110
ENSG00000108231,LGI1,ENSMFAG00000037131,macaca_fascicularis,Macaca fascicularis,Long-tailed macaque,Primates,39.0,6362.5,0.0229,69bec3e5652ac87eef45e6926ce329bb15aaf021b52245bc747d209ec157ea84,36eb1f03da44ea605a4fec4883660185378ef2d66fe74cedfca3f1be1492ecdf
ENSG00000108231,LGI1,ENSMMUG00000001825,macaca_mulatta,Macaca mulatta,Rhesus monkey,Primates,40.0,8235.0,0.0288,d777ef021c38b0caf1f1e7c8b516c7984cca5dab239dd128791a51981dbbbd6a,deb62477b59a09e025affab5bd0d06fe68eb5e948f32392bb55a89a56aba81f1
ENSG00000108231,LGI1,ENSMNEG00000036411,macaca_nemestrina,Macaca nemestrina,"Southern pig-tailed macaque, or Pigtail macaque",Primates,37.6,7912.5,0.0316,7495c8bbc26628314701d63dfbe1eb5d99e51f4781be19642f36a70d4f25f7bd,ba5b7e0bfc7a31f2ac4ec0f300045d5a71d444c7e3ab35663a299e2bed82020b
ENSG00000108231,LGI1,ENSMICG00000005538,microcebus_murinus,Microcebus murinus,Gray mouse lemur,Primates,18.2,64.8,0.0987,a3c3471e542be986c120fd9a0e2c8fcaca630d76a1563989ac54ac5b0a6b34f8,c3c5211e3acde96f6c1bef0ff2ebf5fac59a8f52c4c534f0fa423e595f9b13d0
ENSG00000108231,Lgi1,ENSMOCG00000022416,microtus_ochrogaster,Microtus ochrogaster,Prairie vole,Rodentia,5.3,40.0,0.1579,43e9e52d33ad2b7730843e75431e246e544ae2f7015f20eb174c70ade9e60b0d,398457247c2af605e11ca3d0114c21e0c9302a5201f4ef340bfe322e90dbb091
ENSG00000108231,LGI1,ENSMMNG00015017034,monodon_monoceros,Monodon monoceros,Narwhal,Cetacea,50.0,1250000.0,0.0187,5a5fd4797367aef4a89fc18477e76c54e11c2f28737c3eddba6a439a1a4773d6,5434e5b19785462d4be0109aacb2368aeef90789025f9eae532cb949267336b9
ENSG00000108231,Lgi1,ENSMUSG00000067242,mus_musculus,Mus musculus,House mouse,Rodentia,4.0,20.5,0.071,3dc57b4bd52907e58b45d9b23407326cef5a4562bafc4c1b74d567e46a070983,e798276d6b7fe19fb5a21fd59f37f6893e7f8ee882814ed45adb88b8295b8c09
ENSG00000108231,LGI1,ENSNLEG00000012889,nomascus_leucogenys,Nomascus leucogenys,"Northern white-cheeked gibbon, or White-cheeked gibbon",Primates,44.1,6000.0,0.0293,c910bf9575713a7037b199fc55d5938aff64922f1f0c3703349c615294ff363a,11a5d68b4c1983898419b17116ff188156d083be8b9846c50c8d800772725157
ENSG00000108231,LGI1,ENSOANG00000038479,ornithorhynchus_anatinus,Ornithorhynchus anatinus,Duck-billed platypus,Monotremata,22.6,1250.0,0.062,f7c870c55a6af4e5b098786234a4e7371858c6ed074af8a73d5e0eabb7b39e0f,526a6d0f82062958f8b5a22d15627e829fc1703a92188930648c7b1770710103
ENSG00000108231,LGI1,ENSOARG00020082177,ovis_aries,Ovis aries,"Domestic sheep, or Mouflon",Artiodactyla,22.8,80000.0,0.0777,213be6662dbdd62d946de014ac4534f5954596452ef4f70738438df0965fbc9c,fd142bb49304d2f55d098ed947e34357e6d4127a3367e62b614f9eb4e64c43dc
ENSG00000108231,LGI1,ENSPPAG00000035614,pan_paniscus,Pan paniscus,"Pygmy chimpanzee, or Bonobo",Primates,55.0,39925.0,0.0232,288435f08074dfa3631aafe9979f5ec949cbacc4b7894796a83847dcafec4241,75479525c10ba2b11fab4be94d8791fe081844ed850f3ec6e11c4a792a6f49bf
ENSG00000108231,LGI1,ENSPTRG00000002771,pan_troglodytes,Pan troglodytes,Chimpanzee,Primates,68.0,44983.5,0.0176,0612c66adfb52d8dbbda6c7faa85067e604d4d45acd294418ab53dc7abb170a1,3158fee0472bd086dfe77191dc03e0bd0a49faa1964bdffefdfaaa58fdd25be7
ENSG00000108231,LGI1,ENSPLOG00000011601,panthera_leo,Panthera leo,Lion,Carnivora,28.0,175000.0,0.0114,d1c45c67090b6ceb071731dfa377235173950cf1bd6eb71d55c4ae0bcb614587,bf6b88eb93d211b3bc7bd433e76891592ccaf41267d8f49c87508214abb32dcc
ENSG00000108231,LGI1,ENSPCIG00000013336,phascolarctos_cinereus,Phascolarctos cinereus,Koala,Diprotodontia,22.1,9300.0,0.2014,3b349354412301e6e329a4953b0c152da61ec18d959ee99cf4d687abd404aa05,57626606cb7509466a19f77a9193aefdc42529e6a47b9c4d1bd1d00c6cc46639
ENSG00000108231,LGI1,ENSPCTG00005022126,physeter_catodon,Physeter macrocephalus,Sperm whale,Cetacea,77.0,28500000.0,0.0267,ecef6a77c36319daf392e131162d59dc8af0e056f0a68e8c3eed71ae98439986,e1f42d96e61d0c210c7f39670f6aa4905129bb7ad891b53d6c6d23b8d6b942d0
ENSG00000108231,Lgi1,ENSRNOG00000014758,rattus_norvegicus,Rattus norvegicus,Norway rat,Rodentia,3.8,300.0,0.061,0ff6c0771243de2f9c0e3aec89d6eaa4f82cdae265fa2b840f4ab49dc3c2987e,9e2f11f0baf15e833b71f1383c35ecc84cba2e5d36e16d736768b07c1aa56337
ENSG00000108231,LGI1,ENSRFEG00010010383,rhinolophus_ferrumequinum,Rhinolophus ferrumequinum,Greater horseshoe bat,Chiroptera,30.5,22.875,0.0549,bd25dc2441729cd669f496807683fad8979893fb4b80c783c0a37fd67b8ce8e2,22dc725fbc0aac9bace7cb576debe2cec5ddf5911ec4161e6ea8d22da8ee54e2
ENSG00000108231,LGI1,ENSRROG00000026424,rhinopithecus_roxellana,Rhinopithecus roxellana,Golden snub-nosed monkey,Primates,29.5,14750.0,0.0592,10fb90242ff7f1006a80016748fb6773fca45e89480f4098f2e001c0015f4fd5,21c77ab12b0af9d7170541c10f3691eef7dd9b1af44e1a60a638ba350bb67967
ENSG00000108231,LGI1,ENSSHAG00000016464,sarcophilus_harrisii,Sarcophilus harrisii,Tasmanian devil,Dasyuromorphia,13.0,6500.0,0.3806,b372303772e5461ca8ed0c9c51de124933dd6b008ae397e83bca102a0279901a,8880039d038369c20d2e3136b524602b75d7f54c5f54e958e3182b227de0ebcd
ENSG00000108231,LGI1,ENSSVLG00005000690,sciurus_vulgaris,Sciurus vulgaris,Eurasian red squirrel,Rodentia,14.8,600.0,0.0411,74d5dabe8422b16513d05504ba941165fdcf23a74e36d850e768e5a06adaa1bd,4613e474abb667a85fcf41747576360ad51fe84f1158ebe8e158f7847f95937a
ENSG00000108231,LGI1,ENSSSCG00000010481,sus_scrofa,Sus scrofa,Wild boar,Artiodactyla,27.0,130000.0,0.0863,32d1347b5792003ff47a87baa4deb6137168e6fda204c825154f923dfaeee371,4c53bf9c41271779eeac9a27995d36564e6833fdd68bb642d413a3b18417318b
ENSG00000108231,LGI1,ENSUMAG00000003989,ursus_maritimus,Ursus maritimus,Polar bear,Carnivora,43.8,475000.0,0.0243,574a3e320a2a1ff20c580fab9fdcc2744ba58ed23dc0662af517acce57728168,c640639380bf15123ac21002029003508d060b6c53baec507a4ed4ec4e0d71b1
ENSG00000108231,LGI1,ENSVVUG00000022494,vulpes_vulpes,Vulpes vulpes,Red fox,Carnivora,21.3,4131.7,0.0352,0b433ab661b2d29f891479bec88cc0e96ffe2bf190081275b543044f9ac90220,77e1b91ea34a632c6fdb2fcc4e3b081910a070e6bc474374e869638f652a497d
ENSG00000126775,ATG14,ENSBMSG00010005829,balaenoptera_musculus,Balaenoptera musculus,Blue whale,Cetacea,110.0,136000000.0,1.4477,9922c4cbd7374171b80b509d92c831fe9ba4acf8b1901cc9c04fdec1b46461e8,772259b934b8d2640f6346a586718b29e1295e4e6ab0c438f63a1b6da13afbca
ENSG00000126775,ATG14,ENSBGRG00000003787,bos_grunniens,Bos grunniens,Yak,Artiodactyla,26.3,667000.0,1.6696,86ce213f5069bee5946dbd30df4d798f7d0022913186241572fb30609e129bb5,7f0a950caeb97cb05e0fcb1f1896b238cd9b50a534076a2119bc5d52d563caef
ENSG00000126775,ATG14,ENSCJAG00000018362,callithrix_jacchus,Callithrix jacchus,White-tufted-ear marmoset,Primates,22.8,255.2,2.0858,ea78660ad5a71ffba0bd281effa634f7a270087c9527d526f288c7214fe08b8c,305c06bb22bb25eabc17689bd9121909622cdaf1bef22ab175b494994d830308
ENSG00000126775,ATG14,ENSCDRG00005002589,camelus_dromedarius,Camelus dromedarius,Dromedary,Artiodactyla,28.4,434000.0,1.6633,7902127c1e5c3ff47532a2cdcf02105d69460b0e4eeb385264a29adab8750750,3ce3b5b9cc7ae79138c48144ee58b8518fe5ea58e417dc2a49e339c3a088b702
ENSG00000126775,ATG14,ENSCHIG00000015773,capra_hircus,Capra hircus,Domestic goat,Artiodactyla,20.8,61000.0,1.6823,05c31f0f8bdbd81f64e8b10d075e584027e9f9d7904603ef5571455b4457e72c,9394ed2be5eb088dcddc0a0926a1aaeb770b03efcf00f7bcf806a7df4549a04a
ENSG00000126775,ATG14,ENSCPOG00000001010,cavia_porcellus,Cavia porcellus,Guinea pig,Rodentia,12.0,728.0,3.258,c3a635b6b10a8484c07d250f5626cc04a14231aee7aa71c5cb8d8bc21ab5ccdf,cc446a316816efe83f48b70c08d29ba044df98ab497beede7712e8770d889977
ENSG00000126775,ATG14,ENSDLEG00000006979,delphinapterus_leucas,Delphinapterus leucas,Beluga,Cetacea,40.0,1430000.0,1.371,9812ef41cceefebdaae4460189b32659d3fe74b2141549470ca93b375a07581d,c32c6b8b341224adc3ac22450db9f6c40b4c19da75c37d510a01ee521f7be65b
ENSG00000126775,ATG14,ENSHGLG00000001414,heterocephalus_glaber_female,Heterocephalus glaber,Naked mole-rat,Rodentia,31.0,35.0,2.55,07b149be1cad3d9e7d8affa844f5f9dfd2c0a14ba6d49ba9e768c7c697a65b54,b69d6f859e99a4853e050a92ef48923f9f54174624ccda21f8bd6904260f8b4c
ENSG00000126775,ATG14,ENSG00000126775,homo_sapiens,Homo sapiens,Human,Primates,122.5,62035.0,1.4298,2f67abb029e2c55734cb53b685e14a63bb1c02a46d48dbc5c5d9206e87aaf470,a4f1e47aa7abdb0d39901511e87fd556f7e17a141e0ba50c30faa69d794738c0
ENSG00000126775,ATG14,ENSLAFG00000017293,loxodonta_africana,Loxodonta africana,African bush elephant,Proboscidea,65.0,4800000.0,1.0871,d83ae98334c9e2f8b4ad2f3aacb97d476c5c5c8da108f89c3f1a912e5a692009,ea0ace3ffe2276aa4eb026d32568db287a3d43bb132bd415d7abf34bc23fc096
ENSG00000126775,ATG14,ENSMFAG00000045831,macaca_fascicularis,Macaca fascicularis,Long-tailed macaque,Primates,39.0,6362.5,1.7528,397063c5a81df221cf89c0413cfa32ad71fb46845b57f5f0e49394ccd9110801,33962402f17571b6b2b59fbd41762be8e7755a1617822a57c92aff1d5a77b65f
ENSG00000126775,ATG14,ENSMMUG00000065022,macaca_mulatta,Macaca mulatta,Rhesus monkey,Primates,40.0,8235.0,1.5632,cf1178cce7fc841ad8df8b3b93f1f09c101c242fee8e362beac5ca38d7cc5f12,84bd9a208a7c24f366bec43ac98c6cc7df3e1d43efd35e12d9f5cf27b455488c
ENSG00000126775,ATG14,ENSMNEG00000031609,macaca_nemestrina,Macaca nemestrina,"Southern pig-tailed macaque, or Pigtail macaque",Primates,37.6,7912.5,1.3477,6a81e98c25582e3b1266e0b8d1bedbb624a2e80f6d713d9e75a2fb0471cc7640,d0fac7fd3bbb9d211a2e1b4362d5d6c1051c2f579d54ebbba7d66d21f710ee1f
ENSG00000126775,ATG14,ENSMICG00000000939,microcebus_murinus,Microcebus murinus,Gray mouse lemur,Primates,18.2,64.8,2.0653,da961e6fc7cc62df606a716f2c318c3aa0eb38771c17eb9832b9a7717872e61d,51e2ed2bcc7f2d7564731a47a05f1329ede78d6945925feb97caa60961ff8e4b
ENSG00000126775,ATG14,ENSMODG00000007529,monodelphis_domestica,Monodelphis domestica,Gray short-tailed opossum,Didelphimorphia,5.1,105.0,2.2658,1fb59fb5ae1b89d5b65f35f10de6410a325149dc874b31f92ff69a0b87fe8c0b,67471078ea6ca87dc81379248426f0448609ca2c05182bacefc82c580279b94e
ENSG00000126775,ATG14,ENSMMNG00015017545,monodon_monoceros,Monodon monoceros,Narwhal,Cetacea,50.0,1250000.0,1.2317,da019abd40117b6fcaf1f3402909dc0f27edf105222abce2d6c26482f2da19dd,1c17cbcb57307c12d7f075972c0c4d4118c47487c486b4cb4d0505d15230b920
ENSG00000126775,Atg14,ENSMUSG00000037526,mus_musculus,Mus musculus,House mouse,Rodentia,4.0,20.5,2.4211,77f4464992c21e2aa33d57bcb5ef469b279fdd48bead3ccb84ad372a992cfb41,8a09e17a0ea841e92d289a489e5306be30460aeafea6eff4636488d205f01015
ENSG00000126775,ATG14,ENSMLUG00000004893,myotis_lucifugus,Myotis lucifugus,Little brown bat,Chiroptera,34.0,10.0,1.4537,6576d2522a986eea2bc392645ad1ea45c3c5a2ca6c6b8d7da9051c1467694d1a,3225376a99c625cd6f823f921e395d58ec9efd89fcbd37b0d2b9dcca00a459c3
ENSG00000126775,ATG14,ENSOANG00000036379,ornithorhynchus_anatinus,Ornithorhynchus anatinus,Duck-billed platypus,Monotremata,22.6,1250.0,1.9906,17b55963caf3c7d462f50f1e63c8e4c7859b629c7fbc7fbf4ce5e700eb714633,0d4a5a68a8f4a512ee8c4b1391467504f3844639da95b9186b174d459721526f
ENSG00000126775,ATG14,ENSOARG00020056831,ovis_aries,Ovis aries,"Domestic sheep, or Mouflon",Artiodactyla,22.8,80000.0,1.6192,aad853e1604665d15428581278268b7e87e6806c17302c0ba532fa46cffce609,8bfdc484cf8afb29026c710aa4bdef58ad5f15f59a6b9ba2d11378b4451d9004
ENSG00000126775,ATG14,ENSPTRG00000006375,pan_troglodytes,Pan troglodytes,Chimpanzee,Primates,68.0,44983.5,1.6129,1a24076eda9c2cb355c7350dca613dfb882c603220fea23d6959a9471eb65aad,687a8896b1b99f909089bd9f9d15d5eee63fd0fdb056f3e5e42316e3af9c0f98
ENSG00000126775,ATG14,ENSPLOG00000004138,panthera_leo,Panthera leo,Lion,Carnivora,28.0,175000.0,1.5019,5e2a9a123951927f02e152a58e315f791ea444457bff067a9479ceee312c4c73,28ea8286b49c34ecbc72daae3cd469480fcae13e1a7689a7c6a73ef267e51465
ENSG00000126775,ATG14,ENSPCIG00000024411,phascolarctos_cinereus,Phascolarctos cinereus,Koala,Diprotodontia,22.1,9300.0,2.322,c45c1253e2eb694435704923f4170239afb77a806fdb52ece30949c64fdf9cf5,8a27d549c86726facf0c9710586ec97042d6b8a8b026707c5f3e23a6348c2195
ENSG00000126775,Atg14,ENSRNOG00000011873,rattus_norvegicus,Rattus norvegicus,Norway rat,Rodentia,3.8,300.0,2.4782,236cc1e440b36fc7129c2fea13cdbc2d2ddccac05465afe3eae8827bc1613c77,263125e056f4b08c2f1095fdcc672b30fb214fc3901ec461b42b38650c0fb0d6
ENSG00000126775,ATG14,ENSRFEG00010000977,rhinolophus_ferrumequinum,Rhinolophus ferrumequinum,Greater horseshoe bat,Chiroptera,30.5,22.875,2.0584,1e8bdfdd38bb5a67eb88fd6b0625747126354a164f3a0004b2a855b09b1df324,87f5dc2686dc85220f7527c67fe19f87452b8ed3c8da9f723fbbdec0be12948f
ENSG00000126775,ATG14,ENSRROG00000033562,rhinopithecus_roxellana,Rhinopithecus roxellana,Golden snub-nosed monkey,Primates,29.5,14750.0,1.9637,7a927a0a888f08ca4ef8977bb93e06f619c181eeee3096347f85a9317db4a881,69c8c8a51bd16847389e69c9ceb41ab3c0c7308e38abce303974614fee6d6a24
ENSG00000126775,ATG14,ENSSHAG00000008798,sarcophilus_harrisii,Sarcophilus harrisii,Tasmanian devil,Dasyuromorphia,13.0,6500.0,2.4069,2a0aad24d48c9c49ffaadff3c5b56db8f07e6acc8c9da14d8a5e33300c9e39b8,058c270e443355f16fbac2be8831a838ca9395280a55f5d3797d9137ac94106d
ENSG00000126775,ATG14,ENSSVLG00005004233,sciurus_vulgaris,Sciurus vulgaris,Eurasian red squirrel,Rodentia,14.8,600.0,1.4777,6b0dcf3e785518eef9d5502e033db22b29866ebe1a65a22ba8cecae76ef67661,44b4ae904af972ab71e749eb8e14deb1921fb992ba95e70fa29d231240e17a53
ENSG00000126775,ATG14,ENSSSCG00000005058,sus_scrofa,Sus scrofa,Wild boar,Artiodactyla,27.0,130000.0,1.8969,b1d847205c995070ff6f02312deeb3e299b57cf21fe41c5882f775fa0ac871a0,a498977bc9c5c60477af26d11b7c811cd69ef29ad72e7bee688e906751df040e
ENSG00000126775,ATG14,ENSVURG00010017599,vombatus_ursinus,Vombatus ursinus,Coarse-haired wombat,Diprotodontia,30.0,25500.0,0.5582,3795c3c59c831b540d7b4577581d7830cf55f85f34844fd79b0b8b75a2c69830,1080f1c28c4cf9ca0000e20e714c7d9814aa61c84868ca97560a52e0f2295065
ENSG00000151790,TDO2,ENSBMSG00010004581,balaenoptera_musculus,Balaenoptera musculus,Blue whale,Cetacea,110.0,136000000.0,5.9713,a3e890b17606b63e1ad8401f76dfbf2d4c2d0541a9a2aa382a4d4eac76e40a16,ef292511596b2591646da12907575938233a704a1f833864dd6383cd8ca09aaa
ENSG00000151790,TDO2,ENSBGRG00000004794,bos_grunniens,Bos grunniens,Yak,Artiodactyla,26.3,667000.0,4.7896,39f2779c7523133f4ad2d3abb03247e96d003728bf95506368ee78bfafc8469f,6351bdf04921183b41c4ef9f7708efaa117449608920ceaeffd92f6ae76f832d
ENSG00000151790,TDO2,ENSCJAG00000001672,callithrix_jacchus,Callithrix jacchus,White-tufted-ear marmoset,Primates,22.8,255.2,4.542,1a91f0f99a7281559afceef49e8b4d069e481ec257a1af339ff70c96f52bfcf3,4812739e5bad1efe0c49d6025f6e2d1191b5151f70e62bd51514f4a1ee1f0bf0
ENSG00000151790,TDO2,ENSCDRG00005006542,camelus_dromedarius,Camelus dromedarius,Dromedary,Artiodactyla,28.4,434000.0,6.1272,0156de63e75e9a361dedd78660801b956ba4428b4800dcd03f2df0a9e2705a60,4a4dd9bfc0a365410b405968bf75426dbdb2ca95565d90a93c63f6934977be1c
ENSG00000151790,TDO2,ENSCHIG00000001171,capra_hircus,Capra hircus,Domestic goat,Artiodactyla,20.8,61000.0,4.2642,f1c892030f72190dde2493d38be0448ee280f6aeb06b601662ecf0338bf4012f,0b4354e788d87007e33efcbff602443f57c517d55a0974bd6e26f6ae85e75730
ENSG00000151790,TDO2,ENSCLAG00000006927,chinchilla_lanigera,Chinchilla lanigera,Long-tailed chinchilla,Rodentia,17.2,642.5,5.3796,545ef6dd3ce48e8cbe607e797d31bc321d6110a48ff46cdf1a1b5ae2495c6516,b6217340a4ed35269702a74d67a29d83e3384ff5d2db705fb0feb2cb1fd61682
ENSG00000151790,TDO2,ENSDLEG00000003401,delphinapterus_leucas,Delphinapterus leucas,Beluga,Cetacea,40.0,1430000.0,5.2241,9b71c542fe2601686eaeae8639f89a3857c6ebbeaf9e327313639d83cf9a278f,26729be081124156f2911a5928eee6cefe25535c800d9d8dad0df976fcf9935d
ENSG00000151790,Tdo2,ENSDORG00000000529,dipodomys_ordii,Dipodomys ordii,Ord's kangaroo rat,Rodentia,9.9,57.0,4.0028,1cbee5b6b5bd2d82ca6cfbbfce4a818d5c61984860268d4713c10bdad73b9f77,6ae90e267947c90f3686fed2a2f0b77004a3ea6f689dea5cd4d70bcbf6c3ced2
ENSG00000151790,TDO2,ENSHGLG00000005283,heterocephalus_glaber_female,Heterocephalus glaber,Naked mole-rat,Rodentia,31.0,35.0,4.4493,e138c653f190b1fae8fb8223b697da67eb0ca9eb8119a022641bae7a44c4cf7f,5c4f02af6db519d13768f4a06cb9729e42865bfaa86317da3aef077dd6aa6278
ENSG00000151790,TDO2,ENSG00000151790,homo_sapiens,Homo sapiens,Human,Primates,122.5,62035.0,5.7532,ae96353e4185c4df29f561058813a56539a1d1915ad5e51fb755665b54c4943e,4e05a1f68825b4b099f7e1829ec099d122fa2643fdc95357e5a5aff1ca921ff9
ENSG00000151790,TDO2,ENSMFAG00000031955,macaca_fascicularis,Macaca fascicularis,Long-tailed macaque,Primates,39.0,6362.5,4.8206,70908264d2b944920c44792b511c5db910fca789fe1275e42a1840fc2d692b97,8b6b0388437d396bd7ebab531b8fe11c902f16620122d97a7955e7791918a83b
ENSG00000151790,TDO2,ENSMMUG00000022018,macaca_mulatta,Macaca mulatta,Rhesus monkey,Primates,40.0,8235.0,4.6348,7fa81c4f3d26dd450b1d6e17c4222a5c105958aa50eb494914f33c3250d4ddc0,d2eeb779e74607b96036d7b6ceb3f9316ff5c0097b14106fcc7d1ea2cc0eaed0
ENSG00000151790,TDO2,ENSMICG00000013444,microcebus_murinus,Microcebus murinus,Gray mouse lemur,Primates,18.2,64.8,4.141,27103799a3e59665407d0f271f19caf68d00ed26b0b1711871fbd757e2f309ff,1e680a5c12b634c4959e959f82ff0953720920c19664d414de9808444d7780cd
ENSG00000151790,Tdo2,ENSMOCG00000021074,microtus_ochrogaster,Microtus ochrogaster,Prairie vole,Rodentia,5.3,40.0,0.9062,b0585bd4ddd1c3abb48ed3b0386415a77d5e1c398cbff89a5601d0fbc729d34e,ca0401416d18a9ebaa7666cfa87f757ae0242a8cbc3aa2d978f7ce79f1c2e389
ENSG00000151790,TDO2,ENSMMNG00015013022,monodon_monoceros,Monodon monoceros,Narwhal,Cetacea,50.0,1250000.0,5.5041,8d6895b6bec8200d795da61fc52247ff2c7988267ee925c3af3924c4fe976baf,d247de480eb0eae2803afc070a4a948bfc5cae24b0f9318b80b9561fce9d52b6
ENSG00000151790,Tdo2,ENSMUSG00000028011,mus_musculus,Mus musculus,House mouse,Rodentia,4.0,20.5,4.2334,3c1d93dd658def785a6116f0e0e703c728cd59f25684f10f3c4d6377b4065f47,4c8a220b998c4bd26857636319d4cb0088ba8064a3d07e297d4df4c694a7425e
ENSG00000151790,TDO2,ENSMSIG00000009912,mus_spicilegus,Mus spicilegus,Mound-building mouse,Rodentia,3.5,19.9,4.295,0dcb8ee200fe5f31f81f43687082e50b69fbc4d42f7ce9d31a78ef78da6a26c1,1407660450075a87763ef2fc79063464fb9c0caccaa7af6bf1d5a809dff0f7cb
ENSG00000151790,TDO2,ENSMLUG00000012458,myotis_lucifugus,Myotis lucifugus,Little brown bat,Chiroptera,34.0,10.0,3.9875,836dee2a6863ac14a98394490061b3e136fe96f6bac415bc74ae6a45e31ae2f3,972ea3c873517208bfaef0b4d9780457f65549c754925cb544b2135746d31d65
ENSG00000151790,TDO2,ENSNLEG00000006259,nomascus_leucogenys,Nomascus leucogenys,"Northern white-cheeked gibbon, or White-cheeked gibbon",Primates,44.1,6000.0,5.3485,30a63f3391b2c352a3b60463fb942efeddb8ec81075371ba369683b67cc3fdd8,c1778f85407dba9547ff4be6974236c5af89f70b98aa54b5dc78f88ebee1dee8
ENSG00000151790,TDO2,ENSOANG00000015662,ornithorhynchus_anatinus,Ornithorhynchus anatinus,Duck-billed platypus,Monotremata,22.6,1250.0,5.0067,0287d47bdb982f7f9d02c3319f40fc2bcdec6ab004500f399b8d4d8ff993712c,fc9a90244e7d8bc2e0c770d73f6b551e1d7c77a281678cea046380ff2ce9e8e6
ENSG00000151790,TDO2,ENSOCUG00000015453,oryctolagus_cuniculus,Oryctolagus cuniculus,European rabbit,Lagomorpha,13.0,1800.0,4.5729,bb2518ce94e1e10473981041cdef534f60a632aa068a128ea73b76432e55aced,3f413dd01da5c12ebc996c3daf2b7f96f447a5b66fcf4e351a5b42fa065fba69
ENSG00000151790,TDO2,ENSOARG00020087545,ovis_aries,Ovis aries,"Domestic sheep, or Mouflon",Artiodactyla,22.8,80000.0,4.2334,b795e8f51d239064be8a80cafa744ec5afec9464c16b09ab1d72de337adf7b7c,a3d6e456bac05afee6a8a7fbadaa8bbe5d58891fe476ec07686beb7c06943a82
ENSG00000151790,TDO2,ENSPPAG00000021027,pan_paniscus,Pan paniscus,"Pygmy chimpanzee, or Bonobo",Primates,55.0,39925.0,5.6597,2a44f94eb41fc4948de18ac1e2208331f930b85027d52c370dbc94265c5c6ce0,3e588eae0895abcfdc6ea5297bd54849ae1c9515a60a4766fcad7ecb5b4c02dd
ENSG00000151790,TDO2,ENSPTRG00000016544,pan_troglodytes,Pan troglodytes,Chimpanzee,Primates,68.0,44983.5,5.9713,07c6e64111eb8575e226470b72b8be98431fef2c5bf8fbf28ba98781274a3b2d,1ecff992770bfc6d6449bbe3dea33b9528d57d1f752832a1280e4db5478af5cc
ENSG00000151790,TDO2,ENSPLOG00000006696,panthera_leo,Panthera leo,Lion,Carnivora,28.0,175000.0,5.0378,5cb3ac02f63ab47fbc04109c3e3e17b65ce6b288b20d33d95361e73f55d8f1d6,f7868017ef4fe1cea970d0e6ed22bcb64a4fe60f87d226cae6975d3292dfdde1
ENSG00000151790,TDO2,ENSPPRG00000001147,panthera_pardus,Panthera pardus,Leopard,Carnivora,27.3,53750.0,5.5663,a1b359cef77a6e857c684d3f9e6048b50341231bd3f93bb3dfb3c8f35563f4b4,730f09b7b8c824f440fad151d27857b9c2aaccf64eafa3fa1fe5fb573d4d6e61
ENSG00000151790,TDO2,ENSPCIG00000029612,phascolarctos_cinereus,Phascolarctos cinereus,Koala,Diprotodontia,22.1,9300.0,4.0181,f5a6bb76bce970b11523633dfb77cbda7b596fe3c5508a21664e8fb6cb6c1696,56a1db58f055614ce74ccbb52215ed559518dbb793352c32081b704ebf25a8df
ENSG00000151790,TDO2,ENSPCTG00005000472,physeter_catodon,Physeter macrocephalus,Sperm whale,Cetacea,77.0,28500000.0,5.6286,97bb3dfa6e516fd5d29419b9a4a9fa71fb49b9e85a9070551a5b5743020132cd,c8590731c1f973d153f8e746f2a802c29992d6c088031fd38508f86c742a7cd6
ENSG00000151790,Tdo2,ENSRNOG00000011612,rattus_norvegicus,Rattus norvegicus,Norway rat,Rodentia,3.8,300.0,3.758,05654611294f8798dafc7fb431346bb163faf0d4257d63cfc2cc9a24750b4b5f,2d656e1f33c66162074f9c8646e6af77cfe8da4c997cefd7a9e50460afd067f1
ENSG00000151790,TDO2,ENSRFEG00010009230,rhinolophus_ferrumequinum,Rhinolophus ferrumequinum,Greater horseshoe bat,Chiroptera,30.5,22.875,5.0688,62a899f9af3c0ef6944728a3b95d2d0ca411c3734ff55a7ce8f850899409b259,58867ef0286f4b5e99bf6a691498ae5d5ee633be82d3eb5253b67fb83e45516c
ENSG00000151790,TDO2,ENSSHAG00000003061,sarcophilus_harrisii,Sarcophilus harrisii,Tasmanian devil,Dasyuromorphia,13.0,6500.0,2.322,81eaf6acd7caa4bce452ca0ed84ddde5b423a691789fe3898707c00bced89c90,73f50c3fda7e5fcb003c803fff9b6872d375501f27548136aa2c18e9877d140d
ENSG00000151790,TDO2,ENSSVLG00005007702,sciurus_vulgaris,Sciurus vulgaris,Eurasian red squirrel,Rodentia,14.8,600.0,4.6967,b5c782f67739196ed05cddb4a464420245ef01637622f898e0a704b95277b942,49fded0e82b514e8e269745093c3f31d74f43d9d022f2dc0773d975e463321e1
ENSG00000151790,TDO2,ENSSSCG00000008868,sus_scrofa,Sus scrofa,Wild boar,Artiodactyla,27.0,130000.0,4.7276,c9d1306a15c373c310ef514633555bb6418b50e0b0501f6f348508ab9a1871c6,df095ce21276fda520ff2d4ac84d056e357ea30f505eece1703db67a70e9d8df
ENSG00000151790,TDO2,ENSVURG00010012442,vombatus_ursinus,Vombatus ursinus,Coarse-haired wombat,Diprotodontia,30.0,25500.0,5.8466,3eb33cb15024a2fe24cb7e653a720a77d41007565495907862c12209c887cff2,f8d09479768627d24d328d5c7335cecf41fef546d95f35931bbbf76dce29e23a
ENSG00000151790,TDO2,ENSVVUG00000024921,vulpes_vulpes,Vulpes vulpes,Red fox,Carnivora,21.3,4131.7,4.0796,6232c6ed9d7ef3d7bdb0febe9300362ad2ba92fb09170d22e2e3a884a4f25f74,b7d66c9fb18f9bcacbfeacddc7b1c6098ea612d979c3bea3c88644ccb58785d1
ENSG00000154930,ACSS1,ENSBMSG00010012293,balaenoptera_musculus,Balaenoptera musculus,Blue whale,Cetacea,110.0,136000000.0,3.258,40153279136587817627d46976924c73b2e73eb77bfb59d26049c769a5731ee5,195712c13e2ad6f2996d901d7052941558f10e23c127d995dba836754325cb15
ENSG00000154930,ACSS1,ENSBGRG00000008277,bos_grunniens,Bos grunniens,Yak,Artiodactyla,26.3,667000.0,2.1822,1212336b6cfd2cc7a81981a4c07a27e2740a5cdfd137fb82ce6733b9a515f255,1dd5243eafa324fc98ea2b364cef1a0d1143122c39432fe31f72b5262aefe2da
ENSG00000154930,ACSS1,ENSCJAG00000011837,callithrix_jacchus,Callithrix jacchus,White-tufted-ear marmoset,Primates,22.8,255.2,1.7982,baad165b8fcda5fa55539e2ba5383cd1dad9b252f12ce20ee1100f737091aa6b,9fcd991205a6bfbd4ac61abf528d78530f2a57e4d4f9cbad95ccc3e2641d72ff
ENSG00000154930,ACSS1,ENSCHIG00000021744,capra_hircus,Capra hircus,Domestic goat,Artiodactyla,20.8,61000.0,1.7657,393660f18a4deded5dbb8ab3a4e8a6b7dbbac4fa96b473360607b9673a3b4581,1b7e91d4dae258df0e86d8e4480bcc2544424f0cac3c01b42eed33f63ba6ad4f
ENSG00000154930,ACSS1,ENSCPOG00000021704,cavia_porcellus,Cavia porcellus,Guinea pig,Rodentia,12.0,728.0,1.2097,e8d3540d6a7b854c117934841403d05e2af08cfb9677a5866d025874213efbc5,a0131a41299daefab1461ea8831dde9183d5e402c9c30d28bea9e7ab4bdeefd3
ENSG00000154930,ACSS1,ENSCLAG00000012190,chinchilla_lanigera,Chinchilla lanigera,Long-tailed chinchilla,Rodentia,17.2,642.5,2.3079,4fdc5c25f1e6fb70c05ddda4c8093dd8e582e403786163b162985bad90be63ae,76e21851b0fef8f00c75aa45a57fcc42b8a2b3a23a42d942661736a0d26a2fc0
ENSG00000154930,ACSS1,ENSDNOG00000011785,dasypus_novemcinctus,Dasypus novemcinctus,Nine-banded armadillo,Cingulata,22.3,5500.0,2.8267,7be244766c781f8b3044fee7192e508261996977a5d26e050b139151209284d8,bcd9352cfec568a12c7f5dc60831a2fb3fd85b6c75018c3326ec8ffd13176ee0
ENSG00000154930,ACSS1,ENSDLEG00000004910,delphinapterus_leucas,Delphinapterus leucas,Beluga,Cetacea,40.0,1430000.0,3.6057,206ef5f1d077a765fd2662b9c09ff7a257cbebde10995a0c3a9daf10a25dc328,aec664140af24779a01dd410cc1222af07317178432aa4de61c3fdaa98aeb9d9
ENSG00000154930,ACSS1,ENSG00000154930,homo_sapiens,Homo sapiens,Human,Primates,122.5,62035.0,2.9447,883dc4df4fa20e8bbcef17b899dbecd2c3668bd1f7223847bc35fe67a143e3f3,97b67e22633417c5c718b782e9225214040b8abe54591cd7bb105ac39cc93aa1
ENSG00000154930,ACSS1,ENSSTOG00000005944,ictidomys_tridecemlineatus,Ictidomys tridecemlineatus,Thirteen-lined ground squirrel,Rodentia,7.9,172.7,1.3944,cc5c4484a02db07407758a0d77d0424d8fc5843c02180ca7c51baeac64f207d4,85db37fcb1525767920c6d9c57f3ecaf38c97a30c2fb59acf5dd645c14dbc77e
ENSG00000154930,ACSS1,ENSMFAG00000003063,macaca_fascicularis,Macaca fascicularis,Long-tailed macaque,Primates,39.0,6362.5,3.8496,e57893b6433579932f815ae8f944dc00b812d171fe041e4b2b084c6eb6449b61,a97d87dab837df955b130f5ebf75f4780906da5da3a05c4a893e20113beb61b3
ENSG00000154930,ACSS1,ENSMMUG00000020597,macaca_mulatta,Macaca mulatta,Rhesus monkey,Primates,40.0,8235.0,3.5298,7f0936f7d5454256c253d6b45d68078c4ca1ceb29edd662c296ebc36ac5975c6,b63688facae1507d8c780ab3ded12d2e3b1f08ce7492474dbf05d66960794503
ENSG00000154930,ACSS1,ENSMNEG00000042557,macaca_nemestrina,Macaca nemestrina,"Southern pig-tailed macaque, or Pigtail macaque",Primates,37.6,7912.5,3.5905,a53c1f65468931bd1c8e64c78b8ab056383b8d6314d8f68e33c46f01025dc2bf,2f3be1f5774b7be9702002df54199feaf19c1b2cb6875863a758cfa754885b4c
ENSG00000154930,ACSS1,ENSMODG00000006345,monodelphis_domestica,Monodelphis domestica,Gray short-tailed opossum,Didelphimorphia,5.1,105.0,0.9333,485deb80eb4c52d7a0ce9eb173b02977587958ff2fe4ad68b90ff9643d32fb29,1bf6a8d9ec989889631ab5d475a06e46dc9a4d07649b43d6e98ff7ca8f3e46b5
ENSG00000154930,ACSS1,ENSMMNG00015013713,monodon_monoceros,Monodon monoceros,Narwhal,Cetacea,50.0,1250000.0,3.0933,0e761da1627247b41ef143d40bb1846d9d79c16c1b201913b2c7b9ad983d294b,f4f5895b201b4a55650bd3a1bc17ae0235822d4a6bd6d059a9f4018b748251fc
ENSG00000154930,Acss1,ENSMUSG00000027452,mus_musculus,Mus musculus,House mouse,Rodentia,4.0,20.5,0.7633,d0b14cd2ddd029c728ea95b96860f77e54d38ad503078e3334077ff68c6bc240,9d63c2e7747549d991cbb06d6be4766c7c7356da58c91a3743e2b4c7928661e0
ENSG00000154930,Acss1,ENSODEG00000010733,octodon_degus,Octodon degus,Degu,Rodentia,14.0,235.0,1.7593,21aad4caeec2e6990d3dd58a5ead59fceaeb74a8514bc0bd9acc65e061b06c0f,ddb55dc1bcc5898678299655a3a3d37e8e35cf0b52294ea1b0df2ac6b59035a8
ENSG00000154930,ACSS1,ENSOANG00000003805,ornithorhynchus_anatinus,Ornithorhynchus anatinus,Duck-billed platypus,Monotremata,22.6,1250.0,3.3634,32e633474fede15d3d913721aa51cba32653556ae627c0f2146bb5d92852563f,c9910f7f0017bea508240cd6783083bcb69bead414362049785573ba3e92836d
ENSG00000154930,ACSS1,ENSOGAG00000008498,otolemur_garnettii,Otolemur garnettii,Small-eared galago,Primates,20.0,1300.0,3.4843,219ec4532f0e7ae47ddf05781feafa9e1b05abb54bd7348cae0675299f3c8ccb,f196c96ee32bae4bb5177df7c658a764a02fe44a4b9c8a45da2f70cfc69f3525
ENSG00000154930,ACSS1,ENSOARG00020057812,ovis_aries,Ovis aries,"Domestic sheep, or Mouflon",Artiodactyla,22.8,80000.0,1.5508,47fc216c5b84335de7f945bb3d5a2de6eccae285b008dc6d72262314e4f6b732,c721f7ca0399f98d55b5c81c2eae44498d8ce1b709de00176d8d88f2206cde2e
ENSG00000154930,ACSS1,ENSPTRG00000013336,pan_troglodytes,Pan troglodytes,Chimpanzee,Primates,68.0,44983.5,2.7533,59b9a3494c1037a6c3a87ec0e69f9ca4b36b1cbdeb623aa3e3b458ee5c03a3be,4eefaccc4aa0b343622d176e2a620dd787cebd1051f0ce9c7b181031246ed854
ENSG00000154930,ACSS1,ENSPLOG00000000456,panthera_leo,Panthera leo,Lion,Carnivora,28.0,175000.0,2.812,5fe9aff7d1c95df9b1a5886e1a53a1ffb3bffa91b41b010e0ee2b4ef9814aaec,c4190d265a05c8ca1e4f458eaad8586b14c0213eb2f350f36656d3c01ed74777
ENSG00000154930,ACSS1,ENSPCIG00000025166,phascolarctos_cinereus,Phascolarctos cinereus,Koala,Diprotodontia,22.1,9300.0,1.8837,6de42ae9c5a2dfd104b68616b00d9baf995b36cffc612b1e2058b6df75fadc62,e5e9b9d2df75650f7b72d1b5aa0c12441f128c5aeebce3bcc066104d7d17bb0b
ENSG00000154930,Acss1,ENSRNOG00000007102,rattus_norvegicus,Rattus norvegicus,Norway rat,Rodentia,3.8,300.0,1.036,1e1493b09a61cae3fa9b5889e16cd57fd57037167fdb1d4a91f58432f5634664,3e9cd1e5b71de9fee478e8c389f40f7d14809d87197722dfdc004322740e4f54
ENSG00000154930,ACSS1,ENSRFEG00010012326,rhinolophus_ferrumequinum,Rhinolophus ferrumequinum,Greater horseshoe bat,Chiroptera,30.5,22.875,1.557,aa27a944dc49849696b4778b15f9ccf2da98f96f5b98838e3fb6bf45a90ae145,fe5156a0807b01a0259a96065cd2d3a5c15e03bea04a75c64e122e586abda79e
ENSG00000154930,ACSS1,ENSRROG00000043161,rhinopithecus_roxellana,Rhinopithecus roxellana,Golden snub-nosed monkey,Primates,29.5,14750.0,2.6949,be28d305df4467b527e651a9346fbb06ecb0370ba2db7316fe3ca13aba3f509b,f19a42089755555e5ba0947ce1476e0741e19c1d73361078760c15be3815409c
ENSG00000154930,ACSS1,ENSSHAG00000004290,sarcophilus_harrisii,Sarcophilus harrisii,Tasmanian devil,Dasyuromorphia,13.0,6500.0,0.5674,a6b92270837699e186316f2446ff38a3875fc0a8de3cb1cff261c2de1b0fac9d,8eea2dd8526fae819c3961741a09bab380b4bc3af7b428d49091e2073cecd31a
ENSG00000154930,ACSS1,ENSSVLG00005012262,sciurus_vulgaris,Sciurus vulgaris,Eurasian red squirrel,Rodentia,14.8,600.0,1.6004,72d59e990062ce2655054122ebfc59a35154f3ea8847d12366ef1f8bf22d9f94,d12474cca6d539ca1e70bb9ca92b95f62aad27782b5390a8f2d1e16074e64b8c
ENSG00000154930,ACSS1,ENSSSCG00000007133,sus_scrofa,Sus scrofa,Wild boar,Artiodactyla,27.0,130000.0,2.7387,2ab37f4d1b436bf5063cc577a1d5c85eeb07fa6bf22e41586c8a455690f9851e,6321222d072440be1386ac0bb6ef57e8f08011405ff076f13f52a9133d4c9449
ENSG00000154930,ACSS1,ENSVURG00010016164,vombatus_ursinus,Vombatus ursinus,Coarse-haired wombat,Diprotodontia,30.0,25500.0,1.7335,c31aa5363970abf5340b8c70429c71eea9f0f8e3d8e052a661138362105ff10a,1c187a87cce5528f14cf1dea3f9c51869f59d03db9deed4feff28b397ee6ddf2
